missionsfile version 1
 50
mst_town_default town_default 0  -1
Default_town_visit 

32 0 4100 256 0 1 4  159 158 25 541 
1 4100 256 0 1 0  
2 4100 256 0 1 0  
3 4100 256 0 1 0  
4 4100 256 0 1 0  
5 4100 256 0 1 0  
6 4100 256 0 1 0  
7 4100 256 0 1 0  
8 4 256 0 1 0  
9 4 256 0 1 0  
10 4 256 0 1 0  
11 4 256 0 1 0  
12 4 256 0 1 0  
13 4 0 0 1 0  
14 4 0 0 1 0  
15 4 0 0 1 0  
16 16 256 0 1 0  
17 16 256 0 1 0  
18 16 256 0 1 0  
19 16 256 0 1 0  
20 16 256 0 1 0  
21 16 256 0 1 0  
22 16 256 0 1 0  
23 16 256 0 1 0  
24 16 256 0 1 0  
25 16 256 0 1 0  
26 16 256 0 1 0  
27 16 256 0 1 0  
28 16 256 0 1 0  
29 16 256 0 1 0  
30 16 256 0 1 0  
31 16 256 0 1 0  
11
1.000000 0.000000 100000000.000000  0  12 2211 1 1224979098644774912 503 3 1224979098644774912 0 1 4 0 31 2 144115188075856142 1 1 2 936748722493063651 16384 5 0 31 2 144115188075855893 14 1 2 936748722493063651 512 5 0 1 2 936748722493063651 8192 3 0 2147483678 2 -1 0 
-19.000000 0.000000 0.000000  0  3 1 1 936748722493063507 1 1 936748722493063726 2147483678 2 -1 1 
-22.000000 0.000000 0.000000  1 2075 1 1  1 2147483678 2 -1 2 
1.000000 0.000000 0.000000  5 32 2 144115188075856025 0 1780 2 0 0 1710 2 1 144115188075856025 710 3 1224979098644774912 0 1 2147483680 2 1224979098644774912 150  3 1749 1 144115188075856025 2133 2 144115188075856025 0 2147483678 2 -1 3 
-21.000000 0.000000 0.000000  4 4 0 31 2 144115188075856022 0 2075 1 1 3 0  1 2147483678 2 -1 4 
2.000000 0.000000 0.000000  5 2147483690 0 31 2 144115188075855893 14 2147484188 3 360287970189640524 12 144115188075855894 540 3 360287970189640523 12 144115188075855894 31 2 144115188075856024 0  33 4 0 31 2 144115188075856212 0 2133 2 144115188075856212 1 12 1 1224979098644774912 1718 2 1224979098644774913 1224979098644774912 31 2 1224979098644774913 360287970189640523 2133 2 144115188075856213 1224979098644774912 3 0 5 0 31 2 144115188075856212 1 1712 1 144115188075856213 1702 1 144115188075856213 1700 1 1224979098644774914 1710 2 0 1224979098644774914 1710 2 1 144115188075856213 710 3 1224979098644774915 0 1 728 2 1224979098644774916 0 728 2 1224979098644774917 1 2121 3 1224979098644774918 1224979098644774917 1224979098644774916 4 0 2147483680 2 1224979098644774918 0 2107 2 1224979098644774918 -1 3 0 2122 3 1224979098644774919 1224979098644774918 3 2105 2 1224979098644774915 1224979098644774919 2136 3 1224979098644774920 0 200 2120 3 1224979098644774921 400 1224979098644774920 2147483680 2 1224979098644774915 1224979098644774921 1 1 936748722493063699 1920 1 360287970189640523 2133 2 144115188075856212 2 3 0 2147483678 2 -1 5 
2.000000 0.000000 0.000000  3 2147483690 0 31 2 144115188075855893 14 540 3 360287970189640524 12 144115188075855894  32 4 0 31 2 144115188075856214 0 2133 2 144115188075856214 1 12 1 1224979098644774912 1718 2 1224979098644774913 1224979098644774912 31 2 1224979098644774913 360287970189640524 2133 2 144115188075856215 1224979098644774912 3 0 5 0 31 2 144115188075856214 1 1712 1 144115188075856215 1702 1 144115188075856215 1700 1 1224979098644774914 1710 2 0 1224979098644774914 1710 2 1 144115188075856215 710 3 1224979098644774915 0 1 728 2 1224979098644774916 0 728 2 1224979098644774917 1 2121 3 1224979098644774918 1224979098644774917 1224979098644774916 4 0 2147483680 2 1224979098644774918 0 2107 2 1224979098644774918 -1 3 0 2122 3 1224979098644774919 1224979098644774918 3 2105 2 1224979098644774915 1224979098644774919 2136 3 1224979098644774920 0 200 2120 3 1224979098644774921 400 1224979098644774920 2147483680 2 1224979098644774915 1224979098644774921 1 1 936748722493063699 2133 2 144115188075856214 2 3 0 2147483678 2 -1 6 
3.000000 0.000000 100000000.000000  5 2147483690 0 31 2 144115188075855893 14 32 2 144115188075856022 0 3221227174 1 144115188075856022 1703 1 144115188075856022  9 1935 0 12 1 1224979098644774912 1702 1 1224979098644774912 1710 2 4 1224979098644774912 1730 2 1224979098644774912 4 3 0 521 3 1224979098644774913 144115188075855894 20 1920 1 1224979098644774913 2147483678 2 -1 7 
3.000000 0.000000 100000000.000000  4 2147483690 0 31 2 144115188075855893 14 32 2 144115188075856022 0 1006 0  3 2060 1 864691128455135446 1907 1 0 2147483678 2 -1 8 
1.000000 0.000000 0.000000  13 2147483690 0 31 2 144115188075855893 14 32 2 144115188075856022 0 1700 1 1224979098644774912 1702 1 1224979098644774912 1726 3 1224979098644774913 1224979098644774912 0 33 3 1224979098644774913 288230376151712275 288230376151712305 2147483679 2 1224979098644774913 288230376151712278 2147483679 2 1224979098644774913 288230376151712280 2147483679 2 1224979098644774913 288230376151712282 2147483679 2 1224979098644774913 288230376151712287 2147483679 2 1224979098644774913 288230376151712289 2147483679 2 1224979098644774913 288230376151712291  3 521 3 1224979098644774912 144115188075855894 20 1920 1 1224979098644774912 2147483678 2 -1 9 
1.000000 0.000000 0.000000  1 32 2 144115188075856022 0  4 1726 3 1224979098644774912 144115188075856022 0 2111 2 144115188075856023 1224979098644774912 1 1 936748722493063703 2147483678 2 -1 10 


mst_conversation_encounter conversation_encounter 0  -1
Conversation_encounter 

32 0 16 512 0 1 0  
1 16 512 0 1 0  
2 16 512 0 1 0  
3 16 512 0 1 0  
4 16 512 0 1 0  
5 16 512 0 1 0  
6 16 512 0 1 0  
7 16 512 0 1 0  
8 16 512 0 1 0  
9 16 512 0 1 0  
10 16 512 0 1 0  
11 16 512 0 1 0  
12 16 512 0 1 0  
13 16 512 0 1 0  
14 16 512 0 1 0  
15 16 512 0 1 0  
16 16 512 0 1 0  
17 16 512 0 1 0  
18 16 512 0 1 0  
19 16 512 0 1 0  
20 16 512 0 1 0  
21 16 512 0 1 0  
22 16 512 0 1 0  
23 16 512 0 1 0  
24 16 512 0 1 0  
25 16 512 0 1 0  
26 16 512 0 1 0  
27 16 512 0 1 0  
28 16 512 0 1 0  
29 16 512 0 1 0  
30 16 512 0 1 0  
31 16 512 0 1 0  
0


mst_town_center town_center 0  -1
Default_town_visit 

48 0 4100 256 0 1 4  159 158 25 541 
1 4100 0 0 1 0  
2 4100 256 0 1 4  159 158 25 541 
3 4100 256 0 1 4  159 158 25 541 
4 4100 256 0 1 4  159 158 25 541 
5 4100 256 0 1 4  159 158 25 541 
6 4100 256 0 1 4  159 158 25 541 
7 4100 256 0 1 4  159 158 25 541 
8 16 256 0 1 0  
9 16 256 0 1 0  
10 16 256 0 1 0  
11 16 256 0 1 0  
12 16 256 0 1 0  
13 16 0 0 1 0  
14 4 0 0 1 0  
15 4 0 0 1 0  
16 16 256 0 1 0  
17 16 256 0 1 0  
18 16 256 0 1 0  
19 16 256 0 1 0  
20 16 256 0 1 0  
21 16 256 0 1 0  
22 16 256 0 1 0  
23 16 256 0 1 0  
24 16 256 0 1 0  
25 16 256 0 1 0  
26 16 256 0 1 0  
27 16 256 0 1 0  
28 16 256 0 1 0  
29 16 256 0 1 0  
30 16 256 0 1 0  
31 16 256 0 1 0  
32 16 256 0 1 0  
33 16 256 0 1 0  
34 16 256 0 1 0  
35 16 256 0 1 0  
36 16 256 0 1 0  
37 16 256 0 1 0  
38 16 256 0 1 0  
39 16 256 0 1 0  
40 8208 256 16 1 0  
41 8208 256 16 1 0  
42 8208 256 16 1 0  
43 8208 256 16 1 0  
44 8208 256 16 1 0  
45 8208 256 16 1 0  
46 8208 256 16 1 0  
47 8208 256 16 1 0  
15
-25.000000 0.000000 0.000000  0  17 2071 1 1224979098644774912 1 2 936748722493063517 1224979098644774912 4 0 1073741855 2 144115188075855893 19 31 2 144115188075855893 18 1718 2 1224979098644774913 1224979098644774912 540 3 1224979098644774913 161 1 1771 2 1224979098644774912 0 1753 2 1224979098644774912 5 500 3 1224979098644774913 161 0 4 0 540 3 1224979098644774913 149 3 1710 2 1 1224979098644774912 1730 2 1224979098644774912 1 3 0 3 0 2147483678 2 -1 0 
-19.000000 0.000000 0.000000  0  2 2133 2 144115188075856022 0 2147483678 2 -1 1 
1.000000 0.000000 100000000.000000  0  13 4 0 31 2 144115188075856193 0 2211 1 1224979098644774912 503 3 1224979098644774912 0 1 3 0 1 1 936748722493063518 4 0 31 2 144115188075856142 1 1 2 936748722493063651 16384 5 0 1 2 936748722493063651 8192 3 0 2147483678 2 -1 2 
-19.000000 0.000000 0.000000  0  2 1 1 936748722493063507 2147483678 2 -1 3 
-22.000000 0.000000 0.000000  9 4 0 31 2 144115188075856193 0 2075 1 1 5 0 31 2 144115188075856193 1 1106 1 216172782113783921 5 0 1106 1 216172782113783919 3 0  1 2147483678 2 -1 4 
-21.000000 0.000000 0.000000  12 4 0 1073741855 2 144115188075855893 19 31 2 144115188075855893 18 1106 1 216172782113787002 5 0 1073741855 2 144115188075856193 0 31 2 144115188075856193 1 1935 0 2075 1 1 5 0 1106 1 216172782113787002 3 0  1 2147483678 2 -1 5 
-30.000000 0.000000 0.000000  4 4 0 31 2 144115188075856216 0 2133 2 144115188075856110 1 3 0  7 4 0 31 2 144115188075855893 19 1 1 936748722493063712 2060 1 864691128455135372 3 0 1935 0 2147483678 2 -1 6 
0.000000 0.000000 100000000.000000  0  7 541 3 144115188075855982 0 3 1 2 936748722493063523 0 4 0 31 2 144115188075856217 0 600 2 1152921504606847147 2 3 0 2147483678 2 -1 7 
3.000000 0.000000 0.000000  1 1 1 936748722493063521  1 2147483678 2 -1 8 
2.000000 0.000000 0.000000  1 1 1 936748722493063511  1 2147483678 2 -1 9 
1.000000 0.000000 0.000000  2 1073741855 2 144115188075855893 18 31 2 144115188075855893 19  3 1 1 936748722493063703 1936 0 2147483678 2 -1 10 
1.000000 0.000000 100000000.000000  1 31 2 144115188075855893 19  17 1700 1 1224979098644774912 2133 2 72057594037927942 1224979098644774912 1 1 936748722493063701 1700 1 1224979098644774912 1710 2 4 1224979098644774912 6 3 1224979098644774913 360287970189639874 360287970189640143 560 3 1224979098644774913 149 2 2322 2 4 1224979098644774913 1106 1 216172782113786401 2211 1 1224979098644774914 1261 1 1224979098644774914 2211 1 1224979098644774914 1261 1 1224979098644774914 1265 5 24 1224979098644774913 1 0 0 500 3 1224979098644774913 161 1 3 0 2147483678 2 -1 11 
3.000000 0.000000 0.000000  1 1006 1 0  15 4 0 1073741855 2 144115188075855893 18 31 2 144115188075855893 19 1 1 936748722493063712 2060 1 864691128455135389 2133 2 1224979098644774912 360287970189640143 6 3 1224979098644774913 360287970189639874 1224979098644774912 500 3 1224979098644774913 149 0 3 0 1935 0 1907 1 0 5 0 2075 1 1 3 0 2147483678 2 -1 12 
3.000000 0.000000 0.000000  5 31 2 144115188075855893 19 2147484654 1 0 2370 1 1224979098644774912 30 2 1224979098644774912 10 1003 0  15 1 1 936748722493063712 12 1 1224979098644774912 1718 2 1224979098644774913 1224979098644774912 560 3 1224979098644774913 149 2 4 0 1702 1 1224979098644774912 500 3 1224979098644774913 149 4 5 0 500 3 1224979098644774913 149 5 3 0 3 0 2060 1 864691128455135373 1935 0 1907 1 0 2147483678 2 -1 13 
-26.000000 0.000000 0.000000  0  15 2071 1 1224979098644774912 2072 1 1224979098644774913 1718 2 1224979098644774914 1224979098644774912 1718 2 1224979098644774915 1224979098644774913 4 0 1073741855 2 1224979098644774914 360287970189639727 1073741855 2 1224979098644774914 360287970189639741 1073741855 2 1224979098644774914 360287970189639751 1073741855 2 1224979098644774914 360287970189639764 1073741855 2 1224979098644774914 360287970189639777 31 2 1224979098644774914 360287970189639791 31 2 1224979098644774915 360287970189639680 1106 1 1585267068834414747 3 0 2147483678 2 -1 14 


mst_village_center village_center 0  -1
village_center 

48 0 4100 0 0 1 0  
1 4100 0 0 1 0  
2 4100 256 0 1 0  
3 4100 256 0 1 0  
4 4100 256 0 1 0  
5 4100 256 0 1 0  
6 4100 256 0 1 0  
7 4100 256 0 1 0  
8 16 256 0 1 0  
9 16 256 0 1 0  
10 16 256 0 1 0  
11 16 256 0 1 0  
12 16 256 0 1 0  
13 16 0 0 1 0  
14 16 0 0 1 0  
15 16 0 0 1 0  
16 16 256 0 1 0  
17 16 256 0 1 0  
18 16 256 0 1 0  
19 16 256 0 1 0  
20 16 256 0 1 0  
21 16 256 0 1 0  
22 16 256 0 1 0  
23 16 256 0 1 0  
24 16 256 0 1 0  
25 16 256 0 1 0  
26 16 256 0 1 0  
27 16 256 0 1 0  
28 16 256 0 1 0  
29 16 256 0 1 0  
30 16 256 0 1 0  
31 16 256 0 1 0  
32 16 256 0 1 0  
33 16 256 0 1 0  
34 16 256 0 1 0  
35 16 256 0 1 0  
36 16 256 0 1 0  
37 16 256 0 1 0  
38 16 256 0 1 0  
39 16 256 0 1 0  
40 16 256 0 1 0  
41 16 256 0 1 0  
42 16 256 0 1 0  
43 16 256 0 1 0  
44 16 256 0 1 0  
45 16 256 0 1 0  
46 16 256 0 1 0  
47 16 256 0 1 0  
8
1.000000 0.000000 100000000.000000  0  5 2211 1 1224979098644774912 503 3 1224979098644774912 0 1 1 1 936748722493063518 1 2 936748722493063651 65536 2147483678 2 -1 0 
-19.000000 0.000000 0.000000  0  2 1 1 936748722493063507 2147483678 2 -1 1 
-22.000000 0.000000 0.000000  1 2075 1 1  1 2147483678 2 -1 2 
-21.000000 0.000000 0.000000  13 4 0 200 1 504403158265495558 2147483850 1 504403158265495558 2147483851 1 504403158265495558 546 3 504403158265495558 11 1 4 0 1 2 936748722493063593 360287970189640522 1 2 936748722493063553 504403158265495558 5 0 1 2 936748722493063552 504403158265495558 3 0 3 0 2075 1 1  1 2147483678 2 -1 3 
-30.000000 0.000000 0.000000  3 4 0 2133 2 144115188075856110 1 3 0  1 2147483678 2 -1 4 
3.000000 0.000000 0.000000  1 1 1 936748722493063521  1 2147483678 2 -1 5 
2.000000 0.000000 0.000000  1 1 1 936748722493063511  1 2147483678 2 -1 6 
1.000000 0.000000 100000000.000000  12 200 1 504403158265495558 2147483850 1 504403158265495558 2147483851 1 504403158265495558 546 3 504403158265495558 11 1 2133 2 1224979098644774912 0 4 0 1 2 936748722493063593 360287970189640522 5 0 2133 2 1224979098644774912 1 3 0 1073742830 0 31 2 1224979098644774912 1  10 4 0 1006 0 2060 1 864691128455135323 1 2 936748722493063553 504403158265495558 1907 1 4 5 0 1 3 936748722493063440 144115188075855982 -2 1 2 936748722493063552 504403158265495558 3 0 2147483678 2 -1 7 


mst_bandits_at_night bandits_at_night 0  -1
Default_town_visit 

48 0 4100 256 16 1 4  159 158 25 541 
1 4100 0 0 1 0  
2 4100 256 0 1 0  
3 4100 256 0 1 0  
4 4112 256 16 1 0  
5 4100 256 0 1 0  
6 4100 256 0 1 0  
7 4100 256 0 1 0  
8 4 256 0 1 0  
9 16 256 0 1 0  
10 16 256 0 1 0  
11 16 256 16 1 0  
12 16 256 0 1 0  
13 4 0 0 1 0  
14 4 0 0 1 0  
15 4 0 0 1 0  
16 16 256 0 1 0  
17 16 256 0 1 0  
18 16 256 0 1 0  
19 16 256 0 1 0  
20 16 256 0 1 0  
21 16 256 0 1 0  
22 16 256 0 1 0  
23 16 256 0 1 0  
24 16 256 0 1 0  
25 16 256 0 1 0  
26 16 256 0 1 0  
27 16 256 16 1 0  
28 16 256 16 1 0  
29 16 256 0 1 0  
30 16 256 0 1 0  
31 16 256 0 1 0  
32 16 256 0 1 0  
33 16 256 0 1 0  
34 16 256 0 1 0  
35 16 256 0 1 0  
36 16 256 0 1 0  
37 16 256 0 1 0  
38 16 256 0 1 0  
39 16 256 0 1 0  
40 8208 256 16 1 0  
41 8208 256 16 1 0  
42 8208 256 16 1 0  
43 8208 256 16 1 0  
44 8208 256 16 1 0  
45 8208 256 16 1 0  
46 8208 256 16 1 0  
47 8208 256 16 1 0  
7
-25.000000 0.000000 0.000000  0  5 2071 1 1224979098644774912 1718 2 1224979098644774913 1224979098644774912 2147483679 2 1224979098644774913 360287970189639680 1771 2 1224979098644774912 1 2147483678 2 -1 0 
-19.000000 0.000000 0.000000  0  2 1 1 936748722493063507 2147483678 2 -1 1 
-22.000000 0.000000 0.000000  1 1106 1 216172782113783919  1 2147483678 2 -1 2 
-21.000000 0.000000 0.000000  1 1106 1 216172782113787002  1 2147483678 2 -1 3 
-30.000000 0.000000 0.000000  4 4 0 31 2 144115188075856216 0 2133 2 144115188075856110 1 3 0  1 2147483678 2 -1 4 
0.000000 0.000000 100000000.000000  0  5 1 2 936748722493063651 4096 1020 0 541 3 144115188075855982 0 3 1 2 936748722493063523 0 2147483678 2 -1 5 
1.000000 4.000000 100000000.000000  4 2370 1 1224979098644774912 30 2 1224979098644774912 5 1073742830 0 1005 1 1  8 4 0 1006 0 2060 1 864691128455135328 5 0 2060 1 864691128455135329 3 0 1907 0 2147483678 2 -1 6 


mst_village_training village_training 1  -1
village_training 

2 2 4112 511 16 1 2  25 40 
4 8208 511 16 1 2  25 40 
5
-19.000000 0.000000 0.000000  0  3 2133 2 144115188075856218 0 1 1 936748722493063507 2147483678 2 -1 0 
-21.000000 0.000000 0.000000  0  2 1121 1 216172782113783945 2147483678 2 -1 1 
-8.000000 0.000000 0.000000  0  4 2071 1 1224979098644774912 31 2 1224979098644774912 0 1907 0 2147483678 2 -1 2 
-22.000000 0.000000 0.000000  1 1106 1 216172782113783919  1 2147483678 2 -1 3 
1.000000 4.000000 100000000.000000  2 1073742830 0 1005 1 1  6 4 0 2147484654 0 2133 2 144115188075856218 1 3 0 1907 0 2147483678 2 -1 4 


mst_visit_town_castle visit_town_castle 0  -1
You_enter_the_halls_of_the_lord. 

32 0 4100 287 0 1 0  
1 4100 256 0 1 0  
2 4100 256 0 1 0  
3 4100 256 0 1 0  
4 4100 256 0 1 0  
5 4112 256 0 1 0  
6 4112 256 0 1 0  
7 4112 256 0 1 0  
8 16 256 0 1 0  
9 16 256 0 1 0  
10 4 256 0 1 0  
11 4 256 0 1 0  
12 16 256 0 1 0  
13 16 0 0 1 0  
14 16 0 0 1 0  
15 16 0 0 1 0  
16 16 268435727 0 1 0  
17 16 268435727 0 1 0  
18 16 268435727 0 1 0  
19 16 268435727 0 1 0  
20 16 268435727 0 1 0  
21 16 268435727 0 1 0  
22 16 268435727 0 1 0  
23 16 268435727 0 1 0  
24 16 268435727 0 1 0  
25 16 268435727 0 1 0  
26 16 268435727 0 1 0  
27 16 268435727 0 1 0  
28 16 268435727 0 1 0  
29 16 268435727 0 1 0  
30 16 268435727 0 1 0  
31 16 268435727 0 1 0  
6
-25.000000 0.000000 0.000000  0  3 2071 1 1224979098644774912 1 2 936748722493063517 1224979098644774912 2147483678 2 -1 0 
-19.000000 0.000000 0.000000  0  2 1 1 936748722493063507 2147483678 2 -1 1 
-22.000000 0.000000 0.000000  1 2075 1 1  1 2147483678 2 -1 2 
-21.000000 0.000000 0.000000  2 2147483679 2 144115188075855893 18 2075 1 1  1 2147483678 2 -1 3 
-30.000000 0.000000 0.000000  1 31 2 144115188075855893 18  3 1106 1 216172782113786403 1911 1 792633534417207317 2147483678 2 -1 4 
0.000000 0.000000 100000000.000000  0  12 4 0 31 2 144115188075855893 1 4 0 2204 2 1224979098644774912 144115188075855982 542 3 1224979098644774912 4 6 542 3 1224979098644774912 5 144115188075855982 1 2 936748722493063651 16777216 3 0 5 0 1 2 936748722493063651 0 3 0 2147483678 2 -1 5 


mst_back_alley_kill_local_merchant back_alley_kill_local_merchant 2  -1
You_enter_the_back_alley 

2 0 4112 256 16 1 0  
3 8208 256 16 1 0  
6
-22.000000 0.000000 0.000000  1 1106 1 216172782113783919  1 2147483678 2 -1 0 
-21.000000 0.000000 0.000000  1 1106 1 216172782113787002  1 2147483678 2 -1 1 
-19.000000 0.000000 0.000000  0  2 1 1 936748722493063507 2147483678 2 -1 2 
0.000000 0.000000 100000000.000000  0  2 1 2 936748722493063651 4096 2147483678 2 -1 3 
0.000000 0.000000 100000000.000000  26 2370 1 1224979098644774912 30 2 1224979098644774912 1 2133 2 1224979098644774913 0 2133 2 1224979098644774914 0 2133 2 1224979098644774913 0 2133 2 1224979098644774915 -1 2133 2 1224979098644774916 -1 12 1 1224979098644774917 1718 2 1224979098644774918 1224979098644774917 4 0 31 2 1224979098644774918 360287970189640519 1720 2 1224979098644774913 1224979098644774917 2133 2 1224979098644774915 1224979098644774917 5 0 31 2 1224979098644774918 360287970189639680 1720 2 1224979098644774914 1224979098644774917 2133 2 1224979098644774916 1224979098644774917 3 0 3 0 30 2 1224979098644774916 0 30 2 1224979098644774915 0 1702 1 1224979098644774916 1702 1 1224979098644774915 33 3 1224979098644774913 1 30 32 2 1224979098644774914 50 1920 1 360287970189640519  1 2147483678 2 -1 4 
1.000000 4.000000 100000000.000000  8 2133 2 1224979098644774912 0 4 0 1 2 936748722493063593 360287970189640519 5 0 2133 2 1224979098644774912 1 3 0 1073742830 0 31 2 1224979098644774912 1  9 4 0 1006 0 1 2 936748722493063553 504403158265495559 5 0 1 3 936748722493063440 144115188075855982 -4 1 2 936748722493063552 504403158265495559 3 0 1907 0 2147483678 2 -1 5 


mst_back_alley_revolt back_alley_revolt 2  8
You_lead_your_men_to_battle. 

2 0 33558528 287 16 4 1  475 
3 8208 256 16 1 0  
8
-22.000000 0.000000 0.000000  1 1106 1 216172782113783919  1 2147483678 2 -1 0 
-25.000000 0.000000 0.000000  0  4 2071 1 1224979098644774912 1718 2 1224979098644774913 1224979098644774912 1 4 936748722493063580 1729382256910270468 1224979098644774912 1224979098644774913 2147483678 2 -1 1 
-21.000000 0.000000 0.000000  0  2 1121 1 216172782113783944 2147483678 2 -1 2 
-8.000000 0.000000 0.000000  0  5 2071 1 1224979098644774912 31 2 1224979098644774912 0 2060 1 864691128455135354 1907 0 2147483678 2 -1 3 
-21.000000 0.000000 0.000000  1 1106 1 216172782113787002  1 2147483678 2 -1 4 
-19.000000 0.000000 0.000000  0  2 1 1 936748722493063507 2147483678 2 -1 5 
0.000000 0.000000 100000000.000000  0  2 1 2 936748722493063651 1024 2147483678 2 -1 6 
1.000000 4.000000 100000000.000000  2 1073742830 0 1005 1 1  8 4 0 1006 0 2060 1 864691128455135354 5 0 2060 1 864691128455135353 3 0 1907 0 2147483678 2 -1 7 


mst_lead_charge lead_charge 65538  8
You_lead_your_men_to_battle. 

4 1 4160 0 16 12 0  
0 4160 0 16 0 0  
4 8320 0 16 12 0  
4 8320 0 16 0 0  
21
-25.000000 0.000000 0.000000  0  16 2071 1 1224979098644774912 1 2 936748722493063549 1224979098644774912 2133 2 1224979098644774913 5000 1718 2 1224979098644774914 1224979098644774912 2171 2 1224979098644774915 1224979098644774914 2107 2 1224979098644774915 35 2105 2 1224979098644774913 1224979098644774915 2136 3 1224979098644774916 0 3000 2105 2 1224979098644774913 1224979098644774916 1716 2 1224979098644774917 1224979098644774912 1671 2 1224979098644774918 1224979098644774917 2121 3 1224979098644774919 1224979098644774918 70 2107 2 1224979098644774919 30 2105 2 1224979098644774913 1224979098644774919 505 3 1224979098644774912 16 1224979098644774913 2147483678 2 -1 0 
-25.000000 0.000000 0.000000  0  4 2071 1 1224979098644774912 1718 2 1224979098644774913 1224979098644774912 1 4 936748722493063580 1729382256910270468 1224979098644774912 1224979098644774913 2147483678 2 -1 1 
-26.000000 0.000000 0.000000  0  14 2071 1 1224979098644774912 2072 1 1224979098644774913 2073 1 1224979098644774914 4 0 30 2 1224979098644774912 0 2147485354 1 1224979098644774912 1704 1 1224979098644774912 1718 2 1224979098644774915 1224979098644774912 1610 3 648518346341351442 1224979098644774915 1 31 2 1224979098644774914 1 1618 3 648518346341351442 1224979098644774915 1 3 0 1 3 936748722493063475 1224979098644774912 1224979098644774913 2147483678 2 -1 2 
-21.000000 0.000000 0.000000  0  11 4 0 31 2 144115188075856219 1 1 1 936748722493063589 1907 1 0 5 0 1 1 936748722493063389 1121 1 216172782113783944 5 0 1106 1 216172782113783948 3 0 2147483678 2 -1 3 
-8.000000 0.000000 0.000000  0  12 2071 1 1224979098644774912 31 2 1224979098644774912 0 2133 2 144115188075856220 0 4 0 2370 1 1224979098644774913 32 2 1224979098644774913 20 2320 2 5 216172782113784210 1 4 936748722493063487 10 20 1 3 0 1 1 936748722493063589 1907 1 0 2147483678 2 -1 4 
-19.000000 0.000000 0.000000  0  9 1796 3 0 2 1 1796 3 1 3 1 1 1 936748722493063617 1617 1 648518346341351443 2133 2 144115188075856221 1 2133 2 144115188075856222 1 2133 2 144115188075856223 1 2133 2 144115188075856224 1 2147483678 2 -1 5 
0.000000 0.000000 100000000.000000  0  7 2133 2 144115188075856219 0 2133 2 144115188075856225 0 2133 2 144115188075856226 0 1 1 936748722493063616 1 1 936748722493063652 2133 2 144115188075856227 2 2147483678 2 -1 6 
30.000000 0.000000 0.000000  0  2 1 1 936748722493063652 2147483678 2 -1 7 
2.000000 0.000000 0.000000  0  2 1 1 936748722493063486 2147483678 2 -1 8 
1.000000 0.000000 5.000000  25 1 2 936748722493063354 648518346341351439 2133 2 1224979098644774912 72057594037927936 2133 2 1224979098644774913 0 12 1 1224979098644774914 1704 1 1224979098644774914 1716 2 1224979098644774915 1224979098644774914 4 0 2147483679 2 1224979098644774915 648518346341351424 2147485354 1 1224979098644774914 2105 2 1224979098644774913 1 3 0 3 0 2121 3 1224979098644774916 1224979098644774912 1224979098644774913 4 0 2147483678 2 1224979098644774916 15 30 2 144115188075856225 2 31 2 144115188075856228 0 2105 2 144115188075856227 1 2133 2 144115188075856228 1 3 0 2147483678 2 144115188075856225 144115188075856227 2370 1 1224979098644774917 30 2 1224979098644774917 10 2385 2 1224979098644774918 0 2147483678 2 1224979098644774918 6  4 1930 2 0 7 2133 2 144115188075856228 0 2105 2 144115188075856225 1 2147483678 2 -1 9 
1.000000 0.000000 5.000000  5 2147483678 2 144115188075856226 2 2370 1 1224979098644774912 30 2 1224979098644774912 10 2385 2 1224979098644774913 1 2147483678 2 1224979098644774913 6  3 1930 2 3 7 2105 2 144115188075856226 1 2147483678 2 -1 10 
1.000000 60.000000 100000000.000000  9 2370 1 72057594037927937 30 2 72057594037927937 10 1003 1 5 2147484654 1 0 1906 1 1 1106 1 216172782113783827 2133 2 144115188075856219 1 2133 2 144115188075856229 1 1 1 936748722493063653  3 1 1 936748722493063589 1907 1 1 2147483678 2 -1 11 
10.000000 0.000000 0.000000  0  3 31 2 144115188075856219 1 1106 1 216172782113783827 2147483678 2 -1 12 
1.000000 4.000000 100000000.000000  1 1006 0  8 2133 2 144115188075856220 1 2320 2 5 216172782113784210 1 4 936748722493063487 10 20 1 2133 2 144115188075856229 -1 1906 1 -1 1 1 936748722493063589 1907 1 0 2147483678 2 -1 13 
-22.000000 0.000000 0.000000  0  2 1106 1 216172782113783918 2147483678 2 -1 14 
0.000000 0.000000 100000000.000000  2 2370 1 1224979098644774912 30 2 1224979098644774912 2  3 1 1 936748722493063469 1 1 936748722493063471 2147483678 2 -1 15 
3.000000 0.000000 0.000000  1 1 1 936748722493063474  1 2147483678 2 -1 16 
3.000000 0.000000 0.000000  7 12 1 1224979098644774912 1704 1 1224979098644774912 1702 1 1224979098644774912 2370 1 1224979098644774913 30 2 1224979098644774913 3 1 3 936748722493063476 1224979098644774912 1224979098644774913 3 0  1 2147483678 2 -1 17 
5.000000 0.000000 0.000000  3 2370 1 1224979098644774912 30 2 1224979098644774912 3 1 1 936748722493063477  1 2147483678 2 -1 18 
0.000000 0.000000 0.000000  0  4 73 1 22 2147484551 1 1513209474796486694 900 1 1513209474796486694 2147483678 2 -1 19 
0.100000 0.000000 0.000000  0  3 903 1 1513209474796486694 1 1 936748722493063538 2147483678 2 -1 20 


mst_village_attack_bandits village_attack_bandits 65538  8
You_lead_your_men_to_battle. 

3 3 8208 0 16 1 0  
1 33558528 0 16 7 0  
1 4112 0 16 1 0  
12
-21.000000 0.000000 0.000000  0  11 4 0 31 2 144115188075856219 1 1 1 936748722493063589 1907 1 0 5 0 1 1 936748722493063389 1121 1 216172782113783944 5 0 1106 1 216172782113783948 3 0 2147483678 2 -1 0 
-25.000000 0.000000 0.000000  0  4 2071 1 1224979098644774912 1718 2 1224979098644774913 1224979098644774912 1 4 936748722493063580 1729382256910270468 1224979098644774912 1224979098644774913 2147483678 2 -1 1 
-8.000000 0.000000 0.000000  0  9 2071 1 1224979098644774912 31 2 1224979098644774912 0 2133 2 144115188075856220 0 2320 2 5 216172782113784210 1 4 936748722493063487 10 20 1 2133 2 144115188075856229 -1 1 1 936748722493063589 1907 1 0 2147483678 2 -1 2 
0.000000 0.000000 100000000.000000  0  11 2133 2 144115188075856219 0 2133 2 144115188075856225 0 2133 2 144115188075856226 0 4 0 31 2 144115188075856193 2 1930 2 1 6 5 0 1930 2 1 29 3 0 1 1 936748722493063652 2147483678 2 -1 3 
30.000000 0.000000 0.000000  0  2 1 1 936748722493063652 2147483678 2 -1 4 
2.000000 0.000000 0.000000  0  2 1 1 936748722493063486 2147483678 2 -1 5 
1.000000 60.000000 100000000.000000  9 2370 1 72057594037927937 30 2 72057594037927937 10 1003 1 5 2147484654 1 0 1906 1 1 1106 1 216172782113783827 2133 2 144115188075856219 1 2133 2 144115188075856229 1 1 1 936748722493063653  3 1 1 936748722493063589 1907 1 1 2147483678 2 -1 6 
10.000000 0.000000 0.000000  0  3 31 2 144115188075856219 1 1106 1 216172782113783827 2147483678 2 -1 7 
1.000000 4.000000 100000000.000000  1 1006 0  8 2133 2 144115188075856220 1 2320 2 5 216172782113784210 1 4 936748722493063487 10 20 1 2133 2 144115188075856229 -1 1906 1 -1 1 1 936748722493063589 1907 1 0 2147483678 2 -1 8 
-22.000000 0.000000 0.000000  0  2 1106 1 216172782113783918 2147483678 2 -1 9 
0.000000 0.000000 0.000000  0  4 73 1 22 2147484551 1 1513209474796486694 900 1 1513209474796486694 2147483678 2 -1 10 
0.100000 0.000000 0.000000  0  3 903 1 1513209474796486694 1 1 936748722493063538 2147483678 2 -1 11 


mst_village_raid village_raid 65538  8
You_lead_your_men_to_battle. 

4 3 4160 256 16 12 0  
3 4160 0 16 0 0  
1 8320 0 16 12 0  
1 8320 0 16 0 0  
14
-21.000000 0.000000 0.000000  0  11 4 0 31 2 144115188075856219 1 1 1 936748722493063589 1907 1 0 5 0 1 1 936748722493063389 1121 1 216172782113783944 5 0 1106 1 216172782113783948 3 0 2147483678 2 -1 0 
-25.000000 0.000000 0.000000  0  4 2071 1 1224979098644774912 1718 2 1224979098644774913 1224979098644774912 1 4 936748722493063580 1729382256910270468 1224979098644774912 1224979098644774913 2147483678 2 -1 1 
-8.000000 0.000000 0.000000  0  8 2071 1 1224979098644774912 31 2 1224979098644774912 0 2133 2 144115188075856220 0 2320 2 5 216172782113784210 1 4 936748722493063487 10 20 1 1 1 936748722493063589 1907 1 0 2147483678 2 -1 2 
0.000000 0.000000 100000000.000000  0  5 2133 2 144115188075856219 0 2133 2 144115188075856225 0 2133 2 144115188075856226 0 1 1 936748722493063652 2147483678 2 -1 3 
30.000000 0.000000 0.000000  0  2 1 1 936748722493063652 2147483678 2 -1 4 
2.000000 0.000000 0.000000  0  2 1 1 936748722493063486 2147483678 2 -1 5 
1.000000 0.000000 5.000000  5 2147483678 2 144115188075856225 2 2370 1 1224979098644774912 30 2 1224979098644774912 10 2385 2 1224979098644774913 0 2147483678 2 1224979098644774913 6  3 1930 2 0 6 2105 2 144115188075856225 1 2147483678 2 -1 6 
1.000000 0.000000 5.000000  5 2147483678 2 144115188075856226 2 2370 1 1224979098644774912 30 2 1224979098644774912 10 2385 2 1224979098644774913 1 2147483678 2 1224979098644774913 6  3 1930 2 3 6 2105 2 144115188075856226 1 2147483678 2 -1 7 
1.000000 60.000000 100000000.000000  14 2370 1 72057594037927937 30 2 72057594037927937 10 1003 1 5 2147484654 1 0 1906 1 1 1106 1 216172782113783827 2133 2 144115188075856219 1 2133 2 144115188075856229 1 4 0 31 2 144115188075856230 0 1 1 936748722493063653 5 0 601 2 1657324662872342593 1 3 0  3 1 1 936748722493063589 1907 1 1 2147483678 2 -1 8 
10.000000 0.000000 0.000000  0  3 31 2 144115188075856219 1 1106 1 216172782113783827 2147483678 2 -1 9 
1.000000 4.000000 100000000.000000  1 1006 0  8 2133 2 144115188075856220 1 2320 2 5 216172782113784210 1 4 936748722493063487 10 20 1 2133 2 144115188075856229 -1 1906 1 -1 1 1 936748722493063589 1907 1 0 2147483678 2 -1 10 
-22.000000 0.000000 0.000000  0  2 1106 1 216172782113783918 2147483678 2 -1 11 
0.000000 0.000000 0.000000  0  4 73 1 22 2147484551 1 1513209474796486694 900 1 1513209474796486694 2147483678 2 -1 12 
0.100000 0.000000 0.000000  0  3 903 1 1513209474796486694 1 1 936748722493063538 2147483678 2 -1 13 


mst_besiege_inner_battle_castle besiege_inner_battle_castle 2  -1
You_attack_the_walls_of_the_castle... 

8 0 33562752 256 16 1 0  
6 33562752 256 16 1 0  
7 33562752 256 16 1 0  
16 33558592 256 16 1 0  
17 33558592 256 16 1 0  
18 33558592 256 16 1 0  
19 33558592 256 16 1 0  
20 33558592 256 16 1 0  
13
-19.000000 0.000000 0.000000  0  2 1 1 936748722493063507 2147483678 2 -1 0 
-21.000000 0.000000 0.000000  0  11 4 0 31 2 144115188075856219 1 1 1 936748722493063589 1907 1 0 5 0 1 1 936748722493063389 1121 1 216172782113783944 5 0 1106 1 216172782113783948 3 0 2147483678 2 -1 1 
-25.000000 0.000000 0.000000  0  4 2071 1 1224979098644774912 1718 2 1224979098644774913 1224979098644774912 1 4 936748722493063580 1729382256910270468 1224979098644774912 1224979098644774913 2147483678 2 -1 2 
-8.000000 0.000000 0.000000  0  10 2071 1 1224979098644774912 31 2 1224979098644774912 0 2133 2 144115188075856220 0 2320 2 5 216172782113784210 1 4 936748722493063487 5 20 0 2133 2 144115188075856229 -1 1906 1 -1 1 1 936748722493063589 1907 1 0 2147483678 2 -1 3 
0.000000 0.000000 100000000.000000  0  3 2133 2 144115188075856219 0 1 2 936748722493063651 4096 2147483678 2 -1 4 
0.000000 0.000000 100000000.000000  4 2133 2 144115188075856231 0 2133 2 144115188075856232 1 2133 2 144115188075856233 2 2133 2 144115188075856234 3  1 2147483678 2 -1 5 
2.000000 0.000000 0.000000  0  2 1 1 936748722493063486 2147483678 2 -1 6 
1.000000 60.000000 100000000.000000  9 2370 1 72057594037927937 30 2 72057594037927937 10 1003 1 5 2147484654 1 0 1906 1 1 1106 1 216172782113783827 2133 2 144115188075856219 1 2133 2 144115188075856229 1 1 1 936748722493063653  3 1 1 936748722493063589 1907 1 1 2147483678 2 -1 7 
10.000000 0.000000 0.000000  0  3 31 2 144115188075856219 1 1106 1 216172782113783827 2147483678 2 -1 8 
1.000000 4.000000 100000000.000000  1 1006 0  8 2133 2 144115188075856220 1 2320 2 5 216172782113784210 1 4 936748722493063487 5 20 0 2133 2 144115188075856229 -1 1906 1 -1 1 1 936748722493063589 1907 1 0 2147483678 2 -1 9 
0.000000 0.000000 0.000000  0  4 73 1 22 2147484551 1 1513209474796486694 900 1 1513209474796486694 2147483678 2 -1 10 
0.100000 0.000000 0.000000  0  3 903 1 1513209474796486694 1 1 936748722493063538 2147483678 2 -1 11 
-22.000000 0.000000 0.000000  0  2 1106 1 216172782113783918 2147483678 2 -1 12 


mst_besiege_inner_battle_town_center besiege_inner_battle_town_center 2  -1
You_attack_the_walls_of_the_castle... 

8 0 33562752 256 16 4 0  
2 33558592 256 16 1 0  
23 33558592 256 16 1 0  
24 33558592 256 16 1 0  
25 33558592 256 16 1 0  
26 33558592 256 16 1 0  
27 33558592 256 16 1 0  
28 33558592 256 16 1 0  
13
-19.000000 0.000000 0.000000  0  2 1 1 936748722493063507 2147483678 2 -1 0 
-21.000000 0.000000 0.000000  0  11 4 0 31 2 144115188075856219 1 1 1 936748722493063589 1907 1 0 5 0 1 1 936748722493063389 1121 1 216172782113783944 5 0 1106 1 216172782113783948 3 0 2147483678 2 -1 1 
-25.000000 0.000000 0.000000  0  4 2071 1 1224979098644774912 1718 2 1224979098644774913 1224979098644774912 1 4 936748722493063580 1729382256910270468 1224979098644774912 1224979098644774913 2147483678 2 -1 2 
-8.000000 0.000000 0.000000  0  10 2071 1 1224979098644774912 31 2 1224979098644774912 0 2133 2 144115188075856220 0 2320 2 5 216172782113784210 1 4 936748722493063487 5 20 0 2133 2 144115188075856229 -1 1906 1 -1 1 1 936748722493063589 1907 1 0 2147483678 2 -1 3 
0.000000 0.000000 100000000.000000  0  3 2133 2 144115188075856219 0 1 2 936748722493063651 4096 2147483678 2 -1 4 
0.000000 0.000000 100000000.000000  4 2133 2 144115188075856231 0 2133 2 144115188075856232 1 2133 2 144115188075856233 2 2133 2 144115188075856234 3  1 2147483678 2 -1 5 
2.000000 0.000000 0.000000  0  2 1 1 936748722493063486 2147483678 2 -1 6 
1.000000 60.000000 100000000.000000  9 2370 1 72057594037927937 30 2 72057594037927937 10 1003 1 5 2147484654 1 0 1906 1 1 1106 1 216172782113783827 2133 2 144115188075856219 1 2133 2 144115188075856229 1 1 1 936748722493063653  3 1 1 936748722493063589 1907 1 1 2147483678 2 -1 7 
10.000000 0.000000 0.000000  0  3 31 2 144115188075856219 1 1106 1 216172782113783827 2147483678 2 -1 8 
1.000000 4.000000 100000000.000000  1 1006 0  8 2133 2 144115188075856220 1 2320 2 5 216172782113784210 1 4 936748722493063487 5 20 0 2133 2 144115188075856229 -1 1906 1 -1 1 1 936748722493063589 1907 1 0 2147483678 2 -1 9 
0.000000 0.000000 0.000000  0  4 73 1 22 2147484551 1 1513209474796486694 900 1 1513209474796486694 2147483678 2 -1 10 
0.100000 0.000000 0.000000  0  3 903 1 1513209474796486694 1 1 936748722493063538 2147483678 2 -1 11 
-22.000000 0.000000 0.000000  0  2 1106 1 216172782113783918 2147483678 2 -1 12 


mst_castle_attack_walls_defenders_sally castle_attack_walls_defenders_sally 65538  -1
You_attack_the_walls_of_the_castle... 

4 0 8320 256 16 12 0  
0 8320 256 16 0 0  
3 4160 256 16 12 0  
3 4160 256 16 0 0  
15
-25.000000 0.000000 0.000000  0  3 2071 1 1224979098644774912 1 2 936748722493063549 1224979098644774912 2147483678 2 -1 0 
-19.000000 0.000000 0.000000  0  5 1796 3 0 2 1 1796 3 1 3 1 1 1 936748722493063507 1 1 936748722493063508 2147483678 2 -1 1 
-21.000000 0.000000 0.000000  0  11 4 0 31 2 144115188075856219 1 1 1 936748722493063589 1907 1 0 5 0 1 1 936748722493063389 1121 1 216172782113783944 5 0 1106 1 216172782113783948 3 0 2147483678 2 -1 2 
-25.000000 0.000000 0.000000  0  4 2071 1 1224979098644774912 1718 2 1224979098644774913 1224979098644774912 1 4 936748722493063580 1729382256910270468 1224979098644774912 1224979098644774913 2147483678 2 -1 3 
-26.000000 0.000000 0.000000  0  18 2071 1 1224979098644774912 2072 1 1224979098644774913 2073 1 1224979098644774914 4 0 30 2 1224979098644774912 0 2147485354 1 1224979098644774912 1704 1 1224979098644774912 1718 2 1224979098644774915 1224979098644774912 2322 2 6 1224979098644774915 2133 2 72057594037927936 1224979098644774912 2133 2 72057594037927937 1224979098644774913 2133 2 72057594037927938 1224979098644774914 1770 2 72057594037927939 1224979098644774912 1610 3 648518346341351442 1224979098644774915 1 31 2 1224979098644774914 1 1618 3 648518346341351442 1224979098644774915 1 3 0 2147483678 2 -1 4 
-8.000000 0.000000 0.000000  0  8 2071 1 1224979098644774912 31 2 1224979098644774912 0 2133 2 144115188075856220 0 2320 2 5 216172782113784210 1 4 936748722493063487 5 20 0 1 1 936748722493063589 1907 1 0 2147483678 2 -1 5 
0.000000 0.000000 100000000.000000  0  3 2133 2 144115188075856219 0 1 1 936748722493063652 2147483678 2 -1 6 
30.000000 0.000000 0.000000  0  2 1 1 936748722493063652 2147483678 2 -1 7 
2.000000 0.000000 0.000000  0  2 1 1 936748722493063486 2147483678 2 -1 8 
1.000000 60.000000 100000000.000000  11 2370 1 72057594037927937 30 2 72057594037927937 10 1003 1 2 2147484654 1 0 1906 1 1 1106 1 216172782113783827 2133 2 144115188075856219 1 2133 2 144115188075856229 1 2133 2 144115188075856235 1 2133 2 144115188075855875 1 1 1 936748722493063653  3 1 1 936748722493063589 1907 1 1 2147483678 2 -1 9 
10.000000 0.000000 0.000000  0  3 31 2 144115188075856219 1 1106 1 216172782113783827 2147483678 2 -1 10 
1.000000 4.000000 100000000.000000  1 1006 0  8 2133 2 144115188075856220 1 2320 2 5 216172782113784210 1 4 936748722493063487 5 20 0 2133 2 144115188075856229 -1 1906 1 -1 1 1 936748722493063589 1907 1 0 2147483678 2 -1 11 
0.000000 0.000000 0.000000  0  4 73 1 22 2147484551 1 1513209474796486694 900 1 1513209474796486694 2147483678 2 -1 12 
0.100000 0.000000 0.000000  0  3 903 1 1513209474796486694 1 1 936748722493063538 2147483678 2 -1 13 
-22.000000 0.000000 0.000000  0  2 1106 1 216172782113783918 2147483678 2 -1 14 


mst_castle_attack_walls_belfry castle_attack_walls_belfry 65538  -1
You_attack_the_walls_of_the_castle... 

13 0 8320 256 16 12 0  
0 8320 256 16 0 0  
10 4160 256 16 0 0  
11 4160 256 16 7 0  
15 4160 256 16 0 0  
40 135232 256 16 1 0  
41 135232 256 16 1 0  
42 135232 256 16 1 0  
43 135232 256 16 1 0  
44 135232 256 16 1 0  
45 135232 256 16 1 0  
46 135232 256 16 1 0  
47 135232 256 16 1 0  
27
-19.000000 0.000000 0.000000  0  4 1796 3 0 2 1 1796 3 1 3 1 1 1 936748722493063507 2147483678 2 -1 0 
-21.000000 0.000000 0.000000  0  11 4 0 31 2 144115188075856219 1 1 1 936748722493063589 1907 1 0 5 0 1 1 936748722493063389 1121 1 216172782113783944 5 0 1106 1 216172782113783948 3 0 2147483678 2 -1 1 
-25.000000 0.000000 0.000000  0  4 2071 1 1224979098644774912 1718 2 1224979098644774913 1224979098644774912 1 4 936748722493063580 1729382256910270468 1224979098644774912 1224979098644774913 2147483678 2 -1 2 
-8.000000 0.000000 0.000000  0  17 2071 1 1224979098644774912 31 2 1224979098644774912 0 2133 2 144115188075856220 0 1700 1 1224979098644774913 1770 2 1224979098644774914 1224979098644774913 4 0 2147483679 2 144115188075856232 1224979098644774914 2147483679 2 144115188075856234 1224979098644774914 2320 2 5 216172782113784211 1 4 936748722493063487 8 15 0 5 0 2320 2 5 216172782113784210 1 4 936748722493063487 5 20 0 3 0 1 1 936748722493063589 1907 1 0 2147483678 2 -1 3 
0.000000 0.000000 100000000.000000  0  5 2133 2 144115188075856219 0 2133 2 144115188075856225 0 2133 2 144115188075856226 0 1 2 936748722493063651 262144 2147483678 2 -1 4 
30.000000 0.000000 0.000000  0  2 1 1 936748722493063652 2147483678 2 -1 5 
0.000000 0.000000 100000000.000000  4 2133 2 144115188075856231 0 2133 2 144115188075856232 1 2133 2 144115188075856233 2 2133 2 144115188075856234 3  1 2147483678 2 -1 6 
0.000000 0.000000 100000000.000000  16 1107 1 0 1780 2 10 10 6 3 1224979098644774912 0 9 2147483679 2 1224979098644774912 1 1790 3 144115188075856231 1224979098644774912 0 1790 3 144115188075856231 1224979098644774912 7 1790 3 144115188075856231 1224979098644774912 7 1790 3 144115188075856233 1224979098644774912 0 1790 3 144115188075856233 1224979098644774912 7 1790 3 144115188075856233 1224979098644774912 7 3 0 1790 3 144115188075856231 1 11 1791 3 144115188075856231 9 10 1790 3 144115188075856233 1 11 1791 3 144115188075856233 9 10 1107 1 1  1 2147483678 2 -1 7 
0.000000 0.000000 100000000.000000  5 1107 1 0 1790 3 144115188075856232 9 8 1790 3 144115188075856232 9 8 1790 3 144115188075856232 9 8 1107 1 1  1 2147483678 2 -1 8 
-26.000000 0.000000 0.000000  0  18 2071 1 1224979098644774912 2072 1 1224979098644774913 2073 1 1224979098644774914 4 0 30 2 1224979098644774912 0 2147485354 1 1224979098644774912 1704 1 1224979098644774912 1718 2 1224979098644774915 1224979098644774912 2322 2 6 1224979098644774915 2133 2 72057594037927936 1224979098644774912 2133 2 72057594037927937 1224979098644774913 2133 2 72057594037927938 1224979098644774914 1770 2 72057594037927939 1224979098644774912 1610 3 648518346341351442 1224979098644774915 1 31 2 1224979098644774914 1 1618 3 648518346341351442 1224979098644774915 1 3 0 2147483678 2 -1 9 
0.000000 2.000000 100000000.000000  0  4 12 1 1224979098644774912 505 3 1224979098644774912 5 1 3 0 2147483678 2 -1 10 
3.000000 0.000000 5.000000  0  27 2147483678 2 144115188075856225 7 2370 1 1224979098644774912 30 2 1224979098644774912 10 2385 2 1224979098644774913 0 2147483678 2 1224979098644774913 8 1930 2 4 7 2105 2 144115188075856225 1 4 0 32 2 1224979098644774912 300 1700 1 1224979098644774914 1770 2 1224979098644774915 1224979098644774914 2147483679 2 1224979098644774915 144115188075856231 2147483679 2 1224979098644774915 144115188075856233 30 2 144115188075856225 2 1107 1 0 1790 3 144115188075856231 0 2 1790 3 144115188075856233 0 2 1790 3 144115188075856231 2 2 1790 3 144115188075856233 2 2 1107 1 1 30 2 144115188075856225 4 1107 1 0 1790 3 144115188075856231 9 2 1790 3 144115188075856233 9 2 1107 1 1 3 0 2147483678 2 -1 11 
2.000000 0.000000 0.000000  1 32 2 144115188075856225 0  2 1 1 936748722493063528 2147483678 2 -1 12 
1.000000 0.000000 5.000000  5 2147483678 2 144115188075856226 5 2370 1 1224979098644774912 30 2 1224979098644774912 10 2385 2 1224979098644774913 1 2147483678 2 1224979098644774913 6  3 1930 2 1 8 2105 2 144115188075856226 1 2147483678 2 -1 13 
5.000000 0.000000 0.000000  0  9 12 1 1224979098644774912 1704 1 1224979098644774912 1702 1 1224979098644774912 1770 2 1224979098644774913 1224979098644774912 1073741855 2 1224979098644774913 144115188075856232 31 2 1224979098644774913 144115188075856234 1737 2 1224979098644774912 1 3 0 2147483678 2 -1 14 
2.000000 0.000000 0.000000  0  2 1 1 936748722493063486 2147483678 2 -1 15 
1.000000 60.000000 100000000.000000  9 2370 1 72057594037927937 30 2 72057594037927937 10 1003 1 5 2147484654 1 0 1906 1 1 1106 1 216172782113783827 2133 2 144115188075856219 1 2133 2 144115188075856229 1 1 1 936748722493063653  3 1 1 936748722493063589 1907 1 1 2147483678 2 -1 16 
10.000000 0.000000 0.000000  0  3 31 2 144115188075856219 1 1106 1 216172782113783827 2147483678 2 -1 17 
120.000000 0.000000 0.000000  0  11 1700 1 1224979098644774912 12 1 1224979098644774913 2147483679 2 1224979098644774913 1224979098644774912 1702 1 1224979098644774913 1704 1 1224979098644774913 1770 2 1224979098644774914 1224979098644774913 1073741855 2 1224979098644774914 144115188075856231 31 2 1224979098644774914 144115188075856233 1728 1 1224979098644774913 3 0 2147483678 2 -1 18 
1.000000 4.000000 100000000.000000  1 1006 0  17 2133 2 144115188075856220 1 1700 1 1224979098644774912 1770 2 1224979098644774913 1224979098644774912 4 0 2147483679 2 144115188075856232 1224979098644774913 2147483679 2 144115188075856234 1224979098644774913 2320 2 5 216172782113784211 1 4 936748722493063487 8 15 0 5 0 2320 2 5 216172782113784210 1 4 936748722493063487 5 20 0 3 0 2133 2 144115188075856229 -1 1906 1 -1 1 1 936748722493063589 1907 1 0 2147483678 2 -1 19 
0.000000 0.000000 0.000000  0  4 73 1 22 2147484551 1 1513209474796486694 900 1 1513209474796486694 2147483678 2 -1 20 
0.100000 0.000000 0.000000  0  3 903 1 1513209474796486694 1 1 936748722493063538 2147483678 2 -1 21 
-22.000000 0.000000 0.000000  1 1106 1 216172782113783919  1 2147483678 2 -1 22 
0.000000 0.000000 100000000.000000  1 1 1 936748722493063524  1 2147483678 2 -1 23 
0.000000 0.000000 100000000.000000  1 1 1 936748722493063525  1 2147483678 2 -1 24 
0.000000 2.000000 100000000.000000  1 1 1 936748722493063526  2 2133 2 144115188075856236 3 2147483678 2 -1 25 
0.000000 0.000000 100000000.000000  1 1 1 936748722493063527  1 2147483678 2 -1 26 


mst_castle_attack_walls_ladder castle_attack_walls_ladder 65538  -1
You_attack_the_walls_of_the_castle... 

12 0 8320 256 16 12 0  
0 8320 256 16 0 0  
10 4160 256 16 0 0  
11 4160 256 16 7 0  
15 4160 256 16 0 0  
40 135232 256 16 1 0  
41 135232 256 16 1 0  
42 135232 256 16 1 0  
43 135232 256 16 1 0  
44 135232 256 16 1 0  
45 135232 256 16 1 0  
46 135232 256 16 1 0  
22
-19.000000 0.000000 0.000000  0  4 1796 3 0 2 1 1796 3 1 3 1 1 1 936748722493063507 2147483678 2 -1 0 
-21.000000 0.000000 0.000000  0  11 4 0 31 2 144115188075856219 1 1 1 936748722493063589 1907 1 0 5 0 1 1 936748722493063389 1121 1 216172782113783944 5 0 1106 1 216172782113783948 3 0 2147483678 2 -1 1 
-25.000000 0.000000 0.000000  0  4 2071 1 1224979098644774912 1718 2 1224979098644774913 1224979098644774912 1 4 936748722493063580 1729382256910270468 1224979098644774912 1224979098644774913 2147483678 2 -1 2 
-8.000000 0.000000 0.000000  0  17 2071 1 1224979098644774912 31 2 1224979098644774912 0 2133 2 144115188075856220 0 1700 1 1224979098644774913 1770 2 1224979098644774914 1224979098644774913 4 0 2147483679 2 144115188075856232 1224979098644774914 2147483679 2 144115188075856234 1224979098644774914 2320 2 5 216172782113784211 1 4 936748722493063487 8 15 0 5 0 2320 2 5 216172782113784210 1 4 936748722493063487 5 20 0 3 0 1 1 936748722493063589 1907 1 0 2147483678 2 -1 3 
0.000000 0.000000 100000000.000000  0  5 2133 2 144115188075856219 0 2133 2 144115188075856225 0 2133 2 144115188075856226 0 1 2 936748722493063651 262144 2147483678 2 -1 4 
30.000000 0.000000 0.000000  0  2 1 1 936748722493063652 2147483678 2 -1 5 
0.000000 0.000000 100000000.000000  4 2133 2 144115188075856231 0 2133 2 144115188075856232 1 2133 2 144115188075856233 2 2133 2 144115188075856234 3  1 2147483678 2 -1 6 
0.000000 0.000000 100000000.000000  16 1107 1 0 1780 2 10 10 6 3 1224979098644774912 0 9 2147483679 2 1224979098644774912 1 1790 3 144115188075856231 1224979098644774912 0 1790 3 144115188075856231 1224979098644774912 7 1790 3 144115188075856231 1224979098644774912 7 1790 3 144115188075856233 1224979098644774912 0 1790 3 144115188075856233 1224979098644774912 7 1790 3 144115188075856233 1224979098644774912 7 3 0 1790 3 144115188075856231 1 11 1791 3 144115188075856231 9 10 1790 3 144115188075856233 1 11 1791 3 144115188075856233 9 10 1107 1 1  1 2147483678 2 -1 7 
0.000000 2.000000 100000000.000000  0  4 12 1 1224979098644774912 505 3 1224979098644774912 5 1 3 0 2147483678 2 -1 8 
3.000000 0.000000 5.000000  0  27 2147483678 2 144115188075856225 7 2370 1 1224979098644774912 30 2 1224979098644774912 10 2385 2 1224979098644774913 0 2147483678 2 1224979098644774913 8 1930 2 4 7 2105 2 144115188075856225 1 4 0 32 2 1224979098644774912 300 1700 1 1224979098644774914 1770 2 1224979098644774915 1224979098644774914 2147483679 2 1224979098644774915 144115188075856231 2147483679 2 1224979098644774915 144115188075856233 30 2 144115188075856225 2 1107 1 0 1790 3 144115188075856231 0 2 1790 3 144115188075856233 0 2 1790 3 144115188075856231 2 2 1790 3 144115188075856233 2 2 1107 1 1 30 2 144115188075856225 4 1107 1 0 1790 3 144115188075856231 9 2 1790 3 144115188075856233 9 2 1107 1 1 3 0 2147483678 2 -1 9 
2.000000 0.000000 0.000000  1 32 2 144115188075856225 0  2 1 1 936748722493063528 2147483678 2 -1 10 
1.000000 0.000000 5.000000  5 2147483678 2 144115188075856226 5 2370 1 1224979098644774912 30 2 1224979098644774912 10 2385 2 1224979098644774913 1 2147483678 2 1224979098644774913 6  3 1930 2 1 8 2105 2 144115188075856226 1 2147483678 2 -1 11 
5.000000 0.000000 0.000000  0  9 12 1 1224979098644774912 1704 1 1224979098644774912 1702 1 1224979098644774912 1770 2 1224979098644774913 1224979098644774912 1073741855 2 1224979098644774913 144115188075856232 31 2 1224979098644774913 144115188075856234 1737 2 1224979098644774912 1 3 0 2147483678 2 -1 12 
2.000000 0.000000 0.000000  0  2 1 1 936748722493063486 2147483678 2 -1 13 
1.000000 60.000000 100000000.000000  9 2370 1 72057594037927937 30 2 72057594037927937 10 1003 1 5 2147484654 1 0 1906 1 1 1106 1 216172782113783827 2133 2 144115188075856219 1 2133 2 144115188075856229 1 1 1 936748722493063653  3 1 1 936748722493063589 1907 1 1 2147483678 2 -1 14 
10.000000 0.000000 0.000000  0  3 31 2 144115188075856219 1 1106 1 216172782113783827 2147483678 2 -1 15 
120.000000 0.000000 0.000000  0  11 1700 1 1224979098644774912 12 1 1224979098644774913 2147483679 2 1224979098644774913 1224979098644774912 1702 1 1224979098644774913 1704 1 1224979098644774913 1770 2 1224979098644774914 1224979098644774913 1073741855 2 1224979098644774914 144115188075856231 31 2 1224979098644774914 144115188075856233 1728 1 1224979098644774913 3 0 2147483678 2 -1 16 
1.000000 4.000000 100000000.000000  1 1006 0  17 2133 2 144115188075856220 1 1700 1 1224979098644774912 1770 2 1224979098644774913 1224979098644774912 4 0 2147483679 2 144115188075856232 1224979098644774913 2147483679 2 144115188075856234 1224979098644774913 2320 2 5 216172782113784211 1 4 936748722493063487 8 15 0 5 0 2320 2 5 216172782113784210 1 4 936748722493063487 5 20 0 3 0 2133 2 144115188075856229 -1 1906 1 -1 1 1 936748722493063589 1907 1 0 2147483678 2 -1 17 
0.000000 0.000000 0.000000  0  4 73 1 22 2147484551 1 1513209474796486694 900 1 1513209474796486694 2147483678 2 -1 18 
0.100000 0.000000 0.000000  0  3 903 1 1513209474796486694 1 1 936748722493063538 2147483678 2 -1 19 
-22.000000 0.000000 0.000000  1 1106 1 216172782113783919  1 2147483678 2 -1 20 
-26.000000 0.000000 0.000000  0  18 2071 1 1224979098644774912 2072 1 1224979098644774913 2073 1 1224979098644774914 4 0 30 2 1224979098644774912 0 2147485354 1 1224979098644774912 1704 1 1224979098644774912 1718 2 1224979098644774915 1224979098644774912 2322 2 6 1224979098644774915 2133 2 72057594037927936 1224979098644774912 2133 2 72057594037927937 1224979098644774913 2133 2 72057594037927938 1224979098644774914 1770 2 72057594037927939 1224979098644774912 1610 3 648518346341351442 1224979098644774915 1 31 2 1224979098644774914 1 1618 3 648518346341351442 1224979098644774915 1 3 0 2147483678 2 -1 21 


mst_castle_visit castle_visit 0  -1
Castle_visit 

47 0 4100 287 0 1 4  159 158 25 541 
1 4100 256 0 1 4  159 158 25 541 
2 4100 256 0 1 4  159 158 25 541 
3 4100 256 0 1 4  159 158 25 541 
4 4100 256 0 1 4  159 158 25 541 
5 4112 256 0 1 4  159 158 25 541 
6 4112 256 0 1 4  159 158 25 541 
7 4112 256 0 1 4  159 158 25 541 
8 4112 256 0 1 0  
9 4112 256 0 1 0  
10 4112 256 0 1 0  
11 4112 256 0 1 0  
12 4112 256 0 1 0  
13 4112 256 0 1 0  
14 4112 256 0 1 0  
15 4112 256 0 1 0  
16 4112 256 0 1 0  
17 4112 256 0 1 0  
18 4112 256 0 1 0  
19 4112 256 0 1 0  
20 4112 256 0 1 0  
21 4112 256 0 1 0  
22 4112 256 0 1 0  
23 4112 256 0 1 0  
24 4112 256 0 1 0  
25 4112 256 0 1 0  
26 4112 256 0 1 0  
27 4112 256 0 1 0  
28 4112 256 0 1 0  
29 4112 256 0 1 0  
30 4112 256 0 1 0  
31 4112 256 0 1 0  
32 4112 256 0 1 0  
33 4112 256 0 1 0  
34 4112 256 0 1 0  
35 4112 256 0 1 0  
36 4112 256 0 1 0  
37 4112 256 0 1 0  
38 4112 256 0 1 0  
39 4112 256 0 1 0  
40 4112 256 0 1 0  
41 4112 256 0 1 0  
42 4112 256 0 1 0  
43 4112 256 0 1 0  
44 4112 256 0 1 0  
45 4112 256 0 1 0  
46 4112 256 0 1 0  
8
-25.000000 0.000000 0.000000  0  23 2071 1 1224979098644774912 1 2 936748722493063517 1224979098644774912 1700 1 1224979098644774913 4 0 2147483679 2 1224979098644774913 1224979098644774912 1771 2 1224979098644774912 7 3 0 4 0 1073741855 2 144115188075855893 19 31 2 144115188075855893 18 1718 2 1224979098644774914 1224979098644774912 520 3 1224979098644774915 1224979098644774914 161 31 2 1224979098644774915 1 1771 2 1224979098644774912 0 1753 2 1224979098644774912 5 500 3 1224979098644774914 161 0 4 0 540 3 1224979098644774914 149 3 1710 2 1 1224979098644774912 1730 2 1224979098644774912 1 3 0 3 0 2147483678 2 -1 0 
-26.000000 0.000000 0.000000  0  15 2071 1 1224979098644774912 2072 1 1224979098644774913 1718 2 1224979098644774914 1224979098644774912 1718 2 1224979098644774915 1224979098644774913 4 0 1073741855 2 1224979098644774914 360287970189639727 1073741855 2 1224979098644774914 360287970189639741 1073741855 2 1224979098644774914 360287970189639751 1073741855 2 1224979098644774914 360287970189639764 1073741855 2 1224979098644774914 360287970189639777 31 2 1224979098644774914 360287970189639791 31 2 1224979098644774915 360287970189639680 1106 1 1585267068834414747 3 0 2147483678 2 -1 1 
1.000000 0.000000 0.000000  2 1073741855 2 144115188075855893 18 31 2 144115188075855893 19  3 1 1 936748722493063703 1936 0 2147483678 2 -1 2 
1.000000 0.000000 100000000.000000  1 31 2 144115188075855893 19  18 1700 1 1224979098644774912 2133 2 72057594037927942 1224979098644774912 1 1 936748722493063701 1700 1 1224979098644774912 1710 2 4 1224979098644774912 6 3 1224979098644774913 360287970189639874 360287970189640143 560 3 1224979098644774913 149 1 2322 2 4 1224979098644774913 1106 1 216172782113786401 2211 1 1224979098644774914 1261 1 1224979098644774914 2211 1 1224979098644774914 1261 1 1224979098644774914 2133 2 1224979098644774915 24 1265 5 1224979098644774915 1224979098644774913 1 0 0 500 3 1224979098644774913 161 1 3 0 2147483678 2 -1 3 
-21.000000 0.000000 0.000000  12 4 0 1073741855 2 144115188075855893 19 31 2 144115188075855893 18 1106 1 216172782113787002 5 0 1073741855 2 144115188075856193 0 31 2 144115188075856193 1 2075 1 1 1935 0 5 0 1106 1 216172782113787002 3 0  1 2147483678 2 -1 4 
-19.000000 0.000000 0.000000  0  3 1 1 936748722493063507 1 1 936748722493063508 2147483678 2 -1 5 
3.000000 0.000000 0.000000  1 1006 1 0  17 4 0 1073741855 2 144115188075855893 18 31 2 144115188075855893 19 1 1 936748722493063712 2060 1 864691128455135389 2133 2 1224979098644774912 360287970189640143 6 3 1224979098644774913 360287970189639874 1224979098644774912 500 3 1224979098644774913 149 0 3 0 1935 0 1907 1 0 5 0 1935 0 1907 1 0 2075 1 1 3 0 2147483678 2 -1 6 
3.000000 0.000000 0.000000  5 31 2 144115188075855893 19 2147484654 1 0 2370 1 1224979098644774912 30 2 1224979098644774912 10 1003 0  15 1 1 936748722493063712 12 1 1224979098644774912 1718 2 1224979098644774913 1224979098644774912 560 3 1224979098644774913 149 2 4 0 1702 1 1224979098644774912 500 3 1224979098644774913 149 4 5 0 500 3 1224979098644774913 149 5 3 0 3 0 2060 1 864691128455135373 1935 0 1907 1 0 2147483678 2 -1 7 


mst_training_ground_trainer_talk training_ground_trainer_talk 0  -1
Training. 

7 0 4100 271 0 1 0  
1 4100 271 0 1 0  
2 4100 271 0 1 0  
3 4100 271 0 1 0  
4 4100 271 0 1 0  
5 4100 271 0 1 0  
6 4100 0 0 1 0  
4
-19.000000 0.000000 0.000000  0  2 1 1 936748722493063507 2147483678 2 -1 0 
-22.000000 0.000000 0.000000  1 2075 1 1  1 2147483678 2 -1 1 
-21.000000 0.000000 0.000000  1 2075 1 1  1 2147483678 2 -1 2 
0.000000 1.000000 2.000000  1 2147483678 2 144115188075856237 2  6 4 0 31 2 144115188075856237 0 5 0 3 0 2105 2 144115188075856237 1 2147483678 2 -1 3 


mst_training_ground_trainer_training training_ground_trainer_training 1  -1
You_will_fight_a_match_in_the_arena. 

5 16 4112 511 16 1 3  27 17 40 
17 8208 511 16 1 2  25 40 
18 12304 511 16 1 2  25 40 
19 16400 511 16 1 2  18 40 
20 16 0 0 1 0  
6
-19.000000 0.000000 0.000000  0  2 1 1 936748722493063507 2147483678 2 -1 0 
-21.000000 0.000000 0.000000  0  2 1121 1 216172782113783945 2147483678 2 -1 1 
-8.000000 0.000000 0.000000  0  8 2071 1 1224979098644774912 31 2 1224979098644774912 0 1911 1 792633534417207314 1261 1 144115188075856170 1262 0 1912 1 5 1910 1 144115188075856170 2147483678 2 -1 2 
1.000000 3.000000 100000000.000000  1 1006 1 0  6 1911 1 792633534417207314 1261 1 144115188075856170 1262 0 1912 1 5 1910 1 144115188075856170 2147483678 2 -1 3 
1.000000 3.000000 100000000.000000  5 2370 1 72057594037927937 30 2 72057594037927937 1 1005 1 1 2147484654 0 2133 2 144115188075856165 1  6 1911 1 792633534417207314 1261 1 144115188075856170 1262 0 1912 1 5 1910 1 144115188075856170 2147483678 2 -1 4 
-22.000000 0.000000 0.000000  1 1106 1 216172782113783920  1 2147483678 2 -1 5 


mst_training_ground_training training_ground_training 1  -1
Training. 

13 0 4112 511 16 1 1  25 
1 8208 511 16 1 1  25 
2 8208 511 16 1 1  25 
3 8208 511 16 1 1  25 
4 8208 511 16 1 1  25 
8 16 287 0 1 0  
9 16 287 0 1 0  
10 16 287 0 1 0  
11 16 287 0 1 0  
12 16 287 0 1 0  
13 16 287 0 1 0  
14 16 287 0 1 0  
15 16 287 0 1 0  
9
-19.000000 0.000000 0.000000  0  3 2133 2 144115188075856210 0 1 1 936748722493063507 2147483678 2 -1 0 
-21.000000 0.000000 0.000000  0  2 1121 1 216172782113783945 2147483678 2 -1 1 
-8.000000 0.000000 0.000000  0  6 2071 1 1224979098644774912 31 2 1224979098644774912 0 2133 2 144115188075856238 0 2060 1 864691128455135382 1907 0 2147483678 2 -1 2 
-22.000000 0.000000 0.000000  1 1106 1 216172782113783919  1 2147483678 2 -1 3 
0.000000 0.000000 100000000.000000  81 4 0 31 2 144115188075856193 2 2124 1 100 1780 2 1 0 701 1 2 730 2 2 144115188075856239 716 3 3 1 2 700 2 1 3 2133 2 1224979098644774912 10 2133 2 1224979098644774913 0 6 3 1224979098644774914 0 1224979098644774912 2121 3 1224979098644774915 1224979098644774914 1224979098644774913 1811 3 1224979098644774916 1080863910568919883 1224979098644774915 700 2 2 1 701 1 0 2136 3 1224979098644774917 0 360 725 2 2 1224979098644774917 2136 3 1224979098644774917 50 600 720 2 2 1224979098644774917 2136 3 1224979098644774917 0 360 717 3 3 1 2 725 2 0 1224979098644774917 716 3 4 0 3 716 3 2 1 4 791 1 2 722 2 2 150 2133 2 1224979098644774918 1 6 3 1224979098644774919 0 10 31 2 1224979098644774918 1 2147483679 2 1224979098644774915 1224979098644774919 1811 3 1224979098644774920 1080863910568919883 1224979098644774919 1850 2 3 1224979098644774920 710 3 1224979098644774921 2 3 2147483678 2 1224979098644774921 100 2133 2 1224979098644774918 0 3 0 4 0 31 2 1224979098644774918 0 2105 2 1224979098644774912 1 2105 2 1224979098644774913 1 5 0 1855 2 1224979098644774916 2 1860 3 1224979098644774916 2 1 1811 3 1224979098644774920 1080863910568919884 1224979098644774915 722 2 2 -150 1855 2 1224979098644774920 2 1860 3 1224979098644774920 2 1 3 0 3 0 5 0 31 2 144115188075856193 3 2133 2 1224979098644774922 0 6 3 1224979098644774914 0 100 1811 3 1224979098644774916 1080863910568919883 1224979098644774914 1811 3 1224979098644774920 1080863910568919884 1224979098644774914 30 2 1224979098644774916 0 30 2 1224979098644774920 0 2105 2 1224979098644774922 1 1850 2 0 1224979098644774920 722 2 0 150 1855 2 1224979098644774916 0 1860 3 1224979098644774916 0 1 3 0 2121 3 1224979098644774912 1224979098644774922 144115188075856240 6 3 1224979098644774914 0 1224979098644774912 2136 3 1224979098644774923 0 1224979098644774922 1811 3 1224979098644774916 1080863910568919883 1224979098644774923 1850 2 0 1224979098644774916 728 2 1224979098644774924 0 4 0 2147483678 2 1224979098644774924 -50000 5 0 731 2 0 -100000 1855 2 1224979098644774916 0 1860 3 1224979098644774916 0 1 1811 3 1224979098644774920 1080863910568919884 1224979098644774923 1855 2 1224979098644774920 0 1860 3 1224979098644774920 0 1 3 0 3 0 3 0  1 2147483678 2 -1 4 
1.000000 3.000000 100000000.000000  3 31 2 144115188075856193 1 1073742830 0 1005 1 1  19 4 0 2147484654 0 2133 2 144115188075856238 100 5 0 2133 2 1224979098644774912 0 12 1 1224979098644774913 1702 1 1224979098644774913 1704 1 1224979098644774913 1770 2 1224979098644774914 1224979098644774913 31 2 1224979098644774914 1 2105 2 1224979098644774912 1 3 0 2121 3 1224979098644774915 144115188075856241 1224979098644774912 2122 3 144115188075856238 1224979098644774915 100 2108 2 144115188075856238 144115188075856241 3 0 2060 1 864691128455135382 1907 0 2147483678 2 -1 5 
1.000000 3.000000 100000000.000000  7 31 2 144115188075856193 2 1700 1 1224979098644774912 1727 2 1224979098644774913 1224979098644774912 2370 1 1224979098644774914 1073742830 0 1073741855 2 1224979098644774913 0 32 2 1224979098644774914 116  4 2122 3 144115188075856238 144115188075856242 10 2060 1 864691128455135382 1907 0 2147483678 2 -1 6 
1.000000 3.000000 100000000.000000  8 31 2 144115188075856193 3 1700 1 1224979098644774912 1714 2 1224979098644774913 1224979098644774912 2370 1 1224979098644774914 3221225502 2 1224979098644774913 0 1073742830 0 1073741854 2 144115188075856242 144115188075856240 32 2 1224979098644774914 120  5 2122 3 144115188075856238 144115188075856242 100 2108 2 144115188075856238 144115188075856240 2060 1 864691128455135382 1907 0 2147483678 2 -1 7 
0.000000 0.000000 0.000000  17 32 2 144115188075856210 0 4 0 31 2 144115188075856193 2 1780 2 1 0 721 3 1 100 0 1700 1 1224979098644774912 1710 2 2 1224979098644774912 4 0 714 2 2 1 2105 2 144115188075856242 144115188075856210 5 0 1106 1 1585267068834414748 3 0 5 0 2105 2 144115188075856242 144115188075856210 3 0 2133 2 144115188075856210 0  1 2147483678 2 -1 8 


mst_sneak_caught_fight sneak_caught_fight 2  -1
You_must_fight_your_way_out! 

65 0 4100 447 16 1 4  159 158 25 541 
1 4100 447 16 1 4  159 158 25 541 
2 8208 256 16 1 0  
3 8208 256 16 1 0  
4 8208 256 16 1 0  
5 8208 256 16 1 0  
6 8208 256 16 1 0  
7 8208 256 16 1 0  
8 8208 256 16 1 0  
9 8208 256 16 1 0  
10 8208 256 16 1 0  
11 8208 256 16 1 0  
12 8208 256 16 1 0  
13 8208 256 16 1 0  
14 8208 256 16 1 0  
15 8208 256 16 1 0  
16 8208 256 16 1 0  
17 8208 256 16 1 0  
18 8208 256 16 1 0  
19 8208 256 16 1 0  
20 8208 256 16 1 0  
21 8208 256 16 1 0  
22 8208 256 16 1 0  
23 8208 256 16 1 0  
24 8208 256 16 1 0  
25 8208 256 16 1 0  
26 8208 256 16 1 0  
27 8208 256 16 1 0  
28 8208 256 16 1 0  
29 8208 256 16 1 0  
30 8208 256 16 1 0  
31 8208 256 16 1 0  
32 8208 256 16 1 0  
33 8208 256 16 1 0  
34 8208 256 16 1 0  
35 8208 256 16 1 0  
36 8208 256 16 1 0  
37 8208 256 16 1 0  
38 8208 256 16 1 0  
39 8208 256 16 1 0  
40 8208 256 16 1 0  
41 8208 256 16 1 0  
42 8208 256 16 1 0  
43 8208 256 16 1 0  
44 8208 256 16 1 0  
45 8208 256 16 1 0  
46 8208 256 16 1 0  
47 8208 256 16 1 0  
48 8208 256 16 1 0  
49 8208 256 16 1 0  
50 8208 256 16 1 0  
51 8208 256 16 1 0  
52 8208 256 16 1 0  
53 8208 256 16 1 0  
54 8208 256 16 1 0  
55 8208 256 16 1 0  
56 8208 256 16 1 0  
57 8208 256 16 1 0  
58 8208 256 16 1 0  
59 8208 256 16 1 0  
60 8208 256 16 1 0  
61 8208 256 16 1 0  
62 8208 256 16 1 0  
63 8208 256 16 1 0  
64 8208 256 16 1 0  
10
-19.000000 0.000000 0.000000  0  2 1 1 936748722493063507 2147483678 2 -1 0 
-20.000000 0.000000 0.000000  0  48 2133 2 1224979098644774912 5 4 0 521 3 1224979098644774913 144115188075855982 240 2270 1 1224979098644774914 2120 3 1224979098644774915 1224979098644774913 4 33 3 1224979098644774914 1224979098644774915 1224979098644774913 2133 2 1224979098644774912 2 5 0 1073741855 2 144115188075855893 19 31 2 144115188075855893 18 2133 2 1224979098644774912 4 3 0 4 0 1073741855 2 144115188075855893 19 31 2 144115188075855893 18 1780 2 0 7 5 0 541 3 144115188075855982 0 3 1780 2 0 0 5 0 1780 2 0 1 3 0 2133 2 1224979098644774916 -1 2133 2 1224979098644774917 -1 6 3 1224979098644774918 0 1224979098644774912 2133 2 1224979098644774919 100000 6 3 1224979098644774920 2 64 2147483679 2 1224979098644774917 1224979098644774920 1780 2 1 1224979098644774920 710 3 1224979098644774921 0 1 2147483678 2 1224979098644774921 1224979098644774919 32 2 1224979098644774921 1224979098644774916 2133 2 1224979098644774919 1224979098644774921 2133 2 1224979098644774922 1224979098644774920 3 0 2204 2 1224979098644774923 144115188075855982 4 0 1073741855 2 1224979098644774918 0 31 2 1224979098644774918 2 522 3 1224979098644774924 1224979098644774923 42 5 0 522 3 1224979098644774924 1224979098644774923 42 3 0 2133 2 1224979098644774917 1224979098644774922 2133 2 1224979098644774916 1224979098644774919 1265 4 1224979098644774922 1224979098644774924 1 0 3 0 2147483678 2 -1 1 
-21.000000 0.000000 0.000000  0  2 1121 1 216172782113783947 2147483678 2 -1 2 
-8.000000 0.000000 0.000000  0  5 2071 1 1224979098644774912 31 2 1224979098644774912 0 2060 1 864691128455135389 1907 1 0 2147483678 2 -1 3 
1.000000 0.000000 100000000.000000  0  3 600 1 1152921504606847118 1 2 936748722493063651 1024 2147483678 2 -1 4 
0.000000 3.000000 0.000000  1 1006 1 0  3 2060 1 864691128455135389 1907 1 0 2147483678 2 -1 5 
1.000000 0.000000 0.000000  0  17 1700 1 1224979098644774912 1710 2 0 1224979098644774912 12 1 1224979098644774913 2147483679 2 1224979098644774913 1224979098644774912 1702 1 1224979098644774913 1770 2 1224979098644774914 1224979098644774913 31 2 1224979098644774914 1 1710 2 1 1224979098644774913 710 3 1224979098644774915 0 1 4 0 2147483680 2 1224979098644774915 800 1735 1 1224979098644774913 5 0 1730 3 1224979098644774913 0 0 3 0 3 0 2147483678 2 -1 6 
5.000000 1.000000 100000000.000000  4 1005 1 1 2147484654 0 2370 1 1224979098644774912 30 2 1224979098644774912 5  4 2133 2 144115188075855883 -1 2060 1 864691128455135372 1907 1 1 2147483678 2 -1 7 
-30.000000 0.000000 100000000.000000  0  4 2133 2 144115188075855883 -1 2060 1 864691128455135373 1907 1 0 2147483678 2 -1 8 
-22.000000 0.000000 0.000000  1 1106 1 216172782113783920  1 2147483678 2 -1 9 


mst_ai_training ai_training 0  -1
You_start_training. 

1 0 0 0 16 30 0  
3
-21.000000 0.000000 0.000000  0  2 1907 1 0 2147483678 2 -1 0 
0.000000 0.000000 0.000000  0  4 73 1 22 2147484551 1 1513209474796486694 900 1 1513209474796486694 2147483678 2 -1 1 
0.100000 0.000000 0.000000  0  3 903 1 1513209474796486694 1 1 936748722493063538 2147483678 2 -1 2 


mst_camera_test camera_test 0  -1
camera_Test. 

0 2
1.000000 0.000000 0.000000  3 2001 1 1 1780 2 3 3 2011 1 3  1 2147483678 2 -1 0 
-21.000000 0.000000 0.000000  0  2 1907 1 0 2147483678 2 -1 1 


mst_arena_melee_fight arena_melee_fight 1  -1
You_enter_a_melee_fight_in_the_arena. 

58 0 4112 447 16 1 5  28 35 34 59 45 
1 4112 447 16 1 2  18 59 
2 4112 447 16 1 4  18 34 59 45 
3 4112 447 16 1 5  26 27 34 59 45 
4 4112 447 16 1 4  28 35 19 59 
5 4112 447 16 1 3  17 27 59 
6 4112 447 16 1 3  18 34 59 
7 4112 447 16 1 5  26 27 34 59 45 
8 8208 447 16 1 4  28 35 19 60 
9 8208 447 16 1 5  26 27 34 60 46 
10 8208 447 16 1 2  18 60 
11 8208 447 16 1 4  17 27 60 46 
12 8208 447 16 1 4  28 35 34 60 
13 8208 447 16 1 5  26 27 34 60 46 
14 8208 447 16 1 2  18 60 
15 8208 447 16 1 3  17 27 60 
16 12304 447 16 1 5  28 35 34 61 47 
17 12304 447 16 1 3  18 61 47 
18 12304 447 16 1 4  18 34 61 47 
19 12304 447 16 1 5  26 27 34 61 47 
20 12304 447 16 1 5  28 35 19 61 47 
21 12304 447 16 1 3  17 27 61 
22 12304 447 16 1 3  18 34 61 
23 12304 447 16 1 5  26 27 34 61 47 
24 16400 447 16 1 5  28 35 34 62 48 
25 16400 447 16 1 3  18 62 48 
26 16400 447 16 1 4  18 34 62 48 
27 16400 447 16 1 5  26 27 34 62 48 
28 16400 447 16 1 5  28 35 19 62 48 
29 16400 447 16 1 3  17 27 62 
30 16400 447 16 1 3  18 34 62 
31 16400 447 16 1 5  26 27 34 62 48 
32 8208 447 16 1 1  18 
33 12304 447 16 1 1  25 
34 16400 447 16 1 2  17 27 
35 20496 447 16 1 1  25 
36 8208 447 16 1 3  28 35 19 
37 12304 447 16 1 2  17 27 
38 16400 447 16 1 1  18 
39 20496 447 16 1 1  25 
24 16400 447 16 1 5  28 35 34 62 48 
24 16400 447 16 1 3  18 62 48 
24 16400 447 16 1 4  18 34 62 48 
24 16400 447 16 1 5  26 27 34 62 48 
24 16400 447 16 1 5  28 35 19 62 48 
24 16400 447 16 1 3  17 27 62 
24 16400 447 16 1 3  18 34 62 
24 16400 447 16 1 5  26 27 34 62 48 
24 16400 447 16 1 5  28 35 34 62 48 
24 16400 447 16 1 5  28 35 34 62 48 
50 4 287 0 1 0  
51 16 287 0 1 0  
52 4 256 0 1 0  
53 4 256 0 1 0  
54 4 256 0 1 0  
55 4 256 0 1 0  
56 4112 447 16 1 4  17 27 248 328 
57 4112 447 16 1 4  17 27 248 328 
12
-19.000000 0.000000 0.000000  0  3 1 1 936748722493063507 2133 2 144115188075856243 0 2147483678 2 -1 0 
-22.000000 0.000000 0.000000  1 1106 1 216172782113783920  1 2147483678 2 -1 1 
-21.000000 0.000000 0.000000  0  7 4 0 31 2 144115188075856193 2 2075 1 1 5 0 1121 1 216172782113783945 3 0 2147483678 2 -1 2 
-8.000000 0.000000 0.000000  0  12 2071 1 1224979098644774912 31 2 1224979098644774912 0 4 0 31 2 144115188075856193 3 1 2 936748722493063629 0 5 0 31 2 144115188075856193 1 1700 1 1224979098644774913 1723 3 144115188075856192 1224979098644774913 1 3 0 1907 1 0 2147483678 2 -1 3 
1.000000 0.000000 100000000.000000  0  16 31 2 144115188075856193 2 1 2 936748722493063651 65536 2211 1 72057594037927937 503 3 72057594037927937 0 1 1935 0 1700 1 1224979098644774912 2133 2 1224979098644774913 0 12 1 1224979098644774914 2147483679 2 1224979098644774914 1224979098644774912 1718 2 1224979098644774915 1224979098644774914 33 3 1224979098644774915 360287970189639690 360287970189639826 31 2 1224979098644774913 0 1771 2 1224979098644774914 1 2133 2 1224979098644774913 1 3 0 2147483678 2 -1 4 
0.000000 0.000000 100000000.000000  0  4 31 2 144115188075856193 3 600 2 1152921504606847146 2 1 2 936748722493063651 131072 2147483678 2 -1 5 
1.000000 4.000000 100000000.000000  3 31 2 144115188075856193 3 1073742830 0 1005 1 1  10 4 0 2147484654 0 1 2 936748722493063629 1 1 1 936748722493063653 1907 0 5 0 1 2 936748722493063629 0 1907 0 3 0 2147483678 2 -1 6 
-24.000000 0.000000 0.000000  0  3 31 2 144115188075856193 1 900 1 1513209474796486696 2147483678 2 -1 7 
0.000000 0.000000 100000000.000000  0  7 31 2 144115188075856193 1 2133 2 144115188075856244 40 2133 2 144115188075856243 0 2133 2 144115188075856192 0 2133 2 144115188075856191 0 1 2 936748722493063651 131072 2147483678 2 -1 8 
1.000000 4.000000 100000000.000000  11 31 2 144115188075856193 1 2370 1 1224979098644774912 32 2 1224979098644774912 3 2133 2 1224979098644774913 0 4 0 30 2 144115188075856243 144115188075856244 1005 1 1 2133 2 1224979098644774913 1 3 0 1073741855 2 1224979098644774913 1 1006 0  17 1700 1 1224979098644774912 1723 3 144115188075856192 1224979098644774912 1 2133 2 144115188075856191 0 4 0 2147484654 0 2133 2 144115188075856191 1 3 0 2133 2 144115188075856193 2 1911 1 792633534417207320 521 3 1224979098644774913 144115188075855982 16 1261 1 1224979098644774913 1262 0 1263 2 35 360287970189639692 1263 2 36 360287970189639710 1912 1 50 1910 1 1224979098644774913 2147483678 2 -1 9 
0.200000 0.000000 0.000000  16 31 2 144115188075856193 1 2133 2 1224979098644774912 0 12 1 1224979098644774913 1704 1 1224979098644774913 1702 1 1224979098644774913 1770 2 1224979098644774914 1224979098644774913 33 3 1224979098644774914 0 7 2105 2 1224979098644774912 1 3 0 2147483678 2 1224979098644774912 7 2147484654 0 2370 1 1224979098644774915 1073741854 2 1224979098644774915 144115188075856245 3221225502 2 144115188075856243 6 1005 1 1 2147483678 2 144115188075856243 144115188075856244  25 2133 2 1224979098644774912 144115188075856243 2123 3 1224979098644774912 144115188075856243 6 2133 2 1224979098644774913 144115188075856243 2109 2 1224979098644774913 6 2105 2 1224979098644774912 1224979098644774913 2110 2 1224979098644774912 9 2105 2 1224979098644774912 360287970189639694 2133 2 1224979098644774914 10000 1700 1 1224979098644774915 1710 2 5 1224979098644774915 6 3 1224979098644774916 0 1224979098644774914 2136 3 1224979098644774917 32 40 2147483679 2 1224979098644774917 144115188075856194 1780 2 1 1224979098644774917 710 3 1224979098644774918 5 1 32 2 1224979098644774918 1200 2133 2 1224979098644774914 0 3 0 1265 3 1224979098644774917 1224979098644774912 1 2120 3 1224979098644774919 144115188075856243 1 2370 1 1224979098644774920 2120 3 144115188075856245 1224979098644774920 14 2123 3 1224979098644774921 1224979098644774919 3 2106 2 144115188075856245 1224979098644774921 2147483678 2 -1 10 
0.000000 0.000000 0.000000  1 31 2 144115188075856193 1  48 2133 2 1224979098644774912 6 2111 2 1224979098644774912 1 1700 1 1224979098644774913 12 1 1224979098644774914 1704 1 1224979098644774914 1702 1 1224979098644774914 545 3 1224979098644774914 7 0 1770 2 1224979098644774915 1224979098644774914 33 3 1224979098644774915 0 7 4 0 31 2 1224979098644774914 1224979098644774913 1771 2 1224979098644774914 6 5 0 2136 3 1224979098644774916 0 1224979098644774912 6 3 1224979098644774917 0 6 500 3 360287970189640509 1224979098644774917 0 3 0 12 1 1224979098644774918 1704 1 1224979098644774918 1702 1 1224979098644774918 2147483679 2 1224979098644774914 1224979098644774913 545 3 1224979098644774918 7 1 1770 2 1224979098644774919 1224979098644774918 520 3 1224979098644774920 360287970189640509 1224979098644774919 2105 2 1224979098644774920 1 500 3 360287970189640509 1224979098644774919 1224979098644774920 3 0 2133 2 1224979098644774921 0 520 3 1224979098644774922 360287970189640509 0 6 3 1224979098644774917 1 6 560 3 360287970189640509 1224979098644774917 1224979098644774922 520 3 1224979098644774922 360287970189640509 1224979098644774917 2133 2 1224979098644774921 1224979098644774917 3 0 2136 3 1224979098644774923 5 100 4 0 2147483678 2 1224979098644774923 144115188075856243 2133 2 1224979098644774916 1224979098644774921 3 0 1771 2 1224979098644774914 1224979098644774916 3 0 505 3 1224979098644774914 7 1 4 0 2147483679 2 1224979098644774914 1224979098644774913 2105 2 144115188075856243 1 3 0 3 0 2147483678 2 -1 11 


mst_arena_challenge_fight arena_challenge_fight 17  -1
You_enter_a_melee_fight_in_the_arena. 

2 56 4112 0 16 1 0  
58 12304 0 16 1 0  
5
-22.000000 0.000000 0.000000  1 1106 1 216172782113783919  1 2147483678 2 -1 0 
-21.000000 0.000000 0.000000  1 1106 1 216172782113787002  1 2147483678 2 -1 1 
-19.000000 0.000000 0.000000  0  2 1 1 936748722493063507 2147483678 2 -1 2 
0.000000 0.000000 100000000.000000  0  2 1 2 936748722493063651 131072 2147483678 2 -1 3 
1.000000 4.000000 100000000.000000  2 1073742830 0 1005 1 1  42 4 0 1006 0 200 1 504403158265495577 546 3 504403158265495577 2 144115188075856246 1 2 936748722493063553 504403158265495577 5 0 200 1 504403158265495577 546 3 504403158265495577 2 144115188075856246 1 2 936748722493063552 504403158265495577 5 0 1006 0 200 1 504403158265495578 546 3 504403158265495578 2 144115188075856246 1 2 936748722493063553 504403158265495578 5 0 200 1 504403158265495578 546 3 504403158265495578 2 144115188075856246 1 2 936748722493063552 504403158265495578 5 0 1006 0 200 1 504403158265495579 546 3 504403158265495579 2 144115188075856246 1 2 936748722493063553 504403158265495579 5 0 200 1 504403158265495579 546 3 504403158265495579 2 144115188075856246 1 2 936748722493063552 504403158265495579 5 0 1006 0 200 1 504403158265495603 546 3 504403158265495603 2 144115188075856246 1 2 936748722493063553 504403158265495603 5 0 200 1 504403158265495603 546 3 504403158265495603 2 144115188075856246 1 2 936748722493063552 504403158265495603 5 0 526 3 1224979098644774912 504403158265495603 2 2322 2 4 1224979098644774912 3 0 1907 0 2147483678 2 -1 4 


mst_duel_with_lord duel_with_lord 17  -1
You_enter_a_melee_fight_in_the_arena. 

2 0 4112 447 16 1 2  434 60 
16 8208 447 16 1 2  434 60 
5
-22.000000 0.000000 0.000000  1 1106 1 216172782113783919  1 2147483678 2 -1 0 
-21.000000 0.000000 0.000000  1 1106 1 216172782113787002  1 2147483678 2 -1 1 
-19.000000 0.000000 0.000000  0  2 1 1 936748722493063507 2147483678 2 -1 2 
0.000000 0.000000 100000000.000000  0  2 1 2 936748722493063651 131072 2147483678 2 -1 3 
1.000000 4.000000 100000000.000000  2 1073742830 0 1005 1 1  42 4 0 1006 0 200 1 504403158265495577 546 3 504403158265495577 2 144115188075856246 1 2 936748722493063553 504403158265495577 5 0 200 1 504403158265495577 546 3 504403158265495577 2 144115188075856246 1 2 936748722493063552 504403158265495577 5 0 1006 0 200 1 504403158265495578 546 3 504403158265495578 2 144115188075856246 1 2 936748722493063553 504403158265495578 5 0 200 1 504403158265495578 546 3 504403158265495578 2 144115188075856246 1 2 936748722493063552 504403158265495578 5 0 1006 0 200 1 504403158265495579 546 3 504403158265495579 2 144115188075856246 1 2 936748722493063553 504403158265495579 5 0 200 1 504403158265495579 546 3 504403158265495579 2 144115188075856246 1 2 936748722493063552 504403158265495579 5 0 1006 0 200 1 504403158265495603 546 3 504403158265495603 2 144115188075856246 1 2 936748722493063553 504403158265495603 5 0 200 1 504403158265495603 546 3 504403158265495603 2 144115188075856246 1 2 936748722493063552 504403158265495603 5 0 526 3 1224979098644774912 504403158265495603 2 2322 2 4 1224979098644774912 3 0 1907 0 2147483678 2 -1 4 


mst_wedding wedding 0  -1
Wedding 

32 0 16 511 0 1 2  242 170 
1 16 511 0 1 3  592 593 594 
2 16 268435727 0 1 0  
3 16 511 0 1 2  200 167 
4 16 268435727 0 1 0  
5 16 268435727 0 1 0  
6 16 268435727 0 1 0  
7 16 268435727 0 1 0  
8 16 268435727 0 1 0  
9 16 268435727 0 1 0  
10 16 268435727 0 1 0  
11 16 268435727 0 1 0  
12 16 268435727 0 1 0  
13 16 268435727 0 1 0  
14 16 268435727 0 1 0  
15 16 268435727 0 1 0  
16 16 268435727 0 1 0  
17 16 268435727 0 1 0  
18 16 268435727 0 1 0  
19 16 268435727 0 1 0  
20 16 268435727 0 1 0  
21 16 268435727 0 1 0  
22 16 268435727 0 1 0  
23 16 268435727 0 1 0  
24 16 268435727 0 1 0  
25 16 268435727 0 1 0  
26 16 268435727 0 1 0  
27 16 268435727 0 1 0  
28 16 268435727 0 1 0  
29 16 268435727 0 1 0  
30 16 268435727 0 1 0  
31 16 268435727 0 1 0  
5
-21.000000 0.000000 0.000000  0  3 960 1 1 1907 1 0 2147483678 2 -1 0 
-8.000000 0.000000 0.000000  0  5 2071 1 1224979098644774912 31 2 1224979098644774912 0 960 1 1 1907 1 0 2147483678 2 -1 1 
-20.000000 0.000000 0.000000  0  4 2133 2 144115188075856247 0 601 2 1657324662872342600 2 960 1 0 2147483678 2 -1 2 
-25.000000 0.000000 0.000000  0  47 2071 1 1224979098644774912 1718 2 1224979098644774913 1224979098644774912 1506 2 1224979098644774914 1224979098644774913 2124 1 100 4 0 31 2 1224979098644774913 144115188075856248 5 0 31 2 1224979098644774913 144115188075856249 1762 2 1224979098644774912 1 701 1 1 731 2 1 -1000 1711 2 1224979098644774912 1 5 0 31 2 1224979098644774913 144115188075856250 1762 2 1224979098644774912 1 701 1 1 731 2 1 -1000 1711 2 1224979098644774912 1 5 0 31 2 1224979098644774913 144115188075856251 1762 2 1224979098644774912 1 701 1 1 720 2 1 175 722 2 1 10 725 2 1 180 1711 2 1224979098644774912 1 1740 2 1224979098644774912 1801439850948198860 5 0 4 0 31 2 1224979098644774914 0 2136 3 1224979098644774915 0 3 4 0 31 2 1224979098644774915 0 505 3 1224979098644774912 18 1801439850948198854 1740 2 1224979098644774912 1801439850948198854 5 0 505 3 1224979098644774912 18 1801439850948198853 1740 2 1224979098644774912 1801439850948198853 3 0 5 0 505 3 1224979098644774912 18 1801439850948198855 1740 2 1224979098644774912 1801439850948198855 3 0 2136 3 1224979098644774916 0 100 1743 2 1224979098644774912 1224979098644774916 3 0 2147483678 2 -1 3 
0.000000 0.000000 0.000000  206 2370 1 1224979098644774912 2124 1 100 12 1 1224979098644774913 1718 2 1224979098644774914 1224979098644774913 4 0 31 2 1224979098644774914 144115188075856251 5 0 31 2 1224979098644774914 144115188075856249 5 0 31 2 1224979098644774914 144115188075856250 5 0 31 2 1224979098644774914 144115188075856248 5 0 525 3 1224979098644774915 1224979098644774913 18 1740 2 1224979098644774913 1224979098644774915 3 0 3 0 4 0 31 2 144115188075856247 0 2001 3 1 0 0 701 1 1 725 2 1 180 723 2 1 5 729 2 1 -500 730 2 1 1000 731 2 1 600 2011 1 1 701 1 1 725 2 1 180 723 2 1 -15 729 2 1 -500 730 2 1 1000 731 2 1 600 2012 3 1 4000 0 2105 2 144115188075856247 1 5 0 31 2 144115188075856247 1 30 2 1224979098644774912 4 701 1 1 725 2 1 90 723 2 1 -10 729 2 1 -580 730 2 1 700 731 2 1 200 2011 1 1 701 1 1 725 2 1 150 723 2 1 -10 729 2 1 -580 730 2 1 100 731 2 1 200 2012 3 1 6000 1 2105 2 144115188075856247 1 5 0 31 2 144115188075856247 2 30 2 1224979098644774912 9 2009 2 4278190080 1000 2105 2 144115188075856247 1 5 0 31 2 144115188075856247 3 30 2 1224979098644774912 10 701 1 1 720 2 1 175 722 2 1 10 725 2 1 180 12 1 1224979098644774913 1718 2 1224979098644774916 1224979098644774913 4 0 31 2 1224979098644774916 144115188075856249 1711 2 1224979098644774913 1 1740 2 1224979098644774913 1801439850948198858 5 0 31 2 1224979098644774916 144115188075856250 1711 2 1224979098644774913 1 1740 2 1224979098644774913 1801439850948198856 3 0 3 0 701 1 1 725 2 1 -90 729 2 1 300 730 2 1 950 731 2 1 420 2011 1 1 729 2 1 175 730 2 1 950 731 2 1 320 2012 3 1 4000 0 2009 2 0 500 2105 2 144115188075856247 1 5 0 31 2 144115188075856247 4 30 2 1224979098644774912 14 701 1 1 725 2 1 -60 723 2 1 10 729 2 1 -400 730 2 1 200 731 2 1 115 2011 1 1 2105 2 144115188075856247 1 5 0 31 2 144115188075856247 5 30 2 1224979098644774912 20 701 1 1 720 2 1 175 722 2 1 10 725 2 1 180 12 1 1224979098644774913 1718 2 1224979098644774916 1224979098644774913 4 0 31 2 1224979098644774916 144115188075856249 1711 2 1224979098644774913 1 1740 2 1224979098644774913 1801439850948198859 5 0 31 2 1224979098644774916 144115188075856250 1711 2 1224979098644774913 1 1740 2 1224979098644774913 1801439850948198857 3 0 3 0 701 1 1 725 2 1 -140 723 2 1 -15 729 2 1 -625 730 2 1 -530 731 2 1 180 2011 1 1 2105 2 144115188075856247 1 5 0 31 2 144115188075856247 6 30 2 1224979098644774912 22 701 1 1 725 2 1 45 723 2 1 -10 729 2 1 -260 730 2 1 120 731 2 1 275 2011 1 1 725 2 1 10 2012 3 1 2000 0 2105 2 144115188075856247 1 5 0 31 2 144115188075856247 7 30 2 1224979098644774912 24 701 1 1 720 2 1 175 722 2 1 10 725 2 1 180 12 1 1224979098644774913 1718 2 1224979098644774916 1224979098644774913 4 0 31 2 1224979098644774916 144115188075856249 1711 2 1224979098644774913 1 1740 2 1224979098644774913 1801439850948198863 5 0 31 2 1224979098644774916 144115188075856250 1711 2 1224979098644774913 1 1740 2 1224979098644774913 1801439850948198862 5 0 31 2 1224979098644774916 144115188075856251 1711 2 1224979098644774913 1 1740 2 1224979098644774913 1801439850948198861 3 0 3 0 701 1 1 725 2 1 -45 723 2 1 -10 729 2 1 -900 730 2 1 -850 731 2 1 230 2011 1 1 2105 2 144115188075856247 1 5 0 31 2 144115188075856247 8 30 2 1224979098644774912 31 701 1 1 729 2 1 -550 730 2 1 -625 731 2 1 1500 1969 3 1008806316530991161 1 750 2105 2 144115188075856247 1 5 0 31 2 144115188075856247 9 30 2 1224979098644774912 33 701 1 1 725 2 1 180 729 2 1 -536 730 2 1 -415 731 2 1 135 2011 1 1 725 2 1 -8 731 2 1 350 723 2 1 35 2016 4 1 10 9000 1 2105 2 144115188075856247 1 5 0 31 2 144115188075856247 10 30 2 1224979098644774912 41 2008 1 16777215 2009 2 4294967295 3000 2105 2 144115188075856247 1 5 0 31 2 144115188075856247 11 30 2 1224979098644774912 48 960 1 1 1907 1 0 3 0  1 2147483678 2 -1 4 


mst_tutorial_training_ground tutorial_training_ground 1  -1
You_enter_the_training_ground. 

65 0 4112 0 0 1 0  
1 4112 0 16 1 0  
2 4112 0 16 1 0  
3 4112 0 16 1 0  
4 4112 0 16 1 0  
5 4112 0 16 1 0  
6 4112 0 16 1 0  
7 4112 0 16 1 0  
8 4112 0 16 1 0  
9 4112 0 16 1 0  
10 4112 0 16 1 0  
11 4112 0 16 1 0  
12 4112 0 16 1 0  
13 4112 0 16 1 0  
14 4112 0 16 1 0  
15 4112 0 16 1 0  
16 4112 0 16 1 0  
17 4112 0 16 1 0  
18 4112 0 16 1 0  
19 4112 0 16 1 0  
20 4112 0 16 1 0  
21 4112 0 16 1 0  
22 4112 0 16 1 0  
23 4112 0 16 1 0  
24 4112 0 16 1 0  
25 4112 0 16 1 0  
26 4112 0 16 1 0  
27 4112 0 16 1 0  
28 4112 0 16 1 0  
29 4112 0 16 1 0  
30 4112 0 16 1 0  
31 4112 0 16 1 0  
32 4112 15 16 1 1  17 
33 4112 15 16 1 1  17 
34 4112 15 16 1 1  17 
35 4112 15 16 1 1  17 
36 4112 0 16 1 0  
37 4112 0 16 1 0  
38 4112 0 16 1 0  
39 4112 0 16 1 0  
40 4112 0 16 1 0  
41 4112 15 16 1 2  28 35 
42 4112 15 16 1 2  28 35 
43 4112 0 16 1 0  
44 4112 0 16 1 0  
45 4112 0 16 1 0  
46 4112 0 16 1 0  
47 4112 0 16 1 0  
48 4112 0 16 1 0  
49 4112 0 16 1 0  
50 4112 0 16 1 0  
51 4112 0 16 1 0  
52 4112 0 16 1 0  
53 4112 0 16 1 0  
54 4112 0 16 1 0  
55 4112 0 16 1 0  
56 4112 0 16 1 0  
57 4112 0 16 1 0  
58 4112 0 16 1 0  
59 4112 0 16 1 0  
60 4112 0 16 1 0  
61 4112 15 16 1 1  17 
62 4112 15 16 1 1  17 
63 4112 15 16 1 2  28 35 
64 4112 15 16 1 2  28 35 
23
-21.000000 0.000000 0.000000  0  7 4 0 2147483678 2 144115188075856252 20 1121 1 216172782113783946 5 0 1907 1 0 3 0 2147483678 2 -1 0 
-8.000000 0.000000 0.000000  0  4 2071 1 1224979098644774912 31 2 1224979098644774912 0 1907 1 0 2147483678 2 -1 1 
-22.000000 0.000000 0.000000  1 1106 1 216172782113783922  1 2147483678 2 -1 2 
-24.000000 0.000000 0.000000  0  2 900 1 1513209474796486683 2147483678 2 -1 3 
-25.000000 0.000000 0.000000  0  43 2071 1 1224979098644774912 1737 2 1224979098644774912 1 1733 2 1224979098644774912 1 1725 2 1224979098644774912 1 1710 2 1 1224979098644774912 505 3 1224979098644774912 8 -1 1700 1 1224979098644774913 4 0 31 2 1224979098644774912 1224979098644774913 1771 2 1224979098644774912 7 3 0 6 3 1224979098644774914 0 64 1780 2 2 1224979098644774914 712 3 1224979098644774915 1 2 2147483678 2 1224979098644774915 100 505 3 1224979098644774912 8 1224979098644774914 3 0 1718 2 1224979098644774916 1224979098644774912 4 0 31 2 1224979098644774916 360287970189640593 1710 2 1 1224979098644774912 1730 2 1224979098644774912 1 1810 2 1224979098644774917 1080863910568919210 2133 2 1224979098644774918 10000000 2133 2 1224979098644774919 -1 6 3 1224979098644774920 0 1224979098644774917 1811 3 1224979098644774921 1080863910568919210 1224979098644774920 1850 2 2 1224979098644774921 712 3 1224979098644774922 1 2 2147483678 2 1224979098644774922 1224979098644774918 2133 2 1224979098644774918 1224979098644774922 2133 2 1224979098644774919 1224979098644774921 3 0 505 3 1224979098644774912 9 1224979098644774919 5 0 1073741855 2 1224979098644774916 360287970189640595 31 2 1224979098644774916 360287970189640596 505 3 1224979098644774912 11 48 505 3 1224979098644774912 9 -1 1780 2 1 48 1730 2 1224979098644774912 1 3 0 2147483678 2 -1 4 
-27.000000 0.000000 0.000000  0  116 2071 1 1224979098644774912 2072 1 1224979098644774913 1718 2 1224979098644774914 1224979098644774912 1718 2 1224979098644774915 1224979098644774913 4 0 30 2 144115188075856005 0 5 0 30 2 144115188075856011 0 4 0 31 2 1224979098644774914 360287970189639680 31 2 1224979098644774915 144115188075856011 2133 2 144115188075856006 0 1771 2 1224979098644774912 0 1771 2 1224979098644774913 7 1122 1 -1 2133 2 144115188075856253 -1 2133 2 144115188075856254 -1 2133 2 144115188075856002 2 600 1 1152921504606847148 1920 1 144115188075856011 2133 2 144115188075856011 -1 4 0 31 2 144115188075856007 1 1745 3 1224979098644774912 0 0 3 0 5 0 31 2 1224979098644774915 360287970189639680 31 2 1224979098644774914 144115188075856011 1771 2 1224979098644774912 7 1771 2 1224979098644774913 0 1122 1 -1 2133 2 144115188075856253 -1 2133 2 144115188075856254 -1 2133 2 144115188075856002 3 600 1 1152921504606847148 1920 1 144115188075856011 2133 2 144115188075856011 -1 4 0 31 2 144115188075856007 1 1745 3 1224979098644774912 0 0 3 0 3 0 5 0 30 2 144115188075856012 0 4 0 31 2 1224979098644774914 360287970189639680 31 2 1224979098644774915 144115188075856012 2133 2 144115188075856006 0 1771 2 1224979098644774912 0 1771 2 1224979098644774913 7 1122 1 -1 2133 2 144115188075856253 -1 2133 2 144115188075856254 -1 2133 2 144115188075856002 7 600 1 1152921504606847148 1920 1 144115188075856012 2133 2 144115188075856012 -1 4 0 31 2 144115188075856007 1 1745 3 1224979098644774912 0 0 3 0 5 0 31 2 1224979098644774915 360287970189639680 31 2 1224979098644774914 144115188075856012 1771 2 1224979098644774912 7 1771 2 1224979098644774913 0 1122 1 -1 2133 2 144115188075856253 -1 2133 2 144115188075856254 -1 2133 2 144115188075856002 8 600 1 1152921504606847148 1920 1 144115188075856012 2133 2 144115188075856012 -1 4 0 31 2 144115188075856007 1 1745 3 1224979098644774912 0 0 3 0 3 0 5 0 30 2 144115188075856013 0 4 0 31 2 1224979098644774914 360287970189639680 31 2 1224979098644774915 144115188075856013 2133 2 144115188075856006 0 1771 2 1224979098644774912 0 1771 2 1224979098644774913 7 1122 1 -1 2133 2 144115188075856002 4 600 1 1152921504606847148 1920 1 144115188075856013 2133 2 144115188075856013 -1 5 0 31 2 1224979098644774915 360287970189639680 31 2 1224979098644774914 144115188075856013 2133 2 144115188075856006 0 1771 2 1224979098644774912 7 1771 2 1224979098644774913 0 1122 1 -1 2133 2 144115188075856002 5 600 1 1152921504606846978 1920 1 144115188075856013 2133 2 144115188075856013 -1 3 0 5 0 1704 1 1224979098644774912 2133 2 144115188075856255 1224979098644774913 2133 2 144115188075856256 1224979098644774912 2133 2 144115188075856006 0 1771 2 144115188075856257 7 1771 2 144115188075856258 7 1732 1 144115188075856257 1732 1 144115188075856258 3 0 1721 3 1224979098644774912 100 0 1721 3 1224979098644774913 100 0 2147483678 2 -1 5 
-19.000000 0.000000 0.000000  0  36 1266 1 13 1796 3 0 1 0 1796 3 0 2 0 1796 3 0 3 0 1796 3 0 7 0 1796 3 7 1 1 1796 3 7 2 1 1796 3 7 3 1 1796 3 1 2 -1 1796 3 1 3 1 1796 3 2 3 1 2133 2 144115188075856259 8 1 1 936748722493063716 2133 2 144115188075856252 0 2133 2 144115188075856002 0 2133 2 144115188075856260 0 2133 2 144115188075856006 0 2133 2 144115188075856261 0 2133 2 144115188075856255 -1 2133 2 144115188075856256 -1 2133 2 144115188075856257 -1 2133 2 144115188075856258 -1 2133 2 144115188075856005 -1 2133 2 144115188075856011 -1 2133 2 144115188075856013 -1 2133 2 144115188075856012 -1 2133 2 144115188075856262 0 2133 2 144115188075856015 0 2133 2 144115188075856014 0 2133 2 144115188075856019 0 2133 2 144115188075856018 0 2133 2 144115188075856263 0 2133 2 144115188075856253 -1 2133 2 144115188075856254 -1 2133 2 144115188075856264 -1000 2147483678 2 -1 6 
0.000000 0.000000 100000000.000000  0  42 1124 2 17 17 1123 2 500 650 1125 1 0 1935 0 1 1 936748722493063717 1780 2 1 59 1970 1 1 1973 2 288230376151711778 0 2133 2 144115188075856004 1 1833 3 1224979098644774912 288230376151711772 0 1850 2 0 1224979098644774912 722 3 0 -1000 1 1855 2 1224979098644774912 0 1833 3 1224979098644774912 288230376151712339 0 1850 2 0 1224979098644774912 722 3 0 -1000 1 1855 2 1224979098644774912 0 1833 3 1224979098644774912 288230376151711779 0 1850 2 0 1224979098644774912 722 3 0 -1000 1 1855 2 1224979098644774912 0 1833 3 1224979098644774912 288230376151712340 0 1850 2 0 1224979098644774912 722 3 0 -1000 1 1855 2 1224979098644774912 0 1833 3 1224979098644774912 288230376151711773 0 1850 2 0 1224979098644774912 722 3 0 -1000 1 1855 2 1224979098644774912 0 1833 3 1224979098644774912 288230376151711780 0 1850 2 0 1224979098644774912 722 3 0 -1000 1 1855 2 1224979098644774912 0 1833 3 1224979098644774912 288230376151711774 0 1850 2 0 1224979098644774912 722 3 0 -1000 1 1855 2 1224979098644774912 0 1833 3 1224979098644774912 288230376151711768 0 1850 2 0 1224979098644774912 722 3 0 -1000 1 1855 2 1224979098644774912 0 2147483678 2 -1 7 
0.000000 1.000000 100000000.000000  0  3 1126 1 1 1122 1 216172782113786903 2147483678 2 -1 8 
0.000000 0.000000 0.000000  22 2370 1 1224979098644774912 12 1 1224979098644774913 1718 2 1224979098644774914 1224979098644774913 31 2 1224979098644774914 360287970189640593 4 0 1726 3 1224979098644774915 1224979098644774913 0 2147483679 2 1224979098644774915 288230376151711772 1747 2 1224979098644774913 288230376151711772 5 0 525 3 1224979098644774916 1224979098644774913 9 1850 2 1 1224979098644774916 722 2 1 10 1744 2 1224979098644774913 1 4 0 2147484213 3 1224979098644774913 19 1224979098644774912 1745 2 1224979098644774913 0 2136 3 1224979098644774917 3 13 2105 2 1224979098644774917 1224979098644774912 505 3 1224979098644774913 19 1224979098644774917 3 0 3 0 3 0  1 2147483678 2 -1 9 
0.000000 0.000000 0.000000  140 2124 1 100 12 1 1224979098644774912 1718 2 1224979098644774913 1224979098644774912 1073741855 2 1224979098644774913 360287970189640595 31 2 1224979098644774913 360287970189640596 525 3 1224979098644774914 1224979098644774912 11 1780 2 1 1224979098644774914 1710 2 2 1224979098644774912 712 3 1224979098644774915 1 2 4 0 2147483678 2 1224979098644774915 6400 2105 2 1224979098644774914 1 4 0 32 2 1224979098644774914 57 2133 2 1224979098644774914 48 3 0 505 3 1224979098644774912 11 1224979098644774914 1780 2 1 1224979098644774914 1730 2 1224979098644774912 1 3 0 4 0 31 2 1224979098644774913 360287970189640596 4 0 1726 3 1224979098644774916 1224979098644774912 0 2147483679 2 1224979098644774916 288230376151711772 1747 2 1224979098644774912 288230376151711772 5 0 1810 2 1224979098644774917 1080863910568919210 2133 2 1224979098644774918 10000000 2133 2 1224979098644774919 -1 6 3 1224979098644774920 0 1224979098644774917 1811 3 1224979098644774921 1080863910568919210 1224979098644774920 2147484193 3 1224979098644774912 9 1224979098644774921 1850 2 1 1224979098644774921 714 2 2 1 712 3 1224979098644774915 1 2 2147483678 2 1224979098644774915 1224979098644774918 2133 2 1224979098644774918 1224979098644774915 2133 2 1224979098644774919 1224979098644774921 3 0 4 0 2147483678 2 1224979098644774918 40000 1850 2 1 1224979098644774919 722 2 1 10 701 1 3 729 2 3 -160 716 3 4 1 3 700 2 1 4 1744 2 1224979098644774912 1 2147483678 2 1224979098644774918 22500 505 3 1224979098644774912 9 1224979098644774919 1745 2 1224979098644774912 0 5 0 525 3 1224979098644774922 1224979098644774912 9 30 2 1224979098644774922 0 1850 2 1 1224979098644774922 712 3 1224979098644774915 1 2 2147483678 2 1224979098644774915 40000 722 2 1 10 701 1 3 729 2 3 -160 716 3 4 1 3 700 2 1 4 1744 2 1224979098644774912 1 3 0 3 0 5 0 31 2 1224979098644774913 360287970189640595 4 0 1726 3 1224979098644774916 1224979098644774912 0 2147483679 2 1224979098644774916 288230376151711761 1747 2 1224979098644774912 288230376151711761 5 0 1810 2 1224979098644774917 1080863910568919957 2133 2 1224979098644774918 10000000 2133 2 1224979098644774919 -1 6 3 1224979098644774920 0 1224979098644774917 1811 3 1224979098644774921 1080863910568919957 1224979098644774920 2147484193 3 1224979098644774912 9 1224979098644774921 1850 2 1 1224979098644774921 712 3 1224979098644774915 1 2 2147483678 2 1224979098644774915 1224979098644774918 2133 2 1224979098644774918 1224979098644774915 2133 2 1224979098644774919 1224979098644774921 3 0 4 0 2147483678 2 1224979098644774918 10000 1850 2 1 1224979098644774919 717 3 3 2 1 726 2 1224979098644774923 3 727 2 1224979098644774924 3 33 3 1224979098644774923 -200 200 32 2 1224979098644774924 -100 701 1 3 4 0 2147483678 2 1224979098644774923 0 720 2 3 -100 722 2 3 100 5 0 720 2 3 100 722 2 3 150 3 0 716 3 4 2 3 1744 2 1224979098644774912 4 4 0 2147483678 2 1224979098644774923 0 1745 3 1224979098644774912 2 1 5 0 1745 3 1224979098644774912 1 1 3 0 3221225502 2 1224979098644774918 900 2147483678 2 1224979098644774924 100 1745 3 1224979098644774912 0 0 505 3 1224979098644774912 9 1224979098644774919 5 0 525 3 1224979098644774922 1224979098644774912 9 30 2 1224979098644774922 0 1850 2 1 1224979098644774922 712 3 1224979098644774915 1 2 2147483678 2 1224979098644774915 10000 717 3 3 2 1 726 2 1224979098644774923 3 727 2 1224979098644774924 3 33 3 1224979098644774923 -200 200 32 2 1224979098644774924 -100 701 1 3 4 0 2147483678 2 1224979098644774923 0 720 2 3 -100 722 2 3 100 5 0 720 2 3 100 722 2 3 150 3 0 716 3 4 2 3 1744 2 1224979098644774912 4 3 0 3 0 3 0 3 0  1 2147483678 2 -1 10 
0.000000 0.000000 0.000000  21 2370 1 1224979098644774912 12 1 1224979098644774913 1718 2 1224979098644774914 1224979098644774913 31 2 1224979098644774914 360287970189640593 4 0 1726 3 1224979098644774915 1224979098644774913 0 2147483679 2 1224979098644774915 288230376151711772 1747 2 1224979098644774913 288230376151711772 5 0 525 3 1224979098644774916 1224979098644774913 9 1850 2 1 1224979098644774916 1744 2 1224979098644774913 1 4 0 2147484213 3 1224979098644774913 19 1224979098644774912 1745 2 1224979098644774913 0 2136 3 1224979098644774917 3 13 2105 2 1224979098644774917 1224979098644774912 505 3 1224979098644774913 19 1224979098644774917 3 0 3 0 3 0  1 2147483678 2 -1 11 
0.000000 0.000000 0.000000  1 1 1 936748722493063719  1 2147483678 2 -1 12 
5.000000 0.000000 0.000000  13 4 0 2370 1 1224979098644774912 30 2 1224979098644774912 30 31 2 144115188075856004 1 2133 2 144115188075856004 0 1122 1 -1 3 0 1700 1 1224979098644774913 12 1 1224979098644774914 1704 1 1224979098644774914 2147483679 2 1224979098644774914 1224979098644774913 1728 1 1224979098644774914 3 0  1 2147483678 2 -1 13 
0.000000 0.000000 0.000000  30 1700 1 1224979098644774912 1726 3 1224979098644774913 1224979098644774912 0 2133 2 1224979098644774914 0 4 0 31 2 1224979098644774913 288230376151711772 1729 2 1224979098644774912 288230376151711779 1727 3 1224979098644774915 1224979098644774912 1 31 2 1224979098644774915 0 2133 2 1224979098644774914 1 5 0 31 2 1224979098644774913 288230376151712339 1729 2 1224979098644774912 288230376151712340 1727 3 1224979098644774915 1224979098644774912 1 31 2 1224979098644774915 0 2133 2 1224979098644774914 1 5 0 31 2 1224979098644774913 288230376151711773 1729 2 1224979098644774912 288230376151711780 1727 3 1224979098644774915 1224979098644774912 1 31 2 1224979098644774915 0 2133 2 1224979098644774914 1 5 0 31 2 1224979098644774913 288230376151711774 1727 3 1224979098644774915 1224979098644774912 1 2147483680 2 1224979098644774915 1 2133 2 1224979098644774914 1 3 0 31 2 1224979098644774914 1 1728 1 1224979098644774912 1120 2 216172782113786982 1585267068834414749  1 2147483678 2 -1 14 
0.000000 0.000000 0.000000  175 1700 1 1224979098644774912 2147483679 2 144115188075856019 0 1936 0 4 0 31 2 144115188075856019 1 2133 2 144115188075856008 0 2105 2 144115188075856019 1 5 0 31 2 144115188075856019 2 4 0 4 0 30 2 144115188075856020 0 1833 3 1224979098644774913 144115188075856020 0 1850 2 0 1224979098644774913 722 3 0 1000 1 1855 2 1224979098644774913 0 1811 3 1224979098644774914 1080863910568919959 0 1855 2 1224979098644774914 0 2133 2 144115188075856264 200 4 0 30 2 144115188075856021 0 1833 3 1224979098644774913 144115188075856021 0 1850 2 0 1224979098644774913 722 3 0 1000 1 1855 2 1224979098644774913 0 3 0 3 0 2105 2 144115188075856019 1 3 0 5 0 31 2 144115188075856019 3 4 0 30 2 144115188075856020 0 4 0 2325 2 0 144115188075856020 1122 1 216172782113786988 1729 2 1224979098644774912 144115188075856020 2105 2 144115188075856019 1 600 1 1152921504606846977 3 0 5 0 2105 2 144115188075856019 1 3 0 5 0 31 2 144115188075856019 4 4 0 30 2 144115188075856021 0 4 0 2325 2 0 144115188075856021 1122 1 216172782113786988 1729 2 1224979098644774912 144115188075856021 2105 2 144115188075856019 1 600 1 1152921504606846977 3 0 5 0 2105 2 144115188075856019 1 3 0 5 0 31 2 144115188075856019 5 4 0 1714 2 1224979098644774915 1224979098644774912 2147483678 2 1224979098644774915 0 1122 1 216172782113786989 4 0 2133 2 1224979098644774916 -1 12 1 1224979098644774917 1719 2 1224979098644774918 1224979098644774917 31 2 1224979098644774918 288230376151711778 2133 2 1224979098644774916 1224979098644774917 3 0 1710 2 0 1224979098644774916 1811 3 1224979098644774914 1080863910568919959 0 1850 2 1 1224979098644774914 2124 1 100 726 2 1224979098644774919 0 726 2 1224979098644774920 1 727 2 1224979098644774921 0 727 2 1224979098644774922 1 3221225503 2 1224979098644774919 1224979098644774920 2147483679 2 1224979098644774921 1224979098644774922 1855 2 1224979098644774914 0 2133 2 144115188075856264 200 3 0 5 0 2105 2 144115188075856019 1 3 0 5 0 31 2 144115188075856019 6 4 0 31 2 144115188075856018 0 1122 1 216172782113786990 5 0 31 2 144115188075856018 1 2133 2 1224979098644774923 1080863910568919957 1122 1 216172782113786991 5 0 2133 2 1224979098644774923 1080863910568919210 1122 1 216172782113786992 3 0 4 0 31 2 144115188075856018 0 2120 3 1224979098644774924 144115188075856008 48 1780 2 0 1224979098644774924 701 1 2 721 2 2 -800 716 3 3 0 2 700 2 0 3 1710 2 2 1224979098644774912 4 0 710 3 1224979098644774925 0 2 2147483678 2 1224979098644774925 500 2105 2 144115188075856008 1 30 2 144115188075856008 10 2133 2 144115188075856264 -1000 1122 3 216172782113786993 0 10 2133 2 144115188075856019 0 2105 2 144115188075856018 1 600 1 1152921504606846978 3 0 4 0 1811 3 1224979098644774914 1080863910568919959 0 1850 2 1 1224979098644774914 2124 1 1 726 2 1224979098644774919 0 726 2 1224979098644774920 1 727 2 1224979098644774921 0 727 2 1224979098644774922 1 3221225503 2 1224979098644774919 1224979098644774920 2147483679 2 1224979098644774921 1224979098644774922 1855 2 1224979098644774914 0 2133 2 144115188075856264 150 600 1 1152921504606846977 3 0 5 0 1810 2 1224979098644774926 1224979098644774923 4 0 2147483678 2 144115188075856008 6 2133 2 1224979098644774927 -1 2120 3 1224979098644774928 144115188075856008 1 6 3 1224979098644774929 0 1224979098644774926 1811 3 1224979098644774930 1224979098644774923 1224979098644774929 1841 2 1224979098644774931 1224979098644774930 31 2 1224979098644774928 1224979098644774931 2133 2 1224979098644774927 1224979098644774930 2133 2 1224979098644774926 0 3 0 4 0 1850 2 0 1224979098644774927 1811 3 1224979098644774914 1080863910568919959 0 1850 2 1 1224979098644774914 2124 1 1 726 2 1224979098644774919 0 726 2 1224979098644774920 1 727 2 1224979098644774921 0 727 2 1224979098644774922 1 3221225503 2 1224979098644774919 1224979098644774920 2147483679 2 1224979098644774921 1224979098644774922 1855 2 1224979098644774914 0 2133 2 144115188075856264 200 600 1 1152921504606846977 3 0 5 0 2133 2 144115188075856264 -1000 4 0 30 2 144115188075856021 0 1774 2 1224979098644774912 144115188075856021 3 0 1774 2 1224979098644774912 144115188075856020 1122 3 216172782113786993 0 10 2133 2 144115188075856019 0 2105 2 144115188075856018 1 600 1 1152921504606846978 3 0 3 0 3 0  1 2147483678 2 -1 15 
0.000000 0.000000 0.000000  122 1700 1 1224979098644774912 2147483679 2 144115188075856015 0 1936 0 4 0 31 2 144115188075856015 1 4 0 2133 2 144115188075856210 0 2133 2 144115188075856008 0 1833 3 1224979098644774913 144115188075856016 0 1850 2 0 1224979098644774913 722 3 0 1000 1 1855 2 1224979098644774913 0 1811 3 1224979098644774914 1080863910568919959 0 1855 2 1224979098644774914 0 2133 2 144115188075856264 100 4 0 30 2 144115188075856017 0 1833 3 1224979098644774913 144115188075856017 0 1850 2 0 1224979098644774913 722 3 0 1000 1 1855 2 1224979098644774913 0 3 0 2105 2 144115188075856015 1 3 0 5 0 31 2 144115188075856015 2 4 0 2325 2 0 144115188075856016 1122 1 216172782113786983 1729 2 1224979098644774912 144115188075856016 2105 2 144115188075856015 1 600 1 1152921504606846977 3 0 5 0 31 2 144115188075856015 3 4 0 30 2 144115188075856017 0 4 0 2325 2 0 144115188075856017 1122 1 216172782113786983 1729 2 1224979098644774912 144115188075856017 2105 2 144115188075856015 1 600 1 1152921504606846977 3 0 5 0 2105 2 144115188075856015 1 3 0 5 0 31 2 144115188075856015 4 4 0 6 3 1224979098644774915 0 3 1811 3 1224979098644774916 1080863910568919883 1224979098644774915 1870 1 1224979098644774916 1780 2 0 45 701 1 1 2121 3 1224979098644774917 1224979098644774915 1 2107 2 1224979098644774917 5 725 2 1 1224979098644774917 4 0 30 2 144115188075856017 0 721 2 1 1300 5 0 721 2 1 800 2107 2 1224979098644774917 2 3 0 716 3 2 0 1 791 1 2 1811 3 1224979098644774918 1080863910568919884 1224979098644774915 1855 2 1224979098644774918 2 722 3 2 150 1 1855 2 1224979098644774916 2 3 0 1811 3 1224979098644774914 1080863910568919959 0 1811 3 1224979098644774918 1080863910568919884 1 1850 2 1 1224979098644774918 1855 2 1224979098644774914 1 2133 2 144115188075856264 200 1122 1 216172782113786984 2105 2 144115188075856015 1 3 0 5 0 31 2 144115188075856015 5 4 0 4 0 2147483679 2 144115188075856008 144115188075856210 2133 2 144115188075856008 144115188075856210 4 0 2147483678 2 144115188075856210 3 600 1 1152921504606846977 5 0 600 1 1152921504606846978 3 0 3 0 4 0 31 2 144115188075856014 0 31 2 144115188075856210 0 1780 2 0 45 1710 2 1 1224979098644774912 2147484362 2 1 0 1122 1 216172782113786985 5 0 31 2 144115188075856014 0 31 2 144115188075856210 1 1122 1 216172782113786986 3 0 30 2 144115188075856210 3 2133 2 144115188075856264 -1000 2105 2 144115188075856015 1 3 0 5 0 31 2 144115188075856015 6 4 0 4 0 30 2 144115188075856017 0 1774 2 1224979098644774912 144115188075856017 3 0 1774 2 1224979098644774912 144115188075856016 1122 3 216172782113786987 0 10 2133 2 144115188075856015 0 2105 2 144115188075856014 1 3 0 3 0  1 2147483678 2 -1 16 
0.000000 0.000000 0.000000  138 1700 1 1224979098644774912 2147483679 2 144115188075856005 -1 1936 0 12 1 1224979098644774913 1718 2 1224979098644774914 1224979098644774913 31 2 1224979098644774914 144115188075856005 2133 2 1224979098644774915 1224979098644774913 3 0 4 0 31 2 144115188075856006 0 4 0 12 1 1224979098644774913 1718 2 1224979098644774914 1224979098644774913 1073741855 2 1224979098644774914 360287970189640589 1073741855 2 1224979098644774914 360287970189640590 1073741855 2 1224979098644774914 360287970189640591 31 2 1224979098644774914 360287970189640592 1771 2 1224979098644774913 7 525 3 1224979098644774916 1224979098644774913 8 1780 2 1 1224979098644774916 1730 2 1224979098644774913 1 1732 1 1224979098644774913 3 0 1747 2 1224979098644774915 288230376151711761 2136 3 144115188075856006 1 5 2133 2 144115188075856010 1 2133 2 144115188075856263 0 3 0 5 0 32 2 144115188075856006 0 4 0 1771 2 1224979098644774912 1 1771 2 1224979098644774915 2 1710 2 1 1224979098644774912 1748 2 1224979098644774915 1 1763 2 1224979098644774917 1224979098644774912 4 0 31 2 1224979098644774917 2 1767 2 1224979098644774918 1224979098644774912 4 0 31 2 1224979098644774918 0 1746 3 1224979098644774915 0 1 5 0 31 2 1224979098644774918 3 1746 3 1224979098644774915 3 1 5 0 31 2 1224979098644774918 1 1746 3 1224979098644774915 2 1 5 0 31 2 1224979098644774918 2 1746 3 1224979098644774915 1 1 3 0 3 0 4 0 30 2 144115188075856008 5 1122 1 -1 2133 2 144115188075856006 0 1771 2 1224979098644774912 0 1771 2 1224979098644774915 7 1721 3 1224979098644774912 100 0 1721 3 1224979098644774915 100 0 2133 2 144115188075856002 9 1920 1 144115188075856005 2133 2 144115188075856005 -1 3 0 3 0 3 0 4 0 1763 2 1224979098644774917 1224979098644774912 31 2 1224979098644774917 2 1767 2 1224979098644774918 1224979098644774912 2120 3 1224979098644774919 1224979098644774918 1 1726 3 1224979098644774920 1224979098644774912 0 1 2 936748722493063718 1224979098644774920 2370 1 1224979098644774921 32 2 1224979098644774921 144115188075856263 4 0 31 2 1224979098644774919 144115188075856006 2105 2 144115188075856008 1 4 0 30 2 144115188075856008 5 2133 2 144115188075856006 5 600 1 1152921504606846978 5 0 600 1 1152921504606846977 2133 2 1224979098644774922 100 6 3 1224979098644774923 0 1224979098644774922 2136 3 1224979098644774924 1 5 2147483679 2 1224979098644774924 144115188075856006 2133 2 144115188075856006 1224979098644774924 2133 2 1224979098644774922 0 3 0 3 0 2133 2 144115188075856010 1 5 0 2105 2 144115188075856009 1 600 1 1152921504606847148 3 0 2120 3 144115188075856263 1224979098644774921 1 3 0 2133 2 72057594037927936 144115188075856008 2133 2 72057594037927937 144115188075856009 2319 1 0 2133 2 144115188075856253 -1 2133 2 144115188075856254 -1 4 0 2147483679 2 144115188075856006 5 2370 1 1224979098644774921 1073741855 2 144115188075856010 0 32 2 1224979098644774921 144115188075856263 4 0 31 2 144115188075856006 1 2320 2 0 216172782113786975 5 0 31 2 144115188075856006 4 2320 2 0 216172782113786976 5 0 31 2 144115188075856006 2 2320 2 0 216172782113786978 5 0 31 2 144115188075856006 3 2320 2 0 216172782113786977 3 0 2121 3 144115188075856253 144115188075856006 1 2133 2 144115188075856254 0 4 0 31 2 144115188075856010 1 2133 2 144115188075856010 0 900 1 1513209474796486683 3 0 3 0 4 0 1726 3 1224979098644774920 1224979098644774912 0 1 2 936748722493063718 1224979098644774920 1122 1 216172782113786974 5 0 1122 1 216172782113786973 3 0  1 2147483678 2 -1 17 
0.000000 0.000000 0.000000  140 1700 1 1224979098644774912 2147483679 2 144115188075856011 -1 1936 0 12 1 1224979098644774913 1718 2 1224979098644774914 1224979098644774913 31 2 1224979098644774914 144115188075856011 2133 2 1224979098644774915 1224979098644774913 3 0 4 0 31 2 144115188075856006 0 4 0 12 1 1224979098644774913 1718 2 1224979098644774914 1224979098644774913 1073741855 2 1224979098644774914 360287970189640589 1073741855 2 1224979098644774914 360287970189640590 1073741855 2 1224979098644774914 360287970189640591 31 2 1224979098644774914 360287970189640592 1771 2 1224979098644774913 7 525 3 1224979098644774916 1224979098644774913 8 1780 2 1 1224979098644774916 1730 2 1224979098644774913 1 1732 1 1224979098644774913 3 0 1747 2 1224979098644774915 288230376151711761 2105 2 144115188075856006 1 2370 1 144115188075856261 2105 2 144115188075856261 1 3 0 5 0 31 2 144115188075856006 1 4 0 2370 1 1224979098644774917 32 2 1224979098644774917 144115188075856261 1771 2 1224979098644774912 1 1771 2 1224979098644774915 2 1710 2 1 1224979098644774912 1748 2 1224979098644774915 1 1710 2 2 1224979098644774915 712 3 1224979098644774918 1 2 2147483678 2 1224979098644774918 400 4 0 31 2 144115188075856007 0 4 0 30 2 144115188075856008 5 2133 2 144115188075856253 -1 2133 2 144115188075856254 -1 1122 1 -1 2133 2 144115188075856006 0 1771 2 1224979098644774912 0 1771 2 1224979098644774915 7 1721 3 1224979098644774912 100 0 1721 3 1224979098644774915 100 0 2133 2 144115188075856002 1 1920 1 144115188075856011 2133 2 144115188075856011 -1 5 0 2136 3 1224979098644774919 0 4 1745 3 1224979098644774915 1224979098644774919 1 2105 2 144115188075856007 1 2133 2 144115188075856253 1224979098644774919 4 0 33 3 1224979098644774919 1 3 2121 3 144115188075856253 3 1224979098644774919 3 0 2133 2 144115188075856254 1 900 1 1513209474796486683 3 0 5 0 31 2 144115188075856007 1 1764 2 1224979098644774920 1224979098644774912 32 2 1224979098644774920 0 1767 2 1224979098644774921 1224979098644774912 1767 2 1224979098644774922 1224979098644774915 2133 2 1224979098644774923 0 4 0 31 2 1224979098644774922 0 31 2 1224979098644774921 0 2133 2 1224979098644774923 1 5 0 31 2 1224979098644774922 3 31 2 1224979098644774921 3 2133 2 1224979098644774923 1 5 0 31 2 1224979098644774922 1 31 2 1224979098644774921 2 2133 2 1224979098644774923 1 5 0 31 2 1224979098644774922 2 31 2 1224979098644774921 1 2133 2 1224979098644774923 1 3 0 31 2 1224979098644774923 1 2133 2 144115188075856253 -1 2133 2 144115188075856254 -1 1745 3 1224979098644774915 0 0 2105 2 144115188075856007 1 2370 1 144115188075856262 2105 2 144115188075856262 2 5 0 31 2 144115188075856007 2 4 0 2370 1 1224979098644774917 32 2 1224979098644774917 144115188075856262 2133 2 144115188075856007 0 3 0 3 0 3 0 3 0 4 0 1769 1 1224979098644774915 1726 3 1224979098644774924 1224979098644774912 1 31 2 1224979098644774924 -1 1726 3 1224979098644774925 1224979098644774912 0 2147483679 2 1224979098644774925 288230376151711763 1 2 936748722493063718 1224979098644774925 2370 1 1224979098644774917 32 2 1224979098644774917 144115188075856263 2105 2 144115188075856008 1 4 0 2147483678 2 144115188075856008 5 600 1 1152921504606846977 5 0 600 1 1152921504606846978 3 0 2120 3 144115188075856263 1224979098644774917 1 3 0 2133 2 72057594037927936 144115188075856008 4 0 1726 3 1224979098644774924 1224979098644774912 1 31 2 1224979098644774924 -1 1726 3 1224979098644774925 1224979098644774912 0 2147483679 2 1224979098644774925 288230376151711763 1 2 936748722493063718 1224979098644774925 1122 1 216172782113786979 5 0 2147483679 2 1224979098644774924 -1 1122 1 216172782113786971 5 0 1122 1 216172782113786972 3 0  1 2147483678 2 -1 18 
0.000000 0.000000 0.000000  108 1700 1 1224979098644774912 2147483679 2 144115188075856012 -1 1936 0 12 1 1224979098644774913 1718 2 1224979098644774914 1224979098644774913 31 2 1224979098644774914 144115188075856012 2133 2 1224979098644774915 1224979098644774913 3 0 4 0 31 2 144115188075856006 0 4 0 12 1 1224979098644774913 1718 2 1224979098644774914 1224979098644774913 1073741855 2 1224979098644774914 360287970189640589 1073741855 2 1224979098644774914 360287970189640590 1073741855 2 1224979098644774914 360287970189640591 31 2 1224979098644774914 360287970189640592 1771 2 1224979098644774913 7 525 3 1224979098644774916 1224979098644774913 8 1780 2 1 1224979098644774916 1730 2 1224979098644774913 1 1732 1 1224979098644774913 3 0 1747 2 1224979098644774915 288230376151711761 2105 2 144115188075856006 1 2370 1 144115188075856261 2105 2 144115188075856261 1 3 0 5 0 31 2 144115188075856006 1 4 0 2370 1 1224979098644774917 32 2 1224979098644774917 144115188075856261 1771 2 1224979098644774912 1 1771 2 1224979098644774915 2 1710 2 1 1224979098644774912 1748 2 1224979098644774915 1 1710 2 2 1224979098644774915 712 3 1224979098644774918 1 2 2147483678 2 1224979098644774918 400 4 0 31 2 144115188075856007 0 4 0 30 2 144115188075856008 5 1122 1 -1 2133 2 144115188075856006 0 1771 2 1224979098644774912 0 1771 2 1224979098644774915 7 1721 3 1224979098644774912 100 0 1721 3 1224979098644774915 100 0 2133 2 144115188075856002 6 1920 1 144115188075856012 2133 2 144115188075856012 -1 5 0 2136 3 144115188075856265 0 4 1745 3 1224979098644774915 144115188075856265 1 2105 2 144115188075856007 1 2370 1 144115188075856262 2105 2 144115188075856262 1 3 0 5 0 31 2 144115188075856007 1 4 0 2370 1 1224979098644774917 32 2 1224979098644774917 144115188075856262 1745 3 1224979098644774915 -1 0 1746 3 1224979098644774915 0 1 2105 2 144115188075856007 1 2370 1 144115188075856262 2105 2 144115188075856262 1 3 0 5 0 31 2 144115188075856007 2 4 0 2370 1 1224979098644774917 32 2 1224979098644774917 144115188075856262 1745 3 1224979098644774915 144115188075856265 0 2105 2 144115188075856007 1 2370 1 144115188075856262 2105 2 144115188075856262 2 3 0 5 0 31 2 144115188075856007 3 4 0 2370 1 1224979098644774917 32 2 1224979098644774917 144115188075856262 2133 2 144115188075856007 0 3 0 3 0 3 0 3 0 4 0 1769 1 1224979098644774915 1763 2 1224979098644774919 1224979098644774912 2370 1 1224979098644774917 32 2 1224979098644774917 144115188075856263 2120 3 144115188075856263 1224979098644774917 1 31 2 1224979098644774919 1 2105 2 144115188075856008 1 4 0 2147483678 2 144115188075856008 5 600 1 1152921504606846977 5 0 600 1 1152921504606846978 3 0 3 0 2133 2 72057594037927936 144115188075856008 1122 1 216172782113786980  1 2147483678 2 -1 19 
0.000000 0.000000 0.000000  39 1700 1 1224979098644774912 2147483679 2 144115188075856013 -1 1936 0 12 1 1224979098644774913 1718 2 1224979098644774914 1224979098644774913 31 2 1224979098644774914 144115188075856013 2133 2 1224979098644774915 1224979098644774913 3 0 4 0 31 2 144115188075856006 0 4 0 12 1 1224979098644774913 1718 2 1224979098644774914 1224979098644774913 1073741855 2 1224979098644774914 360287970189640589 1073741855 2 1224979098644774914 360287970189640590 1073741855 2 1224979098644774914 360287970189640591 31 2 1224979098644774914 360287970189640592 1771 2 1224979098644774913 7 525 3 1224979098644774916 1224979098644774913 8 1780 2 1 1224979098644774916 1730 2 1224979098644774913 1 1732 1 1224979098644774913 3 0 1747 2 1224979098644774915 288230376151711761 2105 2 144115188075856006 1 2370 1 144115188075856261 2105 2 144115188075856261 1 3 0 5 0 31 2 144115188075856006 1 4 0 2370 1 1224979098644774917 32 2 1224979098644774917 144115188075856261 1771 2 1224979098644774912 1 1771 2 1224979098644774915 2 1735 1 1224979098644774915 1732 1 1224979098644774915 3 0 3 0  1 2147483678 2 -1 20 
0.000000 0.000000 0.000000  7 31 2 144115188075856005 -1 31 2 144115188075856011 -1 31 2 144115188075856013 -1 31 2 144115188075856012 -1 31 2 144115188075856015 0 31 2 144115188075856019 0 1935 0  1 2147483678 2 -1 21 
0.000000 0.000000 0.000000  164 31 2 144115188075856005 -1 31 2 144115188075856011 -1 31 2 144115188075856013 -1 31 2 144115188075856012 -1 1700 1 1224979098644774912 1710 2 1 1224979098644774912 2133 2 1224979098644774913 10000000 12 1 1224979098644774914 1718 2 1224979098644774915 1224979098644774914 1073741855 2 1224979098644774915 360287970189640589 1073741855 2 1224979098644774915 360287970189640590 1073741855 2 1224979098644774915 360287970189640591 31 2 1224979098644774915 360287970189640592 1710 2 2 1224979098644774914 712 3 1224979098644774916 1 2 2147483678 2 1224979098644774916 1224979098644774913 2133 2 1224979098644774913 1224979098644774916 3 0 4 0 2147483680 2 1224979098644774913 1600 2133 2 144115188075856260 1 12 1 1224979098644774914 1718 2 1224979098644774915 1224979098644774914 1073741855 2 1224979098644774915 360287970189640589 1073741855 2 1224979098644774915 360287970189640590 1073741855 2 1224979098644774915 360287970189640591 31 2 1224979098644774915 360287970189640592 1771 2 1224979098644774914 7 1710 2 2 1224979098644774914 1730 2 1224979098644774914 2 4 0 2147483679 2 1224979098644774914 144115188075856257 2147483679 2 1224979098644774914 144115188075856258 1747 2 1224979098644774914 -1 3 0 1732 1 1224979098644774914 1713 2 1224979098644774914 1224979098644774912 3 0 5 0 32 2 144115188075856260 0 2133 2 144115188075856260 0 2133 2 144115188075856006 0 3 0 4 0 31 2 144115188075856260 0 31 2 144115188075856006 0 4 0 2133 2 144115188075856257 -1 2133 2 144115188075856258 -1 6 3 1224979098644774917 0 2 4 0 30 2 144115188075856255 0 2133 2 144115188075856257 144115188075856255 2133 2 144115188075856255 -1 3 0 1073741855 2 144115188075856257 -1 31 2 144115188075856258 -1 2133 2 1224979098644774918 0 12 1 1224979098644774914 1718 2 1224979098644774915 1224979098644774914 1073741855 2 1224979098644774915 360287970189640589 1073741855 2 1224979098644774915 360287970189640590 1073741855 2 1224979098644774915 360287970189640591 31 2 1224979098644774915 360287970189640592 2147483679 2 1224979098644774914 144115188075856257 2147483679 2 1224979098644774914 144115188075856258 2147483679 2 1224979098644774914 144115188075856256 2105 2 1224979098644774918 1 3 0 2136 3 1224979098644774919 0 1224979098644774918 12 1 1224979098644774914 1718 2 1224979098644774915 1224979098644774914 1073741855 2 1224979098644774915 360287970189640589 1073741855 2 1224979098644774915 360287970189640590 1073741855 2 1224979098644774915 360287970189640591 31 2 1224979098644774915 360287970189640592 2147483679 2 1224979098644774914 144115188075856257 2147483679 2 1224979098644774914 144115188075856258 2147483679 2 1224979098644774914 144115188075856256 2106 2 1224979098644774919 1 2147483678 2 1224979098644774919 0 4 0 31 2 144115188075856257 -1 2133 2 144115188075856257 1224979098644774914 5 0 2133 2 144115188075856258 1224979098644774914 3 0 3 0 3 0 12 1 1224979098644774914 1718 2 1224979098644774915 1224979098644774914 1073741855 2 1224979098644774915 360287970189640589 1073741855 2 1224979098644774915 360287970189640590 1073741855 2 1224979098644774915 360287970189640591 31 2 1224979098644774915 360287970189640592 2147483679 2 1224979098644774914 144115188075856257 2147483679 2 1224979098644774914 144115188075856258 1747 2 1224979098644774914 -1 3 0 2105 2 144115188075856006 1 2370 1 144115188075856261 2105 2 144115188075856261 3 3 0 5 0 31 2 144115188075856006 1 4 0 2370 1 1224979098644774920 32 2 1224979098644774920 144115188075856261 12 1 1224979098644774914 1704 1 1224979098644774914 1718 2 1224979098644774915 1224979098644774914 1073741855 2 1224979098644774915 360287970189640589 1073741855 2 1224979098644774915 360287970189640590 1073741855 2 1224979098644774915 360287970189640591 31 2 1224979098644774915 360287970189640592 4 0 31 2 1224979098644774914 144115188075856257 1780 2 1 30 1730 2 1224979098644774914 1 5 0 31 2 1224979098644774914 144115188075856258 1780 2 1 31 1730 2 1224979098644774914 1 5 0 525 3 1224979098644774921 1224979098644774914 8 1780 2 1 1224979098644774921 1730 2 1224979098644774914 1 3 0 3 0 2105 2 144115188075856006 1 3 0 5 0 31 2 144115188075856006 2 4 0 1713 2 144115188075856257 144115188075856258 1713 2 144115188075856258 144115188075856257 1710 2 1 144115188075856257 1780 2 2 30 712 3 1224979098644774922 1 2 2147483678 2 1224979098644774922 400 1710 2 1 144115188075856258 1780 2 2 31 712 3 1224979098644774923 1 2 2147483678 2 1224979098644774923 400 2105 2 144115188075856006 1 2370 1 144115188075856261 2105 2 144115188075856261 1 3 0 5 0 31 2 144115188075856006 3 4 0 1713 2 144115188075856257 144115188075856258 1713 2 144115188075856258 144115188075856257 2370 1 1224979098644774920 32 2 1224979098644774920 144115188075856261 1735 1 144115188075856257 1735 1 144115188075856258 1771 2 144115188075856257 1 1771 2 144115188075856258 2 1732 1 144115188075856257 1732 1 144115188075856258 2105 2 144115188075856006 1 3 0 3 0  1 2147483678 2 -1 22 


mst_tutorial_1 tutorial_1 0  -1
You_enter_the_training_ground. 

1 0 1536 511 0 1 6  139 128 135 133 250 172 
5
-21.000000 0.000000 0.000000  0  7 4 0 2147483678 2 144115188075856266 5 1121 1 216172782113783946 5 0 1907 1 0 3 0 2147483678 2 -1 0 
-8.000000 0.000000 0.000000  0  4 2071 1 1224979098644774912 31 2 1224979098644774912 0 1907 1 0 2147483678 2 -1 1 
-22.000000 0.000000 0.000000  1 1106 1 216172782113783922  1 2147483678 2 -1 2 
0.000000 0.000000 100000000.000000  10 1124 2 17 17 1123 2 500 650 1125 1 0 2133 2 144115188075856266 0 2133 2 144115188075856267 0 2133 2 144115188075856268 0 2133 2 144115188075856269 0 2133 2 144115188075856270 0 2133 2 144115188075856271 0 2133 2 144115188075856272 0  1 2147483678 2 -1 3 
0.000000 0.000000 0.000000  105 4 0 31 2 144115188075856266 0 4 0 31 2 144115188075856267 0 2370 1 1224979098644774912 32 2 1224979098644774912 0 2133 2 144115188075856267 1 1122 1 216172782113783869 1811 3 1224979098644774913 1080863910568919201 0 1780 2 1 1 1860 3 1224979098644774913 1 1 3 0 1122 1 216172782113783869 1700 1 1224979098644774914 1710 2 1 1224979098644774914 1780 2 2 1 710 3 1224979098644774915 1 2 2147483680 2 1224979098644774915 100 2105 2 144115188075856266 1 1811 3 1224979098644774916 1080863910568919199 0 1850 2 1 1224979098644774916 725 2 1 -90 1860 3 1224979098644774916 1 150 1811 3 1224979098644774913 1080863910568919201 0 1780 2 1 2 1860 3 1224979098644774913 1 1 5 0 31 2 144115188075856266 1 4 0 31 2 144115188075856268 0 2133 2 144115188075856268 1 1122 1 216172782113783870 600 1 1152921504606846977 3 0 1700 1 1224979098644774914 1710 2 1 1224979098644774914 1780 2 2 2 710 3 1224979098644774915 1 2 2147483680 2 1224979098644774915 100 2105 2 144115188075856266 1 1811 3 1224979098644774916 1080863910568919199 1 1850 2 1 1224979098644774916 725 2 1 90 1860 3 1224979098644774916 1 150 1811 3 1224979098644774913 1080863910568919201 0 1780 2 1 3 1860 3 1224979098644774913 1 1 5 0 31 2 144115188075856266 2 4 0 31 2 144115188075856269 0 2133 2 144115188075856269 1 1122 1 216172782113783871 2133 2 144115188075856209 0 600 1 1152921504606846977 3 0 30 2 144115188075856209 4 2105 2 144115188075856266 1 1811 3 1224979098644774916 1080863910568919199 2 1850 2 1 1224979098644774916 725 2 1 90 1860 3 1224979098644774916 1 150 5 0 31 2 144115188075856266 3 4 0 31 2 144115188075856270 0 2133 2 144115188075856270 1 1122 1 216172782113783872 2370 1 144115188075856273 600 1 1152921504606846977 3 0 2370 1 1224979098644774912 2106 2 1224979098644774912 144115188075856273 32 2 1224979098644774912 10 2105 2 144115188075856266 1 5 0 31 2 144115188075856266 4 4 0 31 2 144115188075856271 0 2133 2 144115188075856271 1 1122 1 216172782113783873 2133 2 144115188075856274 0 2133 2 144115188075856275 0 600 1 1152921504606846977 3 0 4 0 1700 1 1224979098644774914 1727 2 1224979098644774917 1224979098644774914 2147483680 2 1224979098644774917 0 1728 1 1224979098644774914 1122 1 216172782113783867 3 0 32 2 144115188075856274 0 2133 2 144115188075856274 0 2105 2 144115188075856275 1 32 2 144115188075856275 2 2105 2 144115188075856266 1 5 0 31 2 144115188075856266 5 31 2 144115188075856272 0 2133 2 144115188075856272 1 1122 1 216172782113783874 600 1 1152921504606846978 2133 2 144115188075856276 1 3 0  1 2147483678 2 -1 4 


mst_tutorial_2 tutorial_2 1  -1
You_enter_the_training_ground. 

3 0 5632 511 0 1 3  139 250 172 
2 8208 0 16 1 0  
4 8208 0 0 1 0  
7
-21.000000 0.000000 0.000000  0  7 4 0 2147483678 2 144115188075856277 9 1121 1 216172782113783946 5 0 1907 1 0 3 0 2147483678 2 -1 0 
-8.000000 0.000000 0.000000  0  4 2071 1 1224979098644774912 31 2 1224979098644774912 0 1907 1 0 2147483678 2 -1 1 
-22.000000 0.000000 0.000000  1 1106 1 216172782113783922  1 2147483678 2 -1 2 
0.000000 0.000000 100000000.000000  4 2370 1 1224979098644774912 32 2 1224979098644774912 2 1006 0 2133 2 144115188075856277 100  1 2147483678 2 -1 3 
0.000000 0.000000 100000000.000000  14 1124 2 17 17 1123 2 500 650 1125 1 0 2133 2 144115188075856277 0 2133 2 144115188075856278 0 2133 2 144115188075856279 0 2133 2 144115188075856280 0 2133 2 144115188075856281 0 2133 2 144115188075856282 0 2133 2 144115188075856283 0 2133 2 144115188075856284 0 2133 2 144115188075856285 0 2133 2 144115188075856286 0 2133 2 144115188075856287 0  1 2147483678 2 -1 4 
10.000000 0.000000 0.000000  2 1 2 936748722493063502 360287970189639688 1728 1 72057594037927936  1 2147483678 2 -1 5 
0.000000 0.000000 0.000000  230 4 0 31 2 144115188075856277 0 4 0 31 2 144115188075856278 0 2370 1 1224979098644774912 32 2 1224979098644774912 0 2133 2 144115188075856278 1 1122 1 216172782113783875 1790 3 1 9 11 1790 3 1 0 2 1 2 936748722493063502 360287970189639687 2133 2 1224979098644774913 72057594037927936 1710 2 1 1224979098644774913 1730 3 1224979098644774913 1 0 3 0 1700 1 1224979098644774914 30 2 1224979098644774914 0 1710 2 1 1224979098644774914 1780 2 2 1 710 3 1224979098644774915 1 2 2147483680 2 1224979098644774915 200 1811 3 1224979098644774916 1080863910568919199 0 1850 2 1 1224979098644774916 725 2 1 90 1860 3 1224979098644774916 1 150 2105 2 144115188075856277 1 5 0 31 2 144115188075856277 1 1811 3 1224979098644774917 1080863910568919058 0 1850 2 1 1224979098644774917 1700 1 1224979098644774914 1710 2 2 1224979098644774914 714 2 2 1 1811 3 1224979098644774916 1080863910568919199 0 1850 2 1 1224979098644774916 725 2 1 -90 1860 3 1224979098644774916 1 150 2105 2 144115188075856277 1 5 0 31 2 144115188075856277 2 1700 1 1224979098644774914 1754 2 1224979098644774914 0 4 0 31 2 144115188075856287 0 2105 2 144115188075856287 1 1 2 936748722493063502 360287970189639687 2133 2 1224979098644774913 72057594037927936 1780 2 1 3 1730 3 1224979098644774913 1 0 5 0 31 2 144115188075856287 1 1 2 936748722493063502 360287970189639687 2133 2 1224979098644774913 72057594037927936 1780 2 1 3 1710 2 2 1224979098644774913 710 3 1224979098644774915 1 2 2147483680 2 1224979098644774915 250 1735 1 1224979098644774913 2105 2 144115188075856287 1 2370 1 144115188075856273 5 0 31 2 144115188075856287 2 4 0 31 2 144115188075856279 0 2133 2 144115188075856279 1 600 1 1152921504606846977 3 0 1 2 936748722493063502 360287970189639687 2133 2 1224979098644774913 72057594037927936 2370 1 1224979098644774912 2106 2 1224979098644774912 144115188075856273 2121 3 72057594037927939 20 1224979098644774912 1122 1 216172782113783876 32 2 1224979098644774912 20 1780 2 1 3 1730 3 1224979098644774913 1 0 2105 2 144115188075856287 1 5 0 31 2 144115188075856287 3 4 0 31 2 144115188075856280 0 2133 2 144115188075856280 1 1122 1 216172782113783877 600 1 1152921504606846977 3 0 1 2 936748722493063502 360287970189639687 2133 2 1224979098644774913 72057594037927936 1780 2 1 3 1710 2 2 1224979098644774913 710 3 1224979098644774915 1 2 2147483680 2 1224979098644774915 250 1780 2 1 2 1730 3 1224979098644774913 1 0 2105 2 144115188075856287 1 5 0 31 2 144115188075856287 4 1 2 936748722493063502 360287970189639687 2133 2 1224979098644774913 72057594037927936 1780 2 1 2 1710 2 2 1224979098644774913 710 3 1224979098644774915 1 2 2147483680 2 1224979098644774915 250 1780 2 1 30 1711 2 1224979098644774913 1 1730 3 1224979098644774913 1 0 1811 3 1224979098644774916 1080863910568919199 1 1850 2 1 1224979098644774916 725 2 1 90 1860 3 1224979098644774916 1 150 2105 2 144115188075856287 1 2105 2 144115188075856277 1 3 0 5 0 31 2 144115188075856277 3 1811 3 1224979098644774917 1080863910568919058 1 1850 2 1 1224979098644774917 1700 1 1224979098644774914 1754 2 1224979098644774914 1 1710 2 2 1224979098644774914 714 2 2 1 1811 3 1224979098644774916 1080863910568919199 1 1850 2 1 1224979098644774916 725 2 1 -90 1860 3 1224979098644774916 1 150 2370 1 144115188075856273 2105 2 144115188075856277 1 5 0 31 2 144115188075856277 4 4 0 31 2 144115188075856281 0 2133 2 144115188075856281 1 600 1 1152921504606846977 3 0 2370 1 1224979098644774912 2106 2 1224979098644774912 144115188075856273 2121 3 72057594037927939 20 1224979098644774912 1122 1 216172782113783878 32 2 1224979098644774912 20 1780 2 1 5 1970 1 1 1971 1 288230376151711872 1 2 936748722493063502 360287970189639687 2133 2 1224979098644774913 72057594037927936 1780 2 1 3 1711 2 1224979098644774913 1 1730 3 1224979098644774913 1 0 1811 3 1224979098644774916 1080863910568919199 2 1850 2 1 1224979098644774916 725 2 1 90 1860 3 1224979098644774916 1 150 2105 2 144115188075856277 1 5 0 31 2 144115188075856277 5 4 0 31 2 144115188075856282 0 2133 2 144115188075856282 1 1122 1 216172782113783879 600 1 1152921504606846977 3 0 1811 3 1224979098644774917 1080863910568919058 2 1850 2 1 1224979098644774917 1700 1 1224979098644774914 1710 2 2 1224979098644774914 714 2 2 1 1811 3 1224979098644774916 1080863910568919199 2 1850 2 1 1224979098644774916 725 2 1 -90 1860 3 1224979098644774916 1 150 2105 2 144115188075856277 1 5 0 31 2 144115188075856277 6 4 0 31 2 144115188075856283 0 2133 2 144115188075856283 1 1122 1 216172782113783880 600 1 1152921504606846977 3 0 1700 1 1224979098644774914 1729 2 1224979098644774914 288230376151711872 1811 3 1224979098644774916 1080863910568919199 3 1850 2 1 1224979098644774916 725 2 1 -90 1860 3 1224979098644774916 1 150 2105 2 144115188075856277 1 5 0 31 2 144115188075856277 7 4 0 31 2 144115188075856284 0 2133 2 144115188075856284 1 1122 1 216172782113783881 600 1 1152921504606846977 1700 1 1224979098644774914 1721 2 1224979098644774914 100 3 0 1 2 936748722493063502 360287970189639688 2133 2 1224979098644774913 72057594037927936 2147485350 1 1224979098644774913 1 2 936748722493063502 360287970189639687 2133 2 1224979098644774913 72057594037927936 1735 1 1224979098644774913 1811 3 1224979098644774916 1080863910568919199 4 1850 2 1 1224979098644774916 725 2 1 -90 1860 3 1224979098644774916 1 150 2105 2 144115188075856277 1 5 0 31 2 144115188075856277 8 4 0 31 2 144115188075856285 0 2133 2 144115188075856285 1 1122 1 216172782113783882 600 1 1152921504606846977 1700 1 1224979098644774914 1721 2 1224979098644774914 100 3 0 1 2 936748722493063502 360287970189639687 2133 2 1224979098644774913 72057594037927936 2147485350 1 1224979098644774913 2105 2 144115188075856277 1 5 0 31 2 144115188075856277 9 31 2 144115188075856286 0 2133 2 144115188075856286 1 1122 1 216172782113783883 600 1 1152921504606846978 2133 2 144115188075856288 1 5 0 32 2 144115188075856277 30 1122 1 216172782113783868 3 0  1 2147483678 2 -1 6 


mst_tutorial_3 tutorial_3 1  -1
You_enter_the_training_ground. 

3 0 5632 511 0 1 2  250 172 
3 8208 0 16 1 0  
5 8208 0 16 1 0  
6
-21.000000 0.000000 0.000000  0  7 4 0 2147483678 2 144115188075856289 12 1121 1 216172782113783946 5 0 1907 1 0 3 0 2147483678 2 -1 0 
-8.000000 0.000000 0.000000  0  4 2071 1 1224979098644774912 31 2 1224979098644774912 0 1907 1 0 2147483678 2 -1 1 
-22.000000 0.000000 0.000000  1 1106 1 216172782113783922  1 2147483678 2 -1 2 
0.000000 0.000000 100000000.000000  4 2370 1 1224979098644774912 32 2 1224979098644774912 2 1006 0 2133 2 144115188075856289 100  1 2147483678 2 -1 3 
0.000000 0.000000 100000000.000000  10 1124 2 17 17 1123 2 500 650 1125 1 0 2133 2 144115188075856289 0 2133 2 144115188075856290 0 2133 2 144115188075856291 0 2133 2 144115188075856292 0 2133 2 144115188075856293 0 2133 2 144115188075856294 0 2133 2 144115188075856295 0  1 2147483678 2 -1 4 
0.000000 0.000000 0.000000  208 4 0 31 2 144115188075856289 0 4 0 31 2 144115188075856290 0 2370 1 1224979098644774912 32 2 1224979098644774912 0 2133 2 144115188075856290 1 1122 1 216172782113783884 1 2 936748722493063502 360287970189639687 2133 2 1224979098644774913 72057594037927936 1710 2 1 1224979098644774913 1730 3 1224979098644774913 1 0 1 2 936748722493063502 360287970189639689 2133 2 1224979098644774913 72057594037927936 1710 2 1 1224979098644774913 1730 3 1224979098644774913 1 0 1780 2 1 1 1970 1 1 1971 1 288230376151711884 3 0 1700 1 1224979098644774914 30 2 1224979098644774914 0 1729 2 1224979098644774914 288230376151711884 2105 2 144115188075856289 1 5 0 31 2 144115188075856289 1 4 0 31 2 144115188075856291 0 2133 2 144115188075856291 1 1122 1 216172782113783885 600 1 1152921504606846977 3 0 1700 1 1224979098644774914 1710 2 1 1224979098644774914 1780 2 2 2 710 3 1224979098644774915 1 2 2147483680 2 1224979098644774915 200 1811 3 1224979098644774916 1080863910568919200 0 1850 2 1 1224979098644774916 725 2 1 -90 1860 3 1224979098644774916 1 150 2105 2 144115188075856289 1 5 0 31 2 144115188075856289 2 1811 3 1224979098644774917 1080863910568919058 0 1850 2 1 1224979098644774917 1700 1 1224979098644774914 1710 2 2 1224979098644774914 714 2 2 1 1811 3 1224979098644774916 1080863910568919200 0 1850 2 1 1224979098644774916 725 2 1 90 1860 3 1224979098644774916 1 150 2105 2 144115188075856289 1 5 0 31 2 144115188075856289 3 1700 1 1224979098644774914 1754 2 1224979098644774914 0 1 2 936748722493063502 360287970189639687 2133 2 1224979098644774913 72057594037927936 1780 2 1 4 1730 3 1224979098644774913 1 0 2105 2 144115188075856289 1 5 0 31 2 144115188075856289 4 1 2 936748722493063502 360287970189639687 2133 2 1224979098644774913 72057594037927936 1780 2 1 4 1710 2 2 1224979098644774913 710 3 1224979098644774915 1 2 2147483680 2 1224979098644774915 250 1735 1 1224979098644774913 2105 2 144115188075856289 1 2370 1 144115188075856273 5 0 31 2 144115188075856289 5 4 0 31 2 144115188075856292 0 2133 2 144115188075856292 1 600 1 1152921504606846977 3 0 1 2 936748722493063502 360287970189639687 2133 2 1224979098644774913 72057594037927936 2370 1 1224979098644774912 2106 2 1224979098644774912 144115188075856273 2121 3 72057594037927939 20 1224979098644774912 1122 1 216172782113783886 32 2 1224979098644774912 20 1780 2 1 4 1730 3 1224979098644774913 1 0 2105 2 144115188075856289 1 5 0 31 2 144115188075856289 6 4 0 31 2 144115188075856293 0 2133 2 144115188075856293 1 1122 1 216172782113783887 600 1 1152921504606846977 3 0 1 2 936748722493063502 360287970189639687 2133 2 1224979098644774913 72057594037927936 1780 2 1 4 1710 2 2 1224979098644774913 710 3 1224979098644774915 1 2 2147483680 2 1224979098644774915 250 1780 2 1 3 1730 3 1224979098644774913 1 0 2105 2 144115188075856289 1 5 0 31 2 144115188075856289 7 1 2 936748722493063502 360287970189639687 2133 2 1224979098644774913 72057594037927936 1780 2 1 3 1710 2 2 1224979098644774913 710 3 1224979098644774915 1 2 2147483680 2 1224979098644774915 250 1780 2 1 7 1730 3 1224979098644774913 1 0 1711 2 1224979098644774913 1 1811 3 1224979098644774916 1080863910568919200 1 1850 2 1 1224979098644774916 725 2 1 -90 1860 3 1224979098644774916 1 150 1811 3 1224979098644774916 1080863910568919200 3 1850 2 1 1224979098644774916 725 2 1 -90 1860 3 1224979098644774916 1 150 2105 2 144115188075856289 1 5 0 31 2 144115188075856289 8 1811 3 1224979098644774917 1080863910568919058 1 1850 2 1 1224979098644774917 1700 1 1224979098644774914 1710 2 2 1224979098644774914 714 2 2 1 1811 3 1224979098644774916 1080863910568919200 1 1850 2 1 1224979098644774916 725 2 1 90 1860 3 1224979098644774916 1 150 2105 2 144115188075856289 1 5 0 31 2 144115188075856289 9 1 2 936748722493063502 360287970189639689 2133 2 1224979098644774913 72057594037927936 1780 2 1 6 1730 3 1224979098644774913 1 0 2105 2 144115188075856289 1 5 0 31 2 144115188075856289 10 1 2 936748722493063502 360287970189639689 2133 2 1224979098644774913 72057594037927936 1780 2 1 6 1710 2 2 1224979098644774913 710 3 1224979098644774915 1 2 2147483680 2 1224979098644774915 250 1735 1 1224979098644774913 2105 2 144115188075856289 1 2370 1 144115188075856273 5 0 31 2 144115188075856289 11 4 0 31 2 144115188075856294 0 2133 2 144115188075856294 1 600 1 1152921504606846977 3 0 1 2 936748722493063502 360287970189639689 2133 2 1224979098644774913 72057594037927936 2370 1 1224979098644774912 2106 2 1224979098644774912 144115188075856273 2121 3 72057594037927939 20 1224979098644774912 1122 1 216172782113783888 32 2 1224979098644774912 20 1780 2 1 6 1730 3 1224979098644774913 1 0 2105 2 144115188075856289 1 5 0 31 2 144115188075856289 12 4 0 31 2 144115188075856295 0 2133 2 144115188075856295 1 1122 1 216172782113783889 600 1 1152921504606846977 3 0 1 2 936748722493063502 360287970189639689 2133 2 1224979098644774913 72057594037927936 1780 2 1 6 1710 2 2 1224979098644774913 710 3 1224979098644774915 1 2 2147483680 2 1224979098644774915 250 1780 2 1 5 1730 3 1224979098644774913 1 0 2105 2 144115188075856289 1 5 0 31 2 144115188075856289 13 1 2 936748722493063502 360287970189639689 2133 2 1224979098644774913 72057594037927936 1780 2 1 5 1710 2 2 1224979098644774913 710 3 1224979098644774915 1 2 2147483680 2 1224979098644774915 250 1780 2 1 7 1730 3 1224979098644774913 1 0 1711 2 1224979098644774913 1 2105 2 144115188075856289 1 5 0 32 2 144115188075856289 30 1122 1 216172782113783868 3 0  1 2147483678 2 -1 5 


mst_tutorial_3_2 tutorial_3_2 1  -1
You_enter_the_training_ground. 

3 0 5632 511 0 1 3  141 250 172 
4 8208 0 16 1 0  
6 8208 0 16 1 0  
6
-21.000000 0.000000 0.000000  0  7 4 0 2147483678 2 144115188075856289 5 1121 1 216172782113783946 5 0 1907 1 0 3 0 2147483678 2 -1 0 
-8.000000 0.000000 0.000000  0  4 2071 1 1224979098644774912 31 2 1224979098644774912 0 1907 1 0 2147483678 2 -1 1 
-22.000000 0.000000 0.000000  1 1106 1 216172782113783922  1 2147483678 2 -1 2 
0.000000 0.000000 100000000.000000  4 2370 1 1224979098644774912 32 2 1224979098644774912 2 1006 0 2133 2 144115188075856289 100  1 2147483678 2 -1 3 
0.000000 0.000000 100000000.000000  9 1124 2 17 17 1123 2 500 650 1125 1 0 2133 2 144115188075856289 0 2133 2 144115188075856290 0 2133 2 144115188075856291 0 2133 2 144115188075856292 0 2133 2 144115188075856293 0 2133 2 144115188075856294 0  1 2147483678 2 -1 4 
0.000000 0.000000 0.000000  103 4 0 31 2 144115188075856289 0 4 0 31 2 144115188075856290 0 2370 1 1224979098644774912 32 2 1224979098644774912 0 2133 2 144115188075856290 1 1122 1 216172782113783890 600 1 1152921504606846977 1 2 936748722493063502 360287970189639687 2133 2 1224979098644774913 72057594037927936 1710 2 1 1224979098644774913 1730 3 1224979098644774913 1 0 1 2 936748722493063502 360287970189639689 2133 2 1224979098644774913 72057594037927936 1710 2 1 1224979098644774913 1730 3 1224979098644774913 1 0 3 0 1700 1 1224979098644774914 1710 2 1 1224979098644774914 1780 2 2 2 710 3 1224979098644774915 1 2 2147483680 2 1224979098644774915 200 1811 3 1224979098644774916 1080863910568919200 0 1850 2 1 1224979098644774916 725 2 1 -90 1860 3 1224979098644774916 1 150 2105 2 144115188075856289 1 5 0 31 2 144115188075856289 1 4 0 31 2 144115188075856291 0 2133 2 144115188075856291 1 1122 1 216172782113783891 600 1 1152921504606846977 3 0 1811 3 1224979098644774917 1080863910568919058 0 1850 2 1 1224979098644774917 1700 1 1224979098644774914 1710 2 2 1224979098644774914 714 2 2 1 1811 3 1224979098644774916 1080863910568919200 0 1850 2 1 1224979098644774916 725 2 1 90 1860 3 1224979098644774916 1 150 1 2 936748722493063502 360287970189639687 1735 1 72057594037927936 2105 2 144115188075856289 1 5 0 31 2 144115188075856289 2 1 2 936748722493063502 360287970189639687 2147485350 1 72057594037927936 1811 3 1224979098644774916 1080863910568919200 1 1850 2 1 1224979098644774916 725 2 1 -90 1860 3 1224979098644774916 1 150 1811 3 1224979098644774916 1080863910568919200 3 1850 2 1 1224979098644774916 725 2 1 -90 1860 3 1224979098644774916 1 150 2105 2 144115188075856289 1 5 0 31 2 144115188075856289 3 4 0 31 2 144115188075856292 0 2133 2 144115188075856292 1 1122 1 216172782113783892 600 1 1152921504606846977 3 0 1811 3 1224979098644774917 1080863910568919058 1 1850 2 1 1224979098644774917 1700 1 1224979098644774914 1710 2 2 1224979098644774914 714 2 2 1 1811 3 1224979098644774916 1080863910568919200 1 1850 2 1 1224979098644774916 725 2 1 90 1860 3 1224979098644774916 1 150 1 2 936748722493063502 360287970189639689 1735 1 72057594037927936 2105 2 144115188075856289 1 5 0 31 2 144115188075856289 4 4 0 31 2 144115188075856293 0 2133 2 144115188075856293 1 1122 1 216172782113783893 600 1 1152921504606846977 3 0 1 2 936748722493063502 360287970189639689 2147485350 1 72057594037927936 2105 2 144115188075856289 1 5 0 31 2 144115188075856289 5 31 2 144115188075856294 0 2133 2 144115188075856294 1 1122 1 216172782113783894 600 1 1152921504606846978 2133 2 144115188075856296 1 5 0 32 2 144115188075856289 30 1122 1 216172782113783868 3 0  1 2147483678 2 -1 5 


mst_tutorial_4 tutorial_4 1  -1
You_enter_the_training_ground. 

1 0 5632 511 0 1 5  128 135 133 250 172 
6
-21.000000 0.000000 0.000000  0  7 4 0 2147483678 2 144115188075856297 11 1121 1 216172782113783946 5 0 1907 1 0 3 0 2147483678 2 -1 0 
-8.000000 0.000000 0.000000  0  4 2071 1 1224979098644774912 31 2 1224979098644774912 0 1907 1 0 2147483678 2 -1 1 
-22.000000 0.000000 0.000000  1 1106 1 216172782113783922  1 2147483678 2 -1 2 
-19.000000 0.000000 0.000000  0  2 1266 1 13 2147483678 2 -1 3 
0.000000 0.000000 100000000.000000  11 1124 2 17 17 1123 2 500 650 1125 1 0 2133 2 144115188075856297 0 2133 2 144115188075856298 0 2133 2 144115188075856299 0 2133 2 144115188075856300 0 2133 2 144115188075856301 0 2133 2 144115188075856302 0 2133 2 144115188075856303 0 2133 2 144115188075856304 0  1 2147483678 2 -1 4 
0.000000 0.000000 0.000000  169 4 0 31 2 144115188075856297 0 4 0 31 2 144115188075856298 0 2370 1 1224979098644774912 32 2 1224979098644774912 0 2133 2 144115188075856298 1 1122 1 216172782113783895 1780 2 1 1 1970 1 1 1973 1 288230376151711882 2133 2 144115188075856209 0 3 0 1700 1 1224979098644774913 1714 2 1224979098644774914 1224979098644774913 30 2 1224979098644774914 0 2105 2 144115188075856297 1 1780 2 1 2 1811 3 1224979098644774915 1080863910568919201 0 1860 3 1224979098644774915 1 1 5 0 31 2 144115188075856297 1 4 0 31 2 144115188075856299 0 2133 2 144115188075856299 1 1122 1 216172782113783896 600 1 1152921504606846977 3 0 1700 1 1224979098644774913 1710 2 1 1224979098644774913 1780 2 2 2 710 3 1224979098644774916 1 2 2147483680 2 1224979098644774916 200 2105 2 144115188075856297 1 1780 2 1 3 1811 3 1224979098644774915 1080863910568919201 0 1860 3 1224979098644774915 1 1 5 0 31 2 144115188075856297 2 1700 1 1224979098644774913 1710 2 1 1224979098644774913 1780 2 2 3 710 3 1224979098644774916 1 2 2147483680 2 1224979098644774916 200 2105 2 144115188075856297 1 1780 2 1 4 1811 3 1224979098644774915 1080863910568919201 0 1860 3 1224979098644774915 1 1 5 0 31 2 144115188075856297 3 1700 1 1224979098644774913 1710 2 1 1224979098644774913 1780 2 2 4 710 3 1224979098644774916 1 2 2147483680 2 1224979098644774916 200 2105 2 144115188075856297 1 1780 2 1 5 1811 3 1224979098644774915 1080863910568919201 0 1860 3 1224979098644774915 1 1 5 0 31 2 144115188075856297 4 1700 1 1224979098644774913 1710 2 1 1224979098644774913 1780 2 2 5 710 3 1224979098644774916 1 2 2147483680 2 1224979098644774916 200 2105 2 144115188075856297 1 1780 2 1 6 1811 3 1224979098644774915 1080863910568919201 0 1860 3 1224979098644774915 1 1 5 0 31 2 144115188075856297 5 1700 1 1224979098644774913 1710 2 1 1224979098644774913 1780 2 2 6 710 3 1224979098644774916 1 2 2147483680 2 1224979098644774916 200 2105 2 144115188075856297 1 1780 2 1 1 1811 3 1224979098644774915 1080863910568919201 0 1860 3 1224979098644774915 1 1 5 0 31 2 144115188075856297 6 1700 1 1224979098644774913 1710 2 1 1224979098644774913 1780 2 2 1 710 3 1224979098644774916 1 2 2147483680 2 1224979098644774916 200 2105 2 144115188075856297 1 1780 2 1 7 1811 3 1224979098644774915 1080863910568919201 0 1860 3 1224979098644774915 1 1 5 0 31 2 144115188075856297 7 4 0 31 2 144115188075856300 0 2133 2 144115188075856300 1 1122 1 216172782113783897 600 1 1152921504606846977 3 0 1700 1 1224979098644774913 1710 2 1 1224979098644774913 1780 2 2 7 710 3 1224979098644774916 1 2 2147483680 2 1224979098644774916 200 2105 2 144115188075856297 1 1780 2 1 20 1811 3 1224979098644774915 1080863910568919201 0 1860 3 1224979098644774915 1 1 5 0 31 2 144115188075856297 8 4 0 31 2 144115188075856301 0 2133 2 144115188075856301 1 1122 1 216172782113783898 600 1 1152921504606846977 3 0 30 2 144115188075856209 2 2105 2 144115188075856297 1 1780 2 1 8 1811 3 1224979098644774915 1080863910568919201 0 1860 3 1224979098644774915 1 1 5 0 31 2 144115188075856297 9 4 0 31 2 144115188075856302 0 2133 2 144115188075856302 1 1122 1 216172782113783899 600 1 1152921504606846977 3 0 1700 1 1224979098644774913 1710 2 1 1224979098644774913 1780 2 2 8 710 3 1224979098644774916 1 2 2147483680 2 1224979098644774916 200 2105 2 144115188075856297 1 1780 2 1 20 1811 3 1224979098644774915 1080863910568919201 0 1860 3 1224979098644774915 1 1 5 0 31 2 144115188075856297 10 4 0 31 2 144115188075856303 0 2133 2 144115188075856303 1 1122 1 216172782113783900 600 1 1152921504606846977 2133 2 144115188075856274 0 2133 2 144115188075856275 0 3 0 4 0 1700 1 1224979098644774913 1727 2 1224979098644774917 1224979098644774913 2147483680 2 1224979098644774917 0 1728 1 1224979098644774913 1122 1 216172782113783867 3 0 32 2 144115188075856274 0 2133 2 144115188075856274 0 2105 2 144115188075856275 1 32 2 144115188075856275 2 2105 2 144115188075856297 1 5 0 31 2 144115188075856297 11 31 2 144115188075856304 0 2133 2 144115188075856304 1 1122 1 216172782113783901 600 1 1152921504606846978 2133 2 144115188075856305 1 3 0  1 2147483678 2 -1 5 


mst_tutorial_5 tutorial_5 1  -1
You_enter_the_training_ground. 

12 0 4112 511 0 1 7  128 139 135 133 138 250 172 
1 4112 0 16 1 0  
2 4112 0 16 1 0  
3 4112 0 16 1 0  
4 4112 0 16 1 0  
8 4112 0 16 1 0  
9 4112 0 16 1 0  
10 4112 0 16 1 0  
13 8208 256 16 1 0  
14 8208 256 16 1 0  
15 8208 256 16 1 0  
16 8208 256 16 1 0  
8
-21.000000 0.000000 0.000000  0  7 4 0 2147483678 2 144115188075856306 5 1121 1 216172782113783946 5 0 1907 1 0 3 0 2147483678 2 -1 0 
-8.000000 0.000000 0.000000  0  4 2071 1 1224979098644774912 31 2 1224979098644774912 0 1907 1 0 2147483678 2 -1 1 
-22.000000 0.000000 0.000000  1 1106 1 216172782113783922  1 2147483678 2 -1 2 
0.000000 0.000000 100000000.000000  4 2370 1 1224979098644774912 32 2 1224979098644774912 2 1006 0 2133 2 144115188075856306 100  1 2147483678 2 -1 3 
0.000000 0.000000 100000000.000000  10 1124 2 17 17 1123 2 500 650 1125 1 0 2133 2 144115188075856306 0 2133 2 144115188075856307 0 2133 2 144115188075856308 0 2133 2 144115188075856309 0 2133 2 144115188075856310 0 2133 2 144115188075856311 0 2133 2 144115188075856312 0  1 2147483678 2 -1 4 
0.000000 0.000000 100000000.000000  5 1107 1 0 1790 3 0 9 11 1107 1 1 2370 1 1224979098644774912 32 2 1224979098644774912 3  1 2147483678 2 -1 5 
0.000000 0.000000 0.000000  1 1 2 936748722493063504 0  1 2147483678 2 -1 6 
0.000000 0.000000 0.000000  135 4 0 31 2 144115188075856306 0 4 0 31 2 144115188075856307 0 2370 1 1224979098644774912 32 2 1224979098644774912 0 2133 2 144115188075856307 1 1122 1 216172782113783902 1780 2 1 5 1811 3 1224979098644774913 1080863910568919201 0 1860 3 1224979098644774913 1 1 3 0 1 3 936748722493063503 0 0 1780 2 2 5 710 3 1224979098644774914 1 2 2147483680 2 1224979098644774914 1000 2105 2 144115188075856306 1 1780 2 1 6 1811 3 1224979098644774913 1080863910568919202 0 1860 3 1224979098644774913 1 1 5 0 31 2 144115188075856306 1 4 0 31 2 144115188075856308 0 2133 2 144115188075856308 1 1122 1 216172782113783903 600 1 1152921504606846977 3 0 1 3 936748722493063503 0 0 1780 2 2 5 710 3 1224979098644774914 1 2 2147483680 2 1224979098644774914 1000 1700 1 1224979098644774915 1710 2 1 1224979098644774915 1780 2 2 6 710 3 1224979098644774914 1 2 2147483680 2 1224979098644774914 500 2105 2 144115188075856306 1 1780 2 1 7 1811 3 1224979098644774913 1080863910568919201 0 1860 3 1224979098644774913 1 1 1780 2 1 30 1811 3 1224979098644774913 1080863910568919202 0 1860 3 1224979098644774913 1 1 5 0 31 2 144115188075856306 2 4 0 31 2 144115188075856309 0 2133 2 144115188075856309 1 1122 1 216172782113783904 600 1 1152921504606846977 3 0 1700 1 1224979098644774915 1710 2 1 1224979098644774915 1780 2 2 7 710 3 1224979098644774914 1 2 2147483680 2 1224979098644774914 500 2105 2 144115188075856306 1 1261 1 720575940379279400 1262 0 1263 2 5 360287970189639732 1263 2 6 360287970189639732 1263 2 7 360287970189639732 1780 2 1 11 1811 3 1224979098644774913 1080863910568919201 0 1860 3 1224979098644774913 1 1 1780 2 1 12 1811 3 1224979098644774913 1080863910568919202 0 1860 3 1224979098644774913 1 1 1107 1 0 1790 3 0 1 11 1107 1 1 5 0 31 2 144115188075856306 3 4 0 31 2 144115188075856310 0 2133 2 144115188075856310 1 1122 1 216172782113783905 600 1 1152921504606846977 3 0 1 3 936748722493063503 0 1 1780 2 2 11 710 3 1224979098644774914 1 2 2147483680 2 1224979098644774914 1000 1 3 936748722493063503 0 0 1780 2 2 12 710 3 1224979098644774914 1 2 2147483680 2 1224979098644774914 1000 2105 2 144115188075856306 1 1780 2 1 30 1811 3 1224979098644774913 1080863910568919201 0 1860 3 1224979098644774913 1 1 1811 3 1224979098644774913 1080863910568919202 0 1860 3 1224979098644774913 1 1 1261 1 720575940379279400 1262 0 1263 2 8 360287970189639794 1263 2 9 360287970189639794 1263 2 10 360287970189639794 1263 2 11 360287970189639794 1790 3 1 9 2 5 0 31 2 144115188075856306 4 4 0 31 2 144115188075856311 0 2133 2 144115188075856311 1 1122 1 216172782113783906 600 1 1152921504606846977 3 0 2133 2 1224979098644774916 0 12 1 1224979098644774917 1704 1 1224979098644774917 1702 1 1224979098644774917 1770 2 1224979098644774918 1224979098644774917 31 2 1224979098644774918 1 2105 2 1224979098644774916 1 3 0 31 2 1224979098644774916 0 2105 2 144115188075856306 1 5 0 31 2 144115188075856306 5 31 2 144115188075856312 0 2133 2 144115188075856312 1 1122 1 216172782113783907 600 1 1152921504606846978 2133 2 144115188075856313 1 5 0 32 2 144115188075856306 30 1122 1 216172782113783868 1780 2 1 30 1811 3 1224979098644774913 1080863910568919201 0 1860 3 1224979098644774913 1 1 1811 3 1224979098644774913 1080863910568919202 0 1860 3 1224979098644774913 1 1 3 0  1 2147483678 2 -1 7 


mst_quick_battle_battle quick_battle_battle 2  -1
You_lead_your_men_to_battle. 

32 0 4112 0 16 1 0  
1 4112 0 16 1 0  
2 4112 0 16 1 0  
3 4112 0 16 1 0  
4 4112 0 16 1 0  
5 4112 0 16 1 0  
6 4112 0 16 1 0  
7 4112 0 16 1 0  
8 4112 0 16 1 0  
9 4112 0 16 1 0  
10 4112 0 16 1 0  
11 4112 0 16 1 0  
12 4112 0 16 1 0  
13 4112 0 16 1 0  
14 4112 0 16 1 0  
15 4112 0 16 1 0  
16 8208 0 16 1 0  
17 8208 0 16 1 0  
18 8208 0 16 1 0  
19 8208 0 16 1 0  
20 8208 0 16 1 0  
21 8208 0 16 1 0  
22 8208 0 16 1 0  
23 8208 0 16 1 0  
24 8208 0 16 1 0  
25 8208 0 16 1 0  
26 8208 0 16 1 0  
27 8208 0 16 1 0  
28 8208 0 16 1 0  
29 8208 0 16 1 0  
30 8208 0 16 1 0  
31 8208 0 16 1 0  
10
-21.000000 0.000000 0.000000  0  8 4 0 2147483679 2 144115188075856229 0 1 1 936748722493063655 1907 0 5 0 1121 1 216172782113783945 3 0 2147483678 2 -1 0 
-8.000000 0.000000 0.000000  0  6 2071 1 1224979098644774912 31 2 1224979098644774912 0 2133 2 144115188075856229 -1 1 1 936748722493063655 1907 0 2147483678 2 -1 1 
-22.000000 0.000000 0.000000  1 1106 1 216172782113783919  1 2147483678 2 -1 2 
-19.000000 0.000000 0.000000  0  2 1266 1 15 2147483678 2 -1 3 
-25.000000 0.000000 0.000000  0  4 2071 1 1224979098644774912 1718 2 1224979098644774913 1224979098644774912 1 4 936748722493063580 1729382256910270468 1224979098644774912 1224979098644774913 2147483678 2 -1 4 
0.000000 0.000000 100000000.000000  0  3 2133 2 144115188075856229 0 1 1 936748722493063652 2147483678 2 -1 5 
30.000000 0.000000 0.000000  0  2 1 1 936748722493063652 2147483678 2 -1 6 
1.000000 60.000000 100000000.000000  8 2370 1 72057594037927937 30 2 72057594037927937 10 1003 1 2 2147484654 1 0 1906 1 1 1106 1 216172782113783827 2133 2 144115188075856219 1 2133 2 144115188075856229 1  3 1 1 936748722493063655 1907 1 1 2147483678 2 -1 7 
10.000000 0.000000 0.000000  0  3 31 2 144115188075856219 1 1106 1 216172782113783827 2147483678 2 -1 8 
1.000000 4.000000 100000000.000000  2 1006 0 2133 2 144115188075856229 -1  3 1 1 936748722493063655 1907 0 2147483678 2 -1 9 


mst_quick_battle_siege quick_battle_siege 2  -1
You_lead_your_men_to_battle. 

48 0 4112 256 16 1 0  
1 4112 256 16 1 0  
2 4112 256 16 1 0  
3 4112 256 16 1 0  
4 4112 256 16 1 0  
5 4112 256 16 1 0  
6 4112 256 16 1 0  
7 4112 256 16 1 0  
8 4112 256 16 1 0  
9 4112 256 16 1 0  
10 4112 256 16 1 0  
11 4112 256 16 1 0  
12 4112 256 16 1 0  
13 4112 256 16 1 0  
14 4112 256 16 1 0  
15 4112 256 16 1 0  
16 8208 256 16 1 0  
17 8208 256 16 1 0  
18 8208 256 16 1 0  
19 8208 256 16 1 0  
20 8208 256 16 1 0  
21 8208 256 16 1 0  
22 8208 256 16 1 0  
23 8208 256 16 1 0  
24 8208 256 16 1 0  
25 8208 256 16 1 0  
26 8208 256 16 1 0  
27 8208 256 16 1 0  
28 8208 256 16 1 0  
29 8208 256 16 1 0  
30 8208 256 16 1 0  
31 8208 256 16 1 0  
32 4112 256 16 1 0  
33 4112 256 16 1 0  
34 4112 256 16 1 0  
35 4112 256 16 1 0  
36 4112 256 16 1 0  
37 4112 256 16 1 0  
38 4112 256 16 1 0  
39 4112 256 16 1 0  
40 4112 256 16 1 0  
41 4112 256 16 1 0  
42 4112 256 16 1 0  
43 4112 256 16 1 0  
44 4112 256 16 1 0  
45 4112 256 16 1 0  
46 4112 256 16 1 0  
47 4112 256 16 1 0  
19
-19.000000 0.000000 0.000000  0  4 1796 3 0 2 1 1796 3 1 3 1 1 1 936748722493063507 2147483678 2 -1 0 
-25.000000 0.000000 0.000000  0  4 2071 1 1224979098644774912 1718 2 1224979098644774913 1224979098644774912 1 4 936748722493063580 1729382256910270468 1224979098644774912 1224979098644774913 2147483678 2 -1 1 
0.000000 0.000000 100000000.000000  4 2133 2 144115188075856231 0 2133 2 144115188075856232 1 2133 2 144115188075856233 2 2133 2 144115188075856234 3  1 2147483678 2 -1 2 
-19.000000 0.000000 0.000000  0  2 1266 1 15 2147483678 2 -1 3 
-21.000000 0.000000 0.000000  0  8 4 0 2147483679 2 144115188075856229 0 1 1 936748722493063655 1907 0 5 0 1121 1 216172782113783945 3 0 2147483678 2 -1 4 
-8.000000 0.000000 0.000000  0  6 2071 1 1224979098644774912 31 2 1224979098644774912 0 2133 2 144115188075856229 -1 1 1 936748722493063655 1907 0 2147483678 2 -1 5 
-22.000000 0.000000 0.000000  1 1106 1 216172782113783919  1 2147483678 2 -1 6 
0.000000 0.000000 100000000.000000  0  3 2133 2 144115188075856229 0 1 2 936748722493063651 262144 2147483678 2 -1 7 
30.000000 0.000000 0.000000  0  2 1 1 936748722493063652 2147483678 2 -1 8 
1.000000 60.000000 100000000.000000  8 2370 1 72057594037927937 30 2 72057594037927937 10 1003 1 2 2147484654 1 0 1906 1 1 1106 1 216172782113783827 2133 2 144115188075856219 1 2133 2 144115188075856229 1  3 1 1 936748722493063655 1907 1 1 2147483678 2 -1 9 
10.000000 0.000000 0.000000  0  3 31 2 144115188075856219 1 1106 1 216172782113783827 2147483678 2 -1 10 
1.000000 4.000000 100000000.000000  2 1006 0 2133 2 144115188075856229 -1  3 1 1 936748722493063655 1907 0 2147483678 2 -1 11 
5.000000 0.000000 0.000000  0  9 12 1 1224979098644774912 1704 1 1224979098644774912 1702 1 1224979098644774912 1770 2 1224979098644774913 1224979098644774912 1073741855 2 1224979098644774913 144115188075856232 31 2 1224979098644774913 144115188075856234 1737 2 1224979098644774912 1 3 0 2147483678 2 -1 12 
120.000000 0.000000 0.000000  0  11 1700 1 1224979098644774912 12 1 1224979098644774913 2147483679 2 1224979098644774913 1224979098644774912 1702 1 1224979098644774913 1704 1 1224979098644774913 1770 2 1224979098644774914 1224979098644774913 1073741855 2 1224979098644774914 144115188075856231 31 2 1224979098644774914 144115188075856233 1728 1 1224979098644774913 3 0 2147483678 2 -1 13 
0.000000 0.000000 100000000.000000  1 1 1 936748722493063524  1 2147483678 2 -1 14 
0.000000 0.000000 100000000.000000  1 1 1 936748722493063525  1 2147483678 2 -1 15 
0.000000 2.000000 100000000.000000  1 1 1 936748722493063526  2 2133 2 144115188075856236 3 2147483678 2 -1 16 
0.000000 0.000000 100000000.000000  1 1 1 936748722493063527  1 2147483678 2 -1 17 
0.000000 0.000000 100000000.000000  16 1107 1 0 1780 2 10 10 6 3 1224979098644774912 0 9 2147483679 2 1224979098644774912 1 1790 3 144115188075856231 1224979098644774912 0 1790 3 144115188075856231 1224979098644774912 7 1790 3 144115188075856231 1224979098644774912 7 1790 3 144115188075856233 1224979098644774912 0 1790 3 144115188075856233 1224979098644774912 7 1790 3 144115188075856233 1224979098644774912 7 3 0 1790 3 144115188075856231 1 11 1791 3 144115188075856231 9 10 1790 3 144115188075856233 1 11 1791 3 144115188075856233 9 10 1107 1 1  1 2147483678 2 -1 18 


mst_multiplayer_dm multiplayer_dm 2  -1
You_lead_your_men_to_battle. 

64 0 4112 0 16 1 0  
1 4112 0 16 1 0  
2 4112 0 16 1 0  
3 4112 0 16 1 0  
4 4112 0 16 1 0  
5 4112 0 16 1 0  
6 4112 0 16 1 0  
7 4112 0 16 1 0  
8 4112 0 16 1 0  
9 4112 0 16 1 0  
10 4112 0 16 1 0  
11 4112 0 16 1 0  
12 4112 0 16 1 0  
13 4112 0 16 1 0  
14 4112 0 16 1 0  
15 4112 0 16 1 0  
16 4112 0 16 1 0  
17 4112 0 16 1 0  
18 4112 0 16 1 0  
19 4112 0 16 1 0  
20 4112 0 16 1 0  
21 4112 0 16 1 0  
22 4112 0 16 1 0  
23 4112 0 16 1 0  
24 4112 0 16 1 0  
25 4112 0 16 1 0  
26 4112 0 16 1 0  
27 4112 0 16 1 0  
28 4112 0 16 1 0  
29 4112 0 16 1 0  
30 4112 0 16 1 0  
31 4112 0 16 1 0  
32 8208 0 16 1 0  
33 8208 0 16 1 0  
34 8208 0 16 1 0  
35 8208 0 16 1 0  
36 8208 0 16 1 0  
37 8208 0 16 1 0  
38 8208 0 16 1 0  
39 8208 0 16 1 0  
40 8208 0 16 1 0  
41 8208 0 16 1 0  
42 8208 0 16 1 0  
43 8208 0 16 1 0  
44 8208 0 16 1 0  
45 8208 0 16 1 0  
46 8208 0 16 1 0  
47 8208 0 16 1 0  
48 8208 0 16 1 0  
49 8208 0 16 1 0  
50 8208 0 16 1 0  
51 8208 0 16 1 0  
52 8208 0 16 1 0  
53 8208 0 16 1 0  
54 8208 0 16 1 0  
55 8208 0 16 1 0  
56 8208 0 16 1 0  
57 8208 0 16 1 0  
58 8208 0 16 1 0  
59 8208 0 16 1 0  
60 8208 0 16 1 0  
61 8208 0 16 1 0  
62 8208 0 16 1 0  
63 8208 0 16 1 0  
52
-24.000000 0.000000 0.000000  0  6 4 0 31 2 144115188075856314 1 2147484551 1 1513209474796486713 900 1 1513209474796486713 3 0 2147483678 2 -1 0 
0.000000 0.000000 0.000000  1 2147484066 0  8 4 0 71 1 62 31 2 144115188075856314 0 2147484551 1 1513209474796486713 2133 2 144115188075856314 1 900 1 1513209474796486713 3 0 2147483678 2 -1 1 
1.000000 0.000000 0.000000  2 417 0 31 2 144115188075856315 1  30 2105 2 144115188075856316 1 2122 3 1224979098644774912 60 144115188075856317 4 0 30 2 144115188075856316 1224979098644774912 4 0 31 2 144115188075856318 1 2320 2 1 216172782113787622 5 0 31 2 144115188075856318 2 2320 2 1 216172782113787623 5 0 31 2 144115188075856318 3 2320 2 1 216172782113787624 5 0 31 2 144115188075856318 4 2320 2 1 216172782113787625 5 0 31 2 144115188075856318 5 2320 2 1 216172782113787626 2133 2 144115188075856318 0 3 0 17 1 1224979098644774913 401 1 1224979098644774913 399 3 1224979098644774913 111 1 3 0 473 1 1 2133 2 144115188075856316 0 2105 2 144115188075856318 1 3 0 2147483678 2 -1 2 
5.000000 0.000000 0.000000  2 417 0 31 2 144115188075856319 1  6 12 1 1224979098644774912 1712 1 1224979098644774912 1702 1 1224979098644774912 1733 2 1224979098644774912 1 3 0 2147483678 2 -1 3 
5.000000 0.000000 0.000000  2 417 0 31 2 144115188075856320 1  5 17 1 1224979098644774912 401 1 1224979098644774912 440 3 1224979098644774912 1 1 3 0 2147483678 2 -1 4 
-16.000000 0.000000 0.000000  1 417 0  19 17 1 1224979098644774912 401 1 1224979098644774912 548 3 1224979098644774912 57 1 441 2 1224979098644774913 1224979098644774912 500 3 360287970189640760 1224979098644774912 1224979098644774913 3 0 17 1 1224979098644774912 401 1 1224979098644774912 548 3 1224979098644774912 58 1 441 2 1224979098644774913 1224979098644774912 500 3 360287970189640761 1224979098644774912 1224979098644774913 3 0 17 1 1224979098644774912 401 1 1224979098644774912 548 3 1224979098644774912 59 1 441 2 1224979098644774913 1224979098644774912 500 3 360287970189640762 1224979098644774912 1224979098644774913 3 0 2147483678 2 -1 5 
300.000000 0.000000 100000000.000000  1 417 0  6 6 3 1224979098644774912 0 256 500 3 360287970189640760 1224979098644774912 -1 500 3 360287970189640761 1224979098644774912 -1 500 3 360287970189640762 1224979098644774912 -1 3 0 2147483678 2 -1 6 
1.000000 0.000000 0.000000  2 31 2 144115188075856321 1 417 0  26 2121 3 1224979098644774912 144115188075856322 1 2133 2 144115188075856322 1224979098644774912 2133 2 72057594037927937 1224979098644774912 4 0 31 2 1224979098644774912 0 2320 2 1 216172782113787475 1 1 936748722493063787 5 0 31 2 1224979098644774912 2 2320 2 1 216172782113787474 1 1 936748722493063787 5 0 31 2 1224979098644774912 4 2320 2 1 216172782113787473 1 1 936748722493063787 5 0 2147483679 2 1224979098644774912 -1 2320 2 1 216172782113787469 1 1 936748722493063787 3 0 4 0 2147483680 2 1224979098644774912 -1 1973 1 288230376151711893 1740 2 72057594037927936 1801439850948198842 3 0 2147483678 2 -1 7 
-25.000000 0.000000 0.000000  2 417 0 31 2 144115188075856207 0  4 2071 1 1224979098644774912 1 2 936748722493063783 1224979098644774912 1 2 936748722493063805 1224979098644774912 2147483678 2 -1 8 
-53.000000 0.000000 0.000000  1 417 0  91 2071 1 1224979098644774912 2072 1 1224979098644774913 4 0 1712 1 1224979098644774912 1702 1 1224979098644774912 1704 1 1224979098644774912 2147485355 1 1224979098644774912 1073741855 2 1224979098644774913 288230376151711760 1073741855 2 1224979098644774913 288230376151711850 1073741855 2 1224979098644774913 288230376151711854 1073741855 2 1224979098644774913 288230376151711855 1073741855 2 1224979098644774913 288230376151711856 1073741855 2 1224979098644774913 288230376151711857 1073741855 2 1224979098644774913 288230376151711858 1073741855 2 1224979098644774913 288230376151711859 1073741855 2 1224979098644774913 288230376151711860 1073741855 2 1224979098644774913 288230376151711864 1073741855 2 1224979098644774913 288230376151711865 1073741855 2 1224979098644774913 288230376151711866 1073741855 2 1224979098644774913 288230376151711861 1073741855 2 1224979098644774913 288230376151711867 31 2 1224979098644774913 288230376151711868 1774 2 1224979098644774912 1224979098644774913 2133 2 1224979098644774914 0 4 0 31 2 144115188075856207 1 1720 3 1224979098644774915 1224979098644774912 1 4 0 31 2 1224979098644774913 288230376151711760 2105 2 1224979098644774914 6 5 0 31 2 1224979098644774913 288230376151711850 2105 2 1224979098644774914 3 5 0 31 2 1224979098644774913 288230376151711854 2105 2 1224979098644774914 5 5 0 31 2 1224979098644774913 288230376151711855 2105 2 1224979098644774914 7 5 0 31 2 1224979098644774913 288230376151711856 2105 2 1224979098644774914 4 5 0 31 2 1224979098644774913 288230376151711857 2105 2 1224979098644774914 8 5 0 31 2 1224979098644774913 288230376151711858 2105 2 1224979098644774914 4 5 0 31 2 1224979098644774913 288230376151711859 2105 2 1224979098644774914 5 5 0 31 2 1224979098644774913 288230376151711860 2105 2 1224979098644774914 5 5 0 31 2 1224979098644774913 288230376151711864 2105 2 1224979098644774914 5 5 0 31 2 1224979098644774913 288230376151711865 2105 2 1224979098644774914 7 5 0 31 2 1224979098644774913 288230376151711866 2105 2 1224979098644774914 8 5 0 31 2 1224979098644774913 288230376151711861 2105 2 1224979098644774914 4 5 0 31 2 1224979098644774913 288230376151711867 2105 2 1224979098644774914 10 3 0 4 0 2147483678 2 1224979098644774915 55 2105 2 1224979098644774915 1224979098644774914 2110 2 1224979098644774915 55 1721 3 1224979098644774912 1224979098644774915 1 3 0 5 0 1720 2 1224979098644774915 1224979098644774912 2105 2 1224979098644774914 5 2147483678 2 1224979098644774915 100 2105 2 1224979098644774915 1224979098644774914 2110 2 1224979098644774915 100 1721 2 1224979098644774912 1224979098644774915 3 0 1724 2 1224979098644774916 1224979098644774912 401 1 1224979098644774916 2325 2 1 1224979098644774913 2133 2 72057594037927937 1224979098644774914 399 3 1224979098644774916 111 216172782113787572 3 0 2147483678 2 -1 9 
1.500000 0.000000 0.000000  3 417 0 1073741855 2 144115188075856323 2 31 2 144115188075856323 4  34 12 1 1224979098644774912 1712 1 1224979098644774912 1702 1 1224979098644774912 1704 1 1224979098644774912 2147485355 1 1224979098644774912 1710 2 15 1224979098644774912 791 1 15 2124 1 100 722 2 15 180 700 2 16 15 700 2 17 15 4 0 31 2 144115188075856323 4 700 2 18 15 700 2 19 15 700 2 20 15 700 2 21 15 720 2 18 400 720 2 19 -400 721 2 20 400 721 2 21 -400 3 0 722 2 15 -170 722 2 17 2000 4 0 31 2 144115188075856323 4 1 1 936748722493063812 5 0 707 2 16 17 722 2 15 650 1969 3 1008806316530991105 15 140 3 0 3 0 2147483678 2 -1 10 
1.000000 0.000000 0.000000  3 417 0 1073741855 2 144115188075856323 1 31 2 144115188075856323 3  34 12 1 1224979098644774912 1712 1 1224979098644774912 1702 1 1224979098644774912 1704 1 1224979098644774912 2147485355 1 1224979098644774912 1710 2 15 1224979098644774912 791 1 15 2124 1 100 722 2 15 180 700 2 16 15 700 2 17 15 4 0 31 2 144115188075856323 3 700 2 18 15 700 2 19 15 700 2 20 15 700 2 21 15 720 2 18 600 720 2 19 -600 721 2 20 600 721 2 21 -600 3 0 722 2 15 -170 722 2 17 2000 4 0 31 2 144115188075856323 3 1 1 936748722493063811 5 0 707 2 16 17 722 2 15 470 1969 3 1008806316530991104 15 300 3 0 3 0 2147483678 2 -1 11 
-20.000000 0.000000 0.000000  2 417 0 31 2 144115188075856207 0  2 1 1 936748722493063825 2147483678 2 -1 12 
5.000000 0.000000 0.000000  2 417 0 31 2 144115188075856324 1  81 2124 1 100 12 1 1224979098644774912 1712 1 1224979098644774912 1702 1 1224979098644774912 1710 2 3 1224979098644774912 728 2 1224979098644774913 3 2133 2 1224979098644774914 -190 4 0 2147483678 2 1224979098644774913 1224979098644774914 4 0 1712 1 1224979098644774912 1702 1 1224979098644774912 1704 1 1224979098644774912 1714 2 1224979098644774915 1224979098644774912 1712 1 1224979098644774915 1702 1 1224979098644774915 2133 2 1224979098644774914 -280 5 0 1712 1 1224979098644774912 1702 1 1224979098644774912 2147485352 1 1224979098644774912 2133 2 1224979098644774914 -200 3 0 2133 2 1224979098644774916 1152921504606847103 4 0 1712 1 1224979098644774912 1704 1 1224979098644774912 4 0 1718 2 1224979098644774917 1224979098644774912 1506 2 1224979098644774918 1224979098644774917 4 0 1724 2 1224979098644774919 1224979098644774912 401 1 1224979098644774919 442 2 1224979098644774918 1224979098644774919 3 0 4 0 31 2 1224979098644774918 0 2133 2 1224979098644774916 1152921504606847103 5 0 31 2 1224979098644774918 1 2133 2 1224979098644774916 1152921504606847082 3 0 3 0 5 0 1712 1 1224979098644774912 2147485352 1 1224979098644774912 2133 2 1224979098644774916 1152921504606847125 3 0 4 0 2147483680 2 1224979098644774913 1224979098644774914 1712 1 1224979098644774912 1702 1 1224979098644774912 1704 1 1224979098644774912 1720 2 1224979098644774920 1224979098644774912 2121 3 1224979098644774921 1224979098644774920 10 1721 2 1224979098644774912 1224979098644774921 4 0 2147483680 2 1224979098644774921 0 1722 2 1224979098644774912 1224979098644774912 3 0 391 4 126 6 1224979098644774912 1224979098644774916 1724 2 1224979098644774919 1224979098644774912 401 1 1224979098644774919 399 3 1224979098644774919 111 216172782113787429 5 0 2147483680 2 1224979098644774913 1224979098644774914 1712 1 1224979098644774912 1702 1 1224979098644774912 2147485352 1 1224979098644774912 1720 2 1224979098644774920 1224979098644774912 2121 3 1224979098644774921 1224979098644774920 10 1721 2 1224979098644774912 1224979098644774921 4 0 2147483680 2 1224979098644774921 0 1722 2 1224979098644774912 1224979098644774912 3 0 391 4 126 6 1224979098644774912 1224979098644774916 3 0 3 0 3 0 2147483678 2 -1 13 
3.000000 0.000000 100000000.000000  2 417 0 31 2 0 1  35 4 0 2319 1 5 2319 1 6 2133 2 1224979098644774912 0 17 1 1224979098644774913 401 1 1224979098644774913 1073742372 3 1224979098644774913 57 1 1073742372 3 1224979098644774913 58 1 1073742372 3 1224979098644774913 59 1 430 1 1224979098644774913 2105 2 1224979098644774912 1 2350 2 5 1224979098644774913 4 0 31 2 1224979098644774912 1 2320 2 6 216172782113787383 5 0 32 2 1224979098644774912 1 2320 2 6 216172782113787384 3 0 3 0 4 0 31 2 1224979098644774912 0 2320 2 6 1585267068834414750 3 0 2211 1 1224979098644774914 1 2 936748722493063207 1224979098644774914 2320 2 2 216172782113783815 1 2 936748722493063266 144115188075856325 1 2 936748722493063208 72057594037927936 2320 2 3 216172782113783815 2352 1 4 2320 2 1 216172782113787387 1 1 936748722493063787 3 0 2147483678 2 -1 14 
-29.000000 0.000000 0.000000  1 417 0  3 2071 1 1224979098644774912 1 2 936748722493063798 1224979098644774912 2147483678 2 -1 15 
1.000000 0.000000 0.000000  0  15 12 1 1224979098644774912 1712 1 1224979098644774912 1702 1 1224979098644774912 2133 2 1224979098644774913 0 16 3 1224979098644774914 1080863910568919057 1 1840 2 1224979098644774915 1224979098644774914 31 2 1224979098644774915 1 1801 2 1224979098644774914 1224979098644774912 2133 2 1224979098644774913 1 3 0 31 2 1224979098644774913 1 1702 1 1224979098644774912 1755 1 1224979098644774912 3 0 2147483678 2 -1 16 
0.000000 0.000000 3.000000  19 2147484066 0 415 1 1224979098644774912 401 1 1224979098644774912 1073742372 3 1224979098644774912 59 1 430 1 1224979098644774912 406 2 1224979098644774913 1224979098644774912 1712 1 1224979098644774913 1702 1 1224979098644774913 70 1 25 70 1 24 70 1 184 1709 2 1 1224979098644774913 722 2 1 120 1 2 936748722493063821 50 2133 2 144115188075856326 1 1975 3 1008806316530991164 1 1 700 2 3 1 72 1 7 2133 2 144115188075856326 0  1 2147483678 2 -1 17 
0.000000 0.000000 0.000000  21 2147484066 0 2124 1 100 415 1 1224979098644774912 401 1 1224979098644774912 1073742372 3 1224979098644774912 59 1 430 1 1224979098644774912 406 2 1224979098644774913 1224979098644774912 1712 1 1224979098644774913 1702 1 1224979098644774913 31 2 144115188075856326 1 2147483718 1 25 2147483718 1 24 2147483718 1 184 2133 2 144115188075856326 0 4 0 726 2 1224979098644774914 3 727 2 1224979098644774915 3 728 2 1224979098644774916 3 392 5 126 19 1224979098644774914 1224979098644774915 1224979098644774916 600 1 1152921504606846985 3 0  1 2147483678 2 -1 18 
3.000000 0.000000 0.000000  1 417 0  8 17 2 1224979098644774912 1 401 1 1224979098644774912 548 3 1224979098644774912 56 1 2147484086 1 1224979098644774912 394 2 1224979098644774912 79 399 3 1224979098644774912 111 216172782113787534 3 0 2147483678 2 -1 19 
0.000000 0.000000 0.000000  2 2147484066 0 255 0  33 4 0 70 1 29 70 1 56 71 1 63 4 0 31 2 144115188075856327 0 2133 2 144115188075856327 1 1106 1 1585267068834414751 5 0 2133 2 144115188075856327 0 1106 1 1585267068834414752 3 0 3 0 4 0 70 1 29 70 1 56 71 1 64 4 0 31 2 144115188075856327 1 2133 2 144115188075856327 2 1106 1 1585267068834414753 5 0 31 2 144115188075856327 2 2133 2 144115188075856327 1 1106 1 1585267068834414754 3 0 3 0 4 0 31 2 144115188075856327 2 2147484551 1 1513209474796486712 900 1 1513209474796486712 3 0 2147483678 2 -1 20 
0.000000 0.000000 0.000000  2 2147484066 0 1 1 936748722493063808  95 4 0 1073741895 1 22 1073741895 1 23 71 1 65 415 1 1224979098644774912 401 1 1224979098644774912 1073742372 3 1224979098644774912 57 1 1073742372 3 1224979098644774912 58 1 1073742372 3 1224979098644774912 59 1 430 1 1224979098644774912 4 0 71 1 22 2147484551 1 1513209474796486707 900 1 1513209474796486707 5 0 71 1 23 2147484551 1 1513209474796486708 900 1 1513209474796486708 5 0 71 1 65 2147484551 1 1513209474796486706 2147484551 1 1513209474796486682 900 1 1513209474796486706 3 0 3 0 4 0 71 1 25 415 1 1224979098644774912 401 1 1224979098644774912 2147484196 3 1224979098644774912 57 1 2147484196 3 1224979098644774912 58 1 2147484196 3 1224979098644774912 59 1 2147484078 1 1224979098644774912 2147484551 1 1513209474796486706 2147484551 1 1513209474796486682 900 1 1513209474796486711 3 0 4 0 70 1 29 70 1 56 71 1 66 415 1 1224979098644774912 415 1 1224979098644774912 401 1 1224979098644774912 1073742372 3 1224979098644774912 59 1 430 1 1224979098644774912 406 2 1224979098644774913 1224979098644774912 1712 1 1224979098644774913 1702 1 1224979098644774913 390 3 126 22 50 2093 2 1224979098644774913 50 3 0 4 0 70 1 29 70 1 56 71 1 67 415 1 1224979098644774912 401 1 1224979098644774912 1073742372 3 1224979098644774912 59 1 430 1 1224979098644774912 406 2 1224979098644774913 1224979098644774912 1712 1 1224979098644774913 1702 1 1224979098644774913 390 3 126 22 100 2093 2 1224979098644774913 100 3 0 4 0 70 1 29 70 1 56 71 1 68 415 1 1224979098644774912 401 1 1224979098644774912 1073742372 3 1224979098644774912 59 1 430 1 1224979098644774912 406 2 1224979098644774913 1224979098644774912 1712 1 1224979098644774913 1702 1 1224979098644774913 390 3 126 22 200 2093 2 1224979098644774913 200 3 0 4 0 70 1 29 70 1 56 71 1 87 415 1 1224979098644774912 401 1 1224979098644774912 1073742372 3 1224979098644774912 59 1 430 1 1224979098644774912 406 2 1224979098644774913 1224979098644774912 1712 1 1224979098644774913 1702 1 1224979098644774913 390 3 126 22 1000 2093 2 1224979098644774913 1000 3 0 2147483678 2 -1 21 
-28.000000 0.000000 0.000000  3 417 0 2147483679 2 144115188075856325 7 2147483679 2 144115188075856325 0  43 2071 1 1224979098644774912 2072 1 1224979098644774913 2073 1 1224979098644774914 4 0 1712 1 1224979098644774912 1712 1 1224979098644774913 1702 1 1224979098644774912 1702 1 1224979098644774913 4 0 1704 1 1224979098644774912 1704 1 1224979098644774913 1724 2 1224979098644774915 1224979098644774912 1724 2 1224979098644774916 1224979098644774913 401 1 1224979098644774915 401 1 1224979098644774916 2350 2 1 1224979098644774915 2350 2 2 1224979098644774916 402 2 1224979098644774917 1224979098644774915 402 2 1224979098644774918 1224979098644774916 31 2 1224979098644774917 1224979098644774918 2133 2 72057594037927937 1224979098644774914 473 1 216172782113787606 5 0 2133 2 1224979098644774919 1224979098644774912 2147485352 1 1224979098644774919 1704 1 1224979098644774913 1715 2 1224979098644774912 1224979098644774919 1712 1 1224979098644774912 1702 1 1224979098644774912 1724 2 1224979098644774915 1224979098644774912 1724 2 1224979098644774916 1224979098644774913 401 1 1224979098644774915 401 1 1224979098644774916 2350 2 1 1224979098644774915 2350 2 2 1224979098644774916 402 2 1224979098644774917 1224979098644774915 402 2 1224979098644774918 1224979098644774916 31 2 1224979098644774917 1224979098644774918 2133 2 72057594037927937 1224979098644774914 473 1 216172782113787607 3 0 3 0 2147483678 2 -1 22 
10.000000 0.000000 0.000000  2 417 0 31 2 144115188075856328 1  19 12 1 1224979098644774912 1712 1 1224979098644774912 1702 1 1224979098644774912 2147485352 1 1224979098644774912 1715 2 1224979098644774913 1224979098644774912 2147485360 1 1224979098644774913 2370 1 1224979098644774914 4 0 2147484213 3 1224979098644774912 50 1 505 3 1224979098644774912 50 1224979098644774914 5 0 565 3 1224979098644774912 50 1 525 3 1224979098644774915 1224979098644774912 50 2120 3 1224979098644774916 1224979098644774915 144115188075856329 30 2 1224979098644774914 1224979098644774916 1749 1 1224979098644774912 3 0 3 0 2147483678 2 -1 23 
-55.000000 0.000000 0.000000  2 417 0 31 2 144115188075856328 1  8 2072 1 1224979098644774912 4 0 1712 1 1224979098644774912 1702 1 1224979098644774912 2147485352 1 1224979098644774912 505 3 1224979098644774912 50 0 3 0 2147483678 2 -1 24 
1.000000 0.000000 0.000000  1 31 2 144115188075856207 1  16 417 0 2133 2 1224979098644774912 0 4 0 2370 1 1224979098644774913 2122 3 1224979098644774914 144115188075856330 60 32 2 1224979098644774913 1224979098644774914 2133 2 1224979098644774912 1 3 0 4 0 31 2 1224979098644774912 1 31 2 144115188075856331 0 1 2 936748722493063266 144115188075856325 470 3 72057594037927936 144115188075856332 0 1 1 936748722493063174 3 0 2147483678 2 -1 25 
-25.000000 0.000000 0.000000  2 417 0 31 2 144115188075856207 1  17 2071 1 1224979098644774912 1712 1 1224979098644774912 1702 1 1224979098644774912 2147485355 1 1224979098644774912 2090 3 1224979098644774912 55 1 1721 3 1224979098644774912 55 1 12 1 1224979098644774913 1712 1 1224979098644774913 1702 1 1224979098644774913 2147485355 1 1224979098644774913 1803 3 1224979098644774912 1224979098644774913 1 1803 3 1224979098644774913 1224979098644774912 1 3 0 1 2 936748722493063783 1224979098644774912 1 2 936748722493063805 1224979098644774912 1 2 936748722493063784 1224979098644774912 2147483678 2 -1 26 
-15.000000 0.000000 0.000000  2 417 0 31 2 144115188075856207 1  3 2071 1 1224979098644774912 1 2 936748722493063233 1224979098644774912 2147483678 2 -1 27 
-19.000000 0.000000 0.000000  1 31 2 144115188075856207 1  7 2133 2 144115188075856325 0 1 1 936748722493063234 420 0 1 1 936748722493063277 1 1 936748722493063276 1 1 936748722493063275 2147483678 2 -1 28 
-20.000000 0.000000 0.000000  1 31 2 144115188075856207 1  9 426 2 0 -1 426 2 1 -1 1 1 936748722493063221 1 1 936748722493063237 1 1 936748722493063828 1 1 936748722493063832 2133 2 144115188075856331 0 2133 2 144115188075856333 1 2147483678 2 -1 29 
-16.000000 0.000000 0.000000  1 31 2 144115188075856207 1  39 4 0 415 1 1224979098644774912 33 3 1224979098644774912 0 1000 402 2 1224979098644774913 1224979098644774912 2147483678 2 1224979098644774913 2 433 2 1224979098644774914 1224979098644774912 435 2 1224979098644774915 1224979098644774912 2122 3 1224979098644774916 1224979098644774914 1000 2106 2 1224979098644774916 1224979098644774915 2133 2 1224979098644774917 1 400 1 1224979098644774918 2133 2 1224979098644774919 1224979098644774918 6 3 1224979098644774920 0 1224979098644774919 401 1 1224979098644774920 402 2 1224979098644774921 1224979098644774920 1073741855 2 1224979098644774921 0 31 2 1224979098644774921 1 433 2 1224979098644774914 1224979098644774920 435 2 1224979098644774915 1224979098644774920 2122 3 1224979098644774922 1224979098644774914 1000 2106 2 1224979098644774922 1224979098644774915 32 2 1224979098644774922 1224979098644774916 2133 2 1224979098644774917 0 2133 2 1224979098644774919 0 3 0 31 2 1224979098644774917 1 372 1 68 3 0 1 1 936748722493063278 2133 2 144115188075856334 0 900 1 1513209474796486675 2133 2 144115188075856331 0 2133 2 144115188075856335 0 2133 2 144115188075856336 10 2133 2 144115188075856337 10 2133 2 144115188075856338 60 2133 2 144115188075856339 60 2133 2 144115188075856208 0 2147483678 2 -1 30 
-26.000000 0.000000 0.000000  1 31 2 144115188075856207 1  59 2071 1 1224979098644774912 2072 1 1224979098644774913 1 3 936748722493063235 1224979098644774912 1224979098644774913 4 0 417 0 31 2 144115188075856331 1 1712 1 1224979098644774912 2147485355 1 1224979098644774912 1724 2 1224979098644774914 1224979098644774912 401 1 1224979098644774914 4 0 548 3 1224979098644774914 61 1 508 3 1224979098644774914 61 0 1710 2 3 1224979098644774912 6 3 1224979098644774915 0 4 1804 3 1224979098644774916 1224979098644774912 1224979098644774915 33 3 1224979098644774916 0 288230376151712346 1774 2 1224979098644774912 1224979098644774916 701 1 1 719 2 1 3 1 2 936748722493063835 60 1971 3 1224979098644774916 0 999999 3 0 2133 2 1224979098644774917 0 17 1 1224979098644774918 401 1 1224979098644774918 548 3 1224979098644774918 61 1 2105 2 1224979098644774917 1 3 0 4 0 2133 2 72057594037927937 1224979098644774917 4 0 2147483679 2 1224979098644774913 1224979098644774912 1712 1 1224979098644774913 2147485355 1 1224979098644774913 1724 2 1224979098644774919 1224979098644774913 401 1 1224979098644774919 2350 2 2 1224979098644774919 2350 2 3 1224979098644774914 2320 2 62 216172782113787604 1 1 936748722493063788 5 0 2350 2 3 1224979098644774914 2320 2 62 216172782113787605 1 1 936748722493063788 3 0 3 0 1073741855 2 1224979098644774917 0 31 2 1224979098644774917 1 2133 2 144115188075856340 1 5 0 6 3 1224979098644774915 0 4 1804 3 1224979098644774916 1224979098644774912 1224979098644774915 33 3 1224979098644774916 0 288230376151712346 1774 2 1224979098644774912 1224979098644774916 3 0 3 0 3 0 2147483678 2 -1 31 
5.000000 0.000000 0.000000  5 417 0 31 2 144115188075856207 1 31 2 144115188075856331 1 31 2 144115188075856340 1 2133 2 144115188075856340 0  65 4 0 2133 2 1224979098644774912 0 17 1 1224979098644774913 401 1 1224979098644774913 406 2 1224979098644774914 1224979098644774913 1712 1 1224979098644774914 1702 1 1224979098644774914 548 3 1224979098644774913 61 1 2105 2 1224979098644774912 1 2350 2 10 1224979098644774913 2133 2 1224979098644774915 1224979098644774913 3 0 1073741855 2 1224979098644774912 0 31 2 1224979098644774912 1 4 0 31 2 1224979098644774912 1 2320 2 62 216172782113787598 1 1 936748722493063788 3 0 416 0 1 1 936748722493063236 1 1 936748722493063824 1 1 936748722493063272 1 1 936748722493063237 1 1 936748722493063221 1 1 936748722493063248 17 1 1224979098644774916 401 1 1224979098644774916 395 3 1224979098644774916 78 -9999 3 0 4 0 31 2 1224979098644774912 1 401 1 1224979098644774915 2133 2 1224979098644774917 288230376151712035 410 3 1224979098644774915 6 288230376151712343 410 3 1224979098644774915 5 1224979098644774917 410 3 1224979098644774915 4 288230376151712346 410 3 1224979098644774915 7 288230376151711904 410 3 1224979098644774915 0 288230376151712346 410 3 1224979098644774915 1 288230376151712346 410 3 1224979098644774915 2 288230376151712346 410 3 1224979098644774915 3 288230376151712346 410 3 1224979098644774915 8 288230376151712346 409 2 1224979098644774915 6 508 3 1224979098644774915 61 0 3 0 16 3 1224979098644774918 1080863910568919471 1 510 3 1224979098644774918 52 0 3 0 16 3 1224979098644774919 1080863910568919057 1 1840 2 1224979098644774920 1224979098644774919 1841 2 1224979098644774921 1224979098644774919 31 2 1224979098644774920 2 32 2 1224979098644774921 0 510 3 1224979098644774919 53 0 3 0 2133 2 144115188075856331 0 2133 2 144115188075856335 0 2133 2 144115188075856336 10 2133 2 144115188075856337 10 2133 2 144115188075856338 60 2133 2 144115188075856339 60 1 1 936748722493063834 3 0 2147483678 2 -1 32 
1.000000 0.000000 0.000000  13 417 0 31 2 144115188075856207 1 31 2 144115188075856331 0 2133 2 1224979098644774912 0 17 1 1224979098644774913 401 1 1224979098644774913 548 3 1224979098644774913 60 1 548 3 1224979098644774913 61 0 2105 2 1224979098644774912 1 3 0 1073741854 2 1224979098644774912 2 31 2 144115188075856327 1 30 2 1224979098644774912 1  72 4 0 31 2 144115188075856338 60 2133 2 72057594037927937 144115188075856338 2320 2 1 216172782113787595 1 1 936748722493063787 3 0 2106 2 144115188075856338 1 4 0 1073741855 2 144115188075856338 1 1073741855 2 144115188075856338 2 1073741855 2 144115188075856338 3 1073741855 2 144115188075856338 4 1073741855 2 144115188075856338 5 1073741855 2 144115188075856338 10 1073741855 2 144115188075856338 15 1073741855 2 144115188075856338 20 1073741855 2 144115188075856338 25 1073741855 2 144115188075856338 30 1073741855 2 144115188075856338 35 1073741855 2 144115188075856338 40 1073741855 2 144115188075856338 45 1073741855 2 144115188075856338 50 31 2 144115188075856338 55 2133 2 72057594037927937 144115188075856338 2320 2 1 216172782113787595 1 1 936748722493063787 3 0 4 0 3221225504 2 144115188075856338 0 31 2 144115188075856327 1 2133 2 144115188075856338 144115188075856339 2133 2 144115188075856331 1 17 1 1224979098644774912 401 1 1224979098644774912 548 3 1224979098644774912 60 1 508 3 1224979098644774912 60 0 508 3 1224979098644774912 61 1 406 2 1224979098644774913 1224979098644774912 528 3 1224979098644774914 1224979098644774912 62 1850 2 0 1224979098644774914 405 2 1224979098644774912 360287970189640524 4 0 1712 1 1224979098644774913 1702 1 1224979098644774913 2147485355 1 1224979098644774913 2093 2 1224979098644774913 0 1711 2 1224979098644774913 0 6 3 1224979098644774915 0 4 1804 3 1224979098644774916 1224979098644774913 1224979098644774915 33 3 1224979098644774916 0 288230376151712346 1774 2 1224979098644774913 1224979098644774916 3 0 508 3 1224979098644774912 62 -1 5 0 403 2 1224979098644774912 0 2133 2 1224979098644774917 288230376151712035 410 3 1224979098644774912 6 288230376151712343 410 3 1224979098644774912 5 1224979098644774917 410 3 1224979098644774912 4 288230376151712346 410 3 1224979098644774912 7 288230376151711904 410 3 1224979098644774912 0 288230376151712346 410 3 1224979098644774912 1 288230376151712346 410 3 1224979098644774912 2 288230376151712346 410 3 1224979098644774912 3 288230376151712346 410 3 1224979098644774912 8 288230376151712346 409 2 1224979098644774912 1 508 3 1224979098644774912 51 1 3 0 3 0 2133 2 144115188075856335 1 3 0 2147483678 2 -1 33 
1.000000 0.000000 0.000000  4 417 0 31 2 144115188075856207 1 31 2 144115188075856331 1 31 2 144115188075856335 1  40 2147483680 2 144115188075856336 10 4 0 31 2 144115188075856336 10 1 1 936748722493063829 2133 2 144115188075856341 0 2133 2 144115188075856342 0 3 0 2106 2 144115188075856336 1 2133 2 72057594037927937 144115188075856336 4 0 32 2 144115188075856336 0 2320 2 1 216172782113787596 5 0 2320 2 1 216172782113787602 17 1 1224979098644774912 401 1 1224979098644774912 548 3 1224979098644774912 61 1 406 2 1224979098644774913 1224979098644774912 1712 1 1224979098644774913 1702 1 1224979098644774913 2093 2 1224979098644774913 100 17 1 1224979098644774914 2147483679 2 1224979098644774912 1224979098644774914 401 1 1224979098644774914 548 3 1224979098644774914 61 1 406 2 1224979098644774915 1224979098644774914 1712 1 1224979098644774915 1702 1 1224979098644774915 1803 3 1224979098644774915 1224979098644774913 -1 1803 3 1224979098644774913 1224979098644774915 -1 3 0 3 0 3 0 1 1 936748722493063787 4 0 2147483680 2 144115188075856336 0 2133 2 144115188075856336 144115188075856337 2133 2 144115188075856335 0 3 0 2147483678 2 -1 34 
60.000000 0.000000 0.000000  3 417 0 31 2 144115188075856207 1 31 2 144115188075856331 1  26 4 0 2105 2 144115188075856342 1 31 2 144115188075856342 5 2105 2 144115188075856341 1 2133 2 144115188075856342 0 3 0 2133 2 1224979098644774912 15 2124 1 10 2130 1 144115188075856341 2107 2 1224979098644774912 144115188075856341 2131 1 144115188075856341 2108 2 1224979098644774912 100 17 1 1224979098644774913 401 1 1224979098644774913 548 3 1224979098644774913 61 1 406 2 1224979098644774914 1224979098644774913 1712 1 1224979098644774914 1702 1 1224979098644774914 1720 3 1224979098644774915 1224979098644774914 1 2106 2 1224979098644774915 1224979098644774912 2111 2 1224979098644774915 0 1721 3 1224979098644774914 1224979098644774915 1 2147483680 2 1224979098644774915 0 1722 3 1224979098644774914 1224979098644774914 1 3 0 2147483678 2 -1 35 
1.000000 0.000000 0.000000  2 417 0 31 2 144115188075856207 1  42 417 0 17 1 1224979098644774912 401 1 1224979098644774912 2147484086 1 1224979098644774912 402 2 1224979098644774913 1224979098644774912 2147483678 2 1224979098644774913 2 404 2 1224979098644774914 1224979098644774912 30 2 1224979098644774914 0 406 2 1224979098644774915 1224979098644774912 2133 2 1224979098644774916 0 4 0 528 3 1224979098644774917 1224979098644774912 24 31 2 1224979098644774917 1 2133 2 1224979098644774916 1 508 3 1224979098644774912 24 0 5 0 4 0 2147483678 2 1224979098644774915 0 2133 2 1224979098644774916 1 5 0 2147485350 1 1224979098644774915 1760 2 1224979098644774918 1224979098644774915 32 2 1224979098644774918 144115188075856343 2133 2 1224979098644774916 1 3 0 3 0 31 2 1224979098644774916 1 405 2 1224979098644774912 360287970189640524 2133 2 1224979098644774919 288230376151712035 410 3 1224979098644774912 6 288230376151712343 410 3 1224979098644774912 5 1224979098644774919 410 3 1224979098644774912 4 288230376151712346 410 3 1224979098644774912 7 288230376151711904 410 3 1224979098644774912 0 288230376151712346 410 3 1224979098644774912 1 288230376151712346 410 3 1224979098644774912 2 288230376151712346 410 3 1224979098644774912 3 288230376151712346 410 3 1224979098644774912 8 288230376151712346 2136 3 72057594037927936 1 6 409 2 1224979098644774912 72057594037927936 3 0 2147483678 2 -1 36 
1.500000 0.000000 0.000000  2 417 0 31 2 144115188075856207 1  43 12 1 1224979098644774912 1712 1 1224979098644774912 1702 1 1224979098644774912 2133 2 1224979098644774913 0 16 3 1224979098644774914 1080863910568919057 1 1840 2 1224979098644774915 1224979098644774914 31 2 1224979098644774915 2 1841 2 1224979098644774916 1224979098644774914 32 2 1224979098644774916 0 550 3 1224979098644774914 53 0 1801 2 1224979098644774914 1224979098644774912 510 3 1224979098644774914 53 1 2133 2 1224979098644774913 1 3 0 31 2 1224979098644774913 1 1702 1 1224979098644774912 729 2 2 -100000 730 2 2 -100000 731 2 2 -100000 1970 1 2 1972 1 360287970189640505 2133 2 1224979098644774917 72057594037927936 1712 1 1224979098644774917 1702 1 1224979098644774917 2099 2 1224979098644774917 250 12 1 1224979098644774918 1712 1 1224979098644774918 1702 1 1224979098644774918 2147483679 2 1224979098644774918 1224979098644774917 1803 3 1224979098644774918 1224979098644774917 -1 1803 3 1224979098644774917 1224979098644774918 -1 3 0 16 3 1224979098644774919 1080863910568919990 1 1840 2 1224979098644774920 1224979098644774919 31 2 1224979098644774920 1224979098644774916 1841 2 1224979098644774921 1224979098644774919 2107 2 1224979098644774921 1000 1850 2 1 1224979098644774919 1829 7 1224979098644774917 1 1224979098644774921 288230376151712298 15 288230376151711898 15 3 0 1749 1 1224979098644774917 3 0 2147483678 2 -1 37 
1.000000 5.000000 0.000000  9 417 0 31 2 144115188075856344 1 31 2 144115188075856345 0 2370 1 1224979098644774912 2120 3 1224979098644774913 144115188075856346 144115188075856347 1073741855 2 1224979098644774913 144115188075856348 1073741857 3 144115188075856349 1 3 32 2 1224979098644774912 144115188075856350 1 1 936748722493063258  9 2133 2 144115188075856344 0 4 0 1073741855 2 144115188075856351 0 31 2 144115188075856351 3 1 2 936748722493063266 144115188075856325 470 3 72057594037927936 144115188075856352 1 1 1 936748722493063174 3 0 2147483678 2 -1 38 
-25.000000 0.000000 0.000000  1 2147483679 2 144115188075856207 1  3 2071 1 1224979098644774912 1 2 936748722493063232 1224979098644774912 2147483678 2 -1 39 
-15.000000 0.000000 0.000000  1 2147483679 2 144115188075856207 1  3 2071 1 1224979098644774912 1 2 936748722493063233 1224979098644774912 2147483678 2 -1 40 
-19.000000 0.000000 0.000000  1 2147483679 2 144115188075856207 1  8 2133 2 144115188075856325 0 1 1 936748722493063234 420 0 1 1 936748722493063833 1 1 936748722493063277 1 1 936748722493063276 1 1 936748722493063275 2147483678 2 -1 41 
-20.000000 0.000000 0.000000  1 2147483679 2 144115188075856207 1  6 426 2 0 -1 426 2 1 -1 1 1 936748722493063221 1 1 936748722493063237 2133 2 144115188075856333 1 2147483678 2 -1 42 
-16.000000 0.000000 0.000000  1 2147483679 2 144115188075856207 1  32 4 0 415 1 1224979098644774912 33 3 1224979098644774912 0 1000 402 2 1224979098644774913 1224979098644774912 2147483678 2 1224979098644774913 2 433 2 1224979098644774914 1224979098644774912 435 2 1224979098644774915 1224979098644774912 2122 3 1224979098644774916 1224979098644774914 1000 2106 2 1224979098644774916 1224979098644774915 2133 2 1224979098644774917 1 400 1 1224979098644774918 2133 2 1224979098644774919 1224979098644774918 6 3 1224979098644774920 0 1224979098644774919 401 1 1224979098644774920 402 2 1224979098644774921 1224979098644774920 1073741855 2 1224979098644774921 0 31 2 1224979098644774921 1 433 2 1224979098644774914 1224979098644774920 435 2 1224979098644774915 1224979098644774920 2122 3 1224979098644774922 1224979098644774914 1000 2106 2 1224979098644774922 1224979098644774915 32 2 1224979098644774922 1224979098644774916 2133 2 1224979098644774917 0 2133 2 1224979098644774919 0 3 0 31 2 1224979098644774917 1 372 1 68 3 0 1 1 936748722493063278 2133 2 144115188075856334 0 900 1 1513209474796486675 2147483678 2 -1 43 
-26.000000 0.000000 0.000000  1 2147483679 2 144115188075856207 1  4 2071 1 1224979098644774912 2072 1 1224979098644774913 1 3 936748722493063235 1224979098644774912 1224979098644774913 2147483678 2 -1 44 
1.000000 0.000000 0.000000  1 2147483679 2 144115188075856207 1  40 417 0 400 1 1224979098644774912 6 3 1224979098644774913 0 1224979098644774912 401 1 1224979098644774913 2147484086 1 1224979098644774913 402 2 1224979098644774914 1224979098644774913 2147483678 2 1224979098644774914 2 404 2 1224979098644774915 1224979098644774913 30 2 1224979098644774915 0 406 2 1224979098644774916 1224979098644774913 2133 2 1224979098644774917 0 4 0 528 3 1224979098644774918 1224979098644774913 24 31 2 1224979098644774918 1 2133 2 1224979098644774917 1 508 3 1224979098644774913 24 0 5 0 4 0 2147483678 2 1224979098644774916 0 2133 2 1224979098644774917 1 5 0 2147485350 1 1224979098644774916 1760 2 1224979098644774919 1224979098644774916 32 2 1224979098644774919 144115188075856343 2133 2 1224979098644774917 1 3 0 3 0 31 2 1224979098644774917 1 1 2 936748722493063295 1224979098644774913 1541 3 1224979098644774920 1224979098644774915 8 4 0 30 2 1224979098644774920 0 2133 2 1224979098644774921 1 5 0 2133 2 1224979098644774921 0 3 0 1 4 936748722493063293 1224979098644774914 0 1224979098644774921 409 2 1224979098644774913 72057594037927936 3 0 2147483678 2 -1 45 
1.000000 0.000000 0.000000  1 2147483679 2 144115188075856207 1  32 417 0 2370 1 1224979098644774912 30 2 1224979098644774912 2 2133 2 1224979098644774913 0 2133 2 1224979098644774914 0 12 1 1224979098644774915 1707 1 1224979098644774915 1704 1 1224979098644774915 2133 2 1224979098644774916 0 4 0 1702 1 1224979098644774915 2133 2 1224979098644774916 1 5 0 1760 2 1224979098644774917 1224979098644774915 2147483680 2 1224979098644774917 144115188075856343 2133 2 1224979098644774916 1 3 0 31 2 1224979098644774916 1 1770 2 1224979098644774918 1224979098644774915 4 0 31 2 1224979098644774918 0 2105 2 1224979098644774913 1 5 0 31 2 1224979098644774918 1 2105 2 1224979098644774914 1 3 0 3 0 2121 3 144115188075856353 144115188075856354 1224979098644774913 2121 3 144115188075856355 144115188075856356 1224979098644774914 2111 2 144115188075856353 0 2111 2 144115188075856355 0 2147483678 2 -1 46 
0.000000 0.000000 0.000000  1 2147483679 2 144115188075856207 1  46 417 0 31 2 144115188075856333 1 2120 3 1224979098644774912 144115188075856353 144115188075856355 4 0 32 2 1224979098644774912 0 2136 3 1224979098644774913 0 1224979098644774912 2106 2 1224979098644774913 144115188075856353 4 0 2147483678 2 1224979098644774913 0 2133 2 1224979098644774914 0 2106 2 144115188075856353 1 5 0 2133 2 1224979098644774914 1 2106 2 144115188075856355 1 3 0 458 2 1224979098644774915 1224979098644774914 2133 2 1224979098644774916 0 6 3 1224979098644774917 360287970189640531 360287970189640549 2173 2 1224979098644774918 1224979098644774917 31 2 1224979098644774918 1224979098644774915 2105 2 1224979098644774916 1 3 0 2136 3 1224979098644774919 0 1224979098644774916 2133 2 1224979098644774920 360287970189640549 6 3 1224979098644774917 360287970189640531 1224979098644774920 2173 2 1224979098644774918 1224979098644774917 31 2 1224979098644774918 1224979098644774915 2106 2 1224979098644774919 1 2147483678 2 1224979098644774919 0 2133 2 1224979098644774920 0 2133 2 1224979098644774921 1224979098644774917 3 0 1541 3 1224979098644774922 1224979098644774921 8 4 0 30 2 1224979098644774922 0 2133 2 1224979098644774923 1 5 0 2133 2 1224979098644774923 0 3 0 1 4 936748722493063293 1224979098644774914 0 1224979098644774923 2211 1 1224979098644774924 1261 1 1224979098644774924 1265 5 72057594037927936 1224979098644774921 1 1224979098644774914 -1 2133 2 144115188075856333 0 3 0 2147483678 2 -1 47 
1.000000 0.000000 0.000000  1 2147483679 2 144115188075856207 1  15 417 0 2133 2 1224979098644774912 0 4 0 2370 1 1224979098644774913 2122 3 1224979098644774914 144115188075856330 60 32 2 1224979098644774913 1224979098644774914 2133 2 1224979098644774912 1 3 0 4 0 31 2 1224979098644774912 1 1 2 936748722493063266 144115188075856325 470 3 72057594037927936 144115188075856332 0 1 1 936748722493063174 3 0 2147483678 2 -1 48 
-21.000000 0.000000 0.000000  0  6 4 0 31 2 144115188075856357 0 2133 2 144115188075856334 1 900 1 1513209474796486675 3 0 2147483678 2 -1 49 
0.000000 0.000000 100000000.000000  0  2 900 1 1513209474796486661 2147483678 2 -1 50 
-23.000000 0.000000 0.000000  0  5 2147484551 1 1513209474796486676 2147484551 1 1513209474796486675 31 2 144115188075856358 0 900 1 1513209474796486676 2147483678 2 -1 51 


mst_multiplayer_tdm multiplayer_tdm 2  -1
You_lead_your_men_to_battle. 

64 0 4112 0 16 1 0  
1 4112 0 16 1 0  
2 4112 0 16 1 0  
3 4112 0 16 1 0  
4 4112 0 16 1 0  
5 4112 0 16 1 0  
6 4112 0 16 1 0  
7 4112 0 16 1 0  
8 4112 0 16 1 0  
9 4112 0 16 1 0  
10 4112 0 16 1 0  
11 4112 0 16 1 0  
12 4112 0 16 1 0  
13 4112 0 16 1 0  
14 4112 0 16 1 0  
15 4112 0 16 1 0  
16 4112 0 16 1 0  
17 4112 0 16 1 0  
18 4112 0 16 1 0  
19 4112 0 16 1 0  
20 4112 0 16 1 0  
21 4112 0 16 1 0  
22 4112 0 16 1 0  
23 4112 0 16 1 0  
24 4112 0 16 1 0  
25 4112 0 16 1 0  
26 4112 0 16 1 0  
27 4112 0 16 1 0  
28 4112 0 16 1 0  
29 4112 0 16 1 0  
30 4112 0 16 1 0  
31 4112 0 16 1 0  
32 8208 0 16 1 0  
33 8208 0 16 1 0  
34 8208 0 16 1 0  
35 8208 0 16 1 0  
36 8208 0 16 1 0  
37 8208 0 16 1 0  
38 8208 0 16 1 0  
39 8208 0 16 1 0  
40 8208 0 16 1 0  
41 8208 0 16 1 0  
42 8208 0 16 1 0  
43 8208 0 16 1 0  
44 8208 0 16 1 0  
45 8208 0 16 1 0  
46 8208 0 16 1 0  
47 8208 0 16 1 0  
48 8208 0 16 1 0  
49 8208 0 16 1 0  
50 8208 0 16 1 0  
51 8208 0 16 1 0  
52 8208 0 16 1 0  
53 8208 0 16 1 0  
54 8208 0 16 1 0  
55 8208 0 16 1 0  
56 8208 0 16 1 0  
57 8208 0 16 1 0  
58 8208 0 16 1 0  
59 8208 0 16 1 0  
60 8208 0 16 1 0  
61 8208 0 16 1 0  
62 8208 0 16 1 0  
63 8208 0 16 1 0  
44
-24.000000 0.000000 0.000000  0  6 4 0 31 2 144115188075856314 1 2147484551 1 1513209474796486713 900 1 1513209474796486713 3 0 2147483678 2 -1 0 
0.000000 0.000000 0.000000  1 2147484066 0  8 4 0 71 1 62 31 2 144115188075856314 0 2147484551 1 1513209474796486713 2133 2 144115188075856314 1 900 1 1513209474796486713 3 0 2147483678 2 -1 1 
1.000000 0.000000 0.000000  2 417 0 31 2 144115188075856315 1  30 2105 2 144115188075856316 1 2122 3 1224979098644774912 60 144115188075856317 4 0 30 2 144115188075856316 1224979098644774912 4 0 31 2 144115188075856318 1 2320 2 1 216172782113787622 5 0 31 2 144115188075856318 2 2320 2 1 216172782113787623 5 0 31 2 144115188075856318 3 2320 2 1 216172782113787624 5 0 31 2 144115188075856318 4 2320 2 1 216172782113787625 5 0 31 2 144115188075856318 5 2320 2 1 216172782113787626 2133 2 144115188075856318 0 3 0 17 1 1224979098644774913 401 1 1224979098644774913 399 3 1224979098644774913 111 1 3 0 473 1 1 2133 2 144115188075856316 0 2105 2 144115188075856318 1 3 0 2147483678 2 -1 2 
5.000000 0.000000 0.000000  2 417 0 31 2 144115188075856319 1  6 12 1 1224979098644774912 1712 1 1224979098644774912 1702 1 1224979098644774912 1733 2 1224979098644774912 1 3 0 2147483678 2 -1 3 
5.000000 0.000000 0.000000  2 417 0 31 2 144115188075856320 1  5 17 1 1224979098644774912 401 1 1224979098644774912 440 3 1224979098644774912 1 1 3 0 2147483678 2 -1 4 
-16.000000 0.000000 0.000000  1 417 0  19 17 1 1224979098644774912 401 1 1224979098644774912 548 3 1224979098644774912 57 1 441 2 1224979098644774913 1224979098644774912 500 3 360287970189640760 1224979098644774912 1224979098644774913 3 0 17 1 1224979098644774912 401 1 1224979098644774912 548 3 1224979098644774912 58 1 441 2 1224979098644774913 1224979098644774912 500 3 360287970189640761 1224979098644774912 1224979098644774913 3 0 17 1 1224979098644774912 401 1 1224979098644774912 548 3 1224979098644774912 59 1 441 2 1224979098644774913 1224979098644774912 500 3 360287970189640762 1224979098644774912 1224979098644774913 3 0 2147483678 2 -1 5 
300.000000 0.000000 100000000.000000  1 417 0  6 6 3 1224979098644774912 0 256 500 3 360287970189640760 1224979098644774912 -1 500 3 360287970189640761 1224979098644774912 -1 500 3 360287970189640762 1224979098644774912 -1 3 0 2147483678 2 -1 6 
1.000000 0.000000 0.000000  2 31 2 144115188075856321 1 417 0  26 2121 3 1224979098644774912 144115188075856322 1 2133 2 144115188075856322 1224979098644774912 2133 2 72057594037927937 1224979098644774912 4 0 31 2 1224979098644774912 0 2320 2 1 216172782113787475 1 1 936748722493063787 5 0 31 2 1224979098644774912 2 2320 2 1 216172782113787474 1 1 936748722493063787 5 0 31 2 1224979098644774912 4 2320 2 1 216172782113787473 1 1 936748722493063787 5 0 2147483679 2 1224979098644774912 -1 2320 2 1 216172782113787469 1 1 936748722493063787 3 0 4 0 2147483680 2 1224979098644774912 -1 1973 1 288230376151711893 1740 2 72057594037927936 1801439850948198842 3 0 2147483678 2 -1 7 
-25.000000 0.000000 0.000000  2 417 0 31 2 144115188075856207 0  4 2071 1 1224979098644774912 1 2 936748722493063783 1224979098644774912 1 2 936748722493063805 1224979098644774912 2147483678 2 -1 8 
-53.000000 0.000000 0.000000  1 417 0  91 2071 1 1224979098644774912 2072 1 1224979098644774913 4 0 1712 1 1224979098644774912 1702 1 1224979098644774912 1704 1 1224979098644774912 2147485355 1 1224979098644774912 1073741855 2 1224979098644774913 288230376151711760 1073741855 2 1224979098644774913 288230376151711850 1073741855 2 1224979098644774913 288230376151711854 1073741855 2 1224979098644774913 288230376151711855 1073741855 2 1224979098644774913 288230376151711856 1073741855 2 1224979098644774913 288230376151711857 1073741855 2 1224979098644774913 288230376151711858 1073741855 2 1224979098644774913 288230376151711859 1073741855 2 1224979098644774913 288230376151711860 1073741855 2 1224979098644774913 288230376151711864 1073741855 2 1224979098644774913 288230376151711865 1073741855 2 1224979098644774913 288230376151711866 1073741855 2 1224979098644774913 288230376151711861 1073741855 2 1224979098644774913 288230376151711867 31 2 1224979098644774913 288230376151711868 1774 2 1224979098644774912 1224979098644774913 2133 2 1224979098644774914 0 4 0 31 2 144115188075856207 1 1720 3 1224979098644774915 1224979098644774912 1 4 0 31 2 1224979098644774913 288230376151711760 2105 2 1224979098644774914 6 5 0 31 2 1224979098644774913 288230376151711850 2105 2 1224979098644774914 3 5 0 31 2 1224979098644774913 288230376151711854 2105 2 1224979098644774914 5 5 0 31 2 1224979098644774913 288230376151711855 2105 2 1224979098644774914 7 5 0 31 2 1224979098644774913 288230376151711856 2105 2 1224979098644774914 4 5 0 31 2 1224979098644774913 288230376151711857 2105 2 1224979098644774914 8 5 0 31 2 1224979098644774913 288230376151711858 2105 2 1224979098644774914 4 5 0 31 2 1224979098644774913 288230376151711859 2105 2 1224979098644774914 5 5 0 31 2 1224979098644774913 288230376151711860 2105 2 1224979098644774914 5 5 0 31 2 1224979098644774913 288230376151711864 2105 2 1224979098644774914 5 5 0 31 2 1224979098644774913 288230376151711865 2105 2 1224979098644774914 7 5 0 31 2 1224979098644774913 288230376151711866 2105 2 1224979098644774914 8 5 0 31 2 1224979098644774913 288230376151711861 2105 2 1224979098644774914 4 5 0 31 2 1224979098644774913 288230376151711867 2105 2 1224979098644774914 10 3 0 4 0 2147483678 2 1224979098644774915 55 2105 2 1224979098644774915 1224979098644774914 2110 2 1224979098644774915 55 1721 3 1224979098644774912 1224979098644774915 1 3 0 5 0 1720 2 1224979098644774915 1224979098644774912 2105 2 1224979098644774914 5 2147483678 2 1224979098644774915 100 2105 2 1224979098644774915 1224979098644774914 2110 2 1224979098644774915 100 1721 2 1224979098644774912 1224979098644774915 3 0 1724 2 1224979098644774916 1224979098644774912 401 1 1224979098644774916 2325 2 1 1224979098644774913 2133 2 72057594037927937 1224979098644774914 399 3 1224979098644774916 111 216172782113787572 3 0 2147483678 2 -1 9 
1.500000 0.000000 0.000000  3 417 0 1073741855 2 144115188075856323 2 31 2 144115188075856323 4  34 12 1 1224979098644774912 1712 1 1224979098644774912 1702 1 1224979098644774912 1704 1 1224979098644774912 2147485355 1 1224979098644774912 1710 2 15 1224979098644774912 791 1 15 2124 1 100 722 2 15 180 700 2 16 15 700 2 17 15 4 0 31 2 144115188075856323 4 700 2 18 15 700 2 19 15 700 2 20 15 700 2 21 15 720 2 18 400 720 2 19 -400 721 2 20 400 721 2 21 -400 3 0 722 2 15 -170 722 2 17 2000 4 0 31 2 144115188075856323 4 1 1 936748722493063812 5 0 707 2 16 17 722 2 15 650 1969 3 1008806316530991105 15 140 3 0 3 0 2147483678 2 -1 10 
1.000000 0.000000 0.000000  3 417 0 1073741855 2 144115188075856323 1 31 2 144115188075856323 3  34 12 1 1224979098644774912 1712 1 1224979098644774912 1702 1 1224979098644774912 1704 1 1224979098644774912 2147485355 1 1224979098644774912 1710 2 15 1224979098644774912 791 1 15 2124 1 100 722 2 15 180 700 2 16 15 700 2 17 15 4 0 31 2 144115188075856323 3 700 2 18 15 700 2 19 15 700 2 20 15 700 2 21 15 720 2 18 600 720 2 19 -600 721 2 20 600 721 2 21 -600 3 0 722 2 15 -170 722 2 17 2000 4 0 31 2 144115188075856323 3 1 1 936748722493063811 5 0 707 2 16 17 722 2 15 470 1969 3 1008806316530991104 15 300 3 0 3 0 2147483678 2 -1 11 
-20.000000 0.000000 0.000000  2 417 0 31 2 144115188075856207 0  2 1 1 936748722493063825 2147483678 2 -1 12 
5.000000 0.000000 0.000000  2 417 0 31 2 144115188075856324 1  81 2124 1 100 12 1 1224979098644774912 1712 1 1224979098644774912 1702 1 1224979098644774912 1710 2 3 1224979098644774912 728 2 1224979098644774913 3 2133 2 1224979098644774914 -190 4 0 2147483678 2 1224979098644774913 1224979098644774914 4 0 1712 1 1224979098644774912 1702 1 1224979098644774912 1704 1 1224979098644774912 1714 2 1224979098644774915 1224979098644774912 1712 1 1224979098644774915 1702 1 1224979098644774915 2133 2 1224979098644774914 -280 5 0 1712 1 1224979098644774912 1702 1 1224979098644774912 2147485352 1 1224979098644774912 2133 2 1224979098644774914 -200 3 0 2133 2 1224979098644774916 1152921504606847103 4 0 1712 1 1224979098644774912 1704 1 1224979098644774912 4 0 1718 2 1224979098644774917 1224979098644774912 1506 2 1224979098644774918 1224979098644774917 4 0 1724 2 1224979098644774919 1224979098644774912 401 1 1224979098644774919 442 2 1224979098644774918 1224979098644774919 3 0 4 0 31 2 1224979098644774918 0 2133 2 1224979098644774916 1152921504606847103 5 0 31 2 1224979098644774918 1 2133 2 1224979098644774916 1152921504606847082 3 0 3 0 5 0 1712 1 1224979098644774912 2147485352 1 1224979098644774912 2133 2 1224979098644774916 1152921504606847125 3 0 4 0 2147483680 2 1224979098644774913 1224979098644774914 1712 1 1224979098644774912 1702 1 1224979098644774912 1704 1 1224979098644774912 1720 2 1224979098644774920 1224979098644774912 2121 3 1224979098644774921 1224979098644774920 10 1721 2 1224979098644774912 1224979098644774921 4 0 2147483680 2 1224979098644774921 0 1722 2 1224979098644774912 1224979098644774912 3 0 391 4 126 6 1224979098644774912 1224979098644774916 1724 2 1224979098644774919 1224979098644774912 401 1 1224979098644774919 399 3 1224979098644774919 111 216172782113787429 5 0 2147483680 2 1224979098644774913 1224979098644774914 1712 1 1224979098644774912 1702 1 1224979098644774912 2147485352 1 1224979098644774912 1720 2 1224979098644774920 1224979098644774912 2121 3 1224979098644774921 1224979098644774920 10 1721 2 1224979098644774912 1224979098644774921 4 0 2147483680 2 1224979098644774921 0 1722 2 1224979098644774912 1224979098644774912 3 0 391 4 126 6 1224979098644774912 1224979098644774916 3 0 3 0 3 0 2147483678 2 -1 13 
3.000000 0.000000 100000000.000000  2 417 0 31 2 0 1  35 4 0 2319 1 5 2319 1 6 2133 2 1224979098644774912 0 17 1 1224979098644774913 401 1 1224979098644774913 1073742372 3 1224979098644774913 57 1 1073742372 3 1224979098644774913 58 1 1073742372 3 1224979098644774913 59 1 430 1 1224979098644774913 2105 2 1224979098644774912 1 2350 2 5 1224979098644774913 4 0 31 2 1224979098644774912 1 2320 2 6 216172782113787383 5 0 32 2 1224979098644774912 1 2320 2 6 216172782113787384 3 0 3 0 4 0 31 2 1224979098644774912 0 2320 2 6 1585267068834414750 3 0 2211 1 1224979098644774914 1 2 936748722493063207 1224979098644774914 2320 2 2 216172782113783815 1 2 936748722493063266 144115188075856325 1 2 936748722493063208 72057594037927936 2320 2 3 216172782113783815 2352 1 4 2320 2 1 216172782113787387 1 1 936748722493063787 3 0 2147483678 2 -1 14 
-29.000000 0.000000 0.000000  1 417 0  3 2071 1 1224979098644774912 1 2 936748722493063798 1224979098644774912 2147483678 2 -1 15 
1.000000 0.000000 0.000000  0  15 12 1 1224979098644774912 1712 1 1224979098644774912 1702 1 1224979098644774912 2133 2 1224979098644774913 0 16 3 1224979098644774914 1080863910568919057 1 1840 2 1224979098644774915 1224979098644774914 31 2 1224979098644774915 1 1801 2 1224979098644774914 1224979098644774912 2133 2 1224979098644774913 1 3 0 31 2 1224979098644774913 1 1702 1 1224979098644774912 1755 1 1224979098644774912 3 0 2147483678 2 -1 16 
0.000000 0.000000 3.000000  19 2147484066 0 415 1 1224979098644774912 401 1 1224979098644774912 1073742372 3 1224979098644774912 59 1 430 1 1224979098644774912 406 2 1224979098644774913 1224979098644774912 1712 1 1224979098644774913 1702 1 1224979098644774913 70 1 25 70 1 24 70 1 184 1709 2 1 1224979098644774913 722 2 1 120 1 2 936748722493063821 50 2133 2 144115188075856326 1 1975 3 1008806316530991164 1 1 700 2 3 1 72 1 7 2133 2 144115188075856326 0  1 2147483678 2 -1 17 
0.000000 0.000000 0.000000  21 2147484066 0 2124 1 100 415 1 1224979098644774912 401 1 1224979098644774912 1073742372 3 1224979098644774912 59 1 430 1 1224979098644774912 406 2 1224979098644774913 1224979098644774912 1712 1 1224979098644774913 1702 1 1224979098644774913 31 2 144115188075856326 1 2147483718 1 25 2147483718 1 24 2147483718 1 184 2133 2 144115188075856326 0 4 0 726 2 1224979098644774914 3 727 2 1224979098644774915 3 728 2 1224979098644774916 3 392 5 126 19 1224979098644774914 1224979098644774915 1224979098644774916 600 1 1152921504606846985 3 0  1 2147483678 2 -1 18 
3.000000 0.000000 0.000000  1 417 0  8 17 2 1224979098644774912 1 401 1 1224979098644774912 548 3 1224979098644774912 56 1 2147484086 1 1224979098644774912 394 2 1224979098644774912 79 399 3 1224979098644774912 111 216172782113787534 3 0 2147483678 2 -1 19 
0.000000 0.000000 0.000000  2 2147484066 0 255 0  33 4 0 70 1 29 70 1 56 71 1 63 4 0 31 2 144115188075856327 0 2133 2 144115188075856327 1 1106 1 1585267068834414751 5 0 2133 2 144115188075856327 0 1106 1 1585267068834414752 3 0 3 0 4 0 70 1 29 70 1 56 71 1 64 4 0 31 2 144115188075856327 1 2133 2 144115188075856327 2 1106 1 1585267068834414753 5 0 31 2 144115188075856327 2 2133 2 144115188075856327 1 1106 1 1585267068834414754 3 0 3 0 4 0 31 2 144115188075856327 2 2147484551 1 1513209474796486712 900 1 1513209474796486712 3 0 2147483678 2 -1 20 
0.000000 0.000000 0.000000  2 2147484066 0 1 1 936748722493063808  95 4 0 1073741895 1 22 1073741895 1 23 71 1 65 415 1 1224979098644774912 401 1 1224979098644774912 1073742372 3 1224979098644774912 57 1 1073742372 3 1224979098644774912 58 1 1073742372 3 1224979098644774912 59 1 430 1 1224979098644774912 4 0 71 1 22 2147484551 1 1513209474796486707 900 1 1513209474796486707 5 0 71 1 23 2147484551 1 1513209474796486708 900 1 1513209474796486708 5 0 71 1 65 2147484551 1 1513209474796486706 2147484551 1 1513209474796486682 900 1 1513209474796486706 3 0 3 0 4 0 71 1 25 415 1 1224979098644774912 401 1 1224979098644774912 2147484196 3 1224979098644774912 57 1 2147484196 3 1224979098644774912 58 1 2147484196 3 1224979098644774912 59 1 2147484078 1 1224979098644774912 2147484551 1 1513209474796486706 2147484551 1 1513209474796486682 900 1 1513209474796486711 3 0 4 0 70 1 29 70 1 56 71 1 66 415 1 1224979098644774912 415 1 1224979098644774912 401 1 1224979098644774912 1073742372 3 1224979098644774912 59 1 430 1 1224979098644774912 406 2 1224979098644774913 1224979098644774912 1712 1 1224979098644774913 1702 1 1224979098644774913 390 3 126 22 50 2093 2 1224979098644774913 50 3 0 4 0 70 1 29 70 1 56 71 1 67 415 1 1224979098644774912 401 1 1224979098644774912 1073742372 3 1224979098644774912 59 1 430 1 1224979098644774912 406 2 1224979098644774913 1224979098644774912 1712 1 1224979098644774913 1702 1 1224979098644774913 390 3 126 22 100 2093 2 1224979098644774913 100 3 0 4 0 70 1 29 70 1 56 71 1 68 415 1 1224979098644774912 401 1 1224979098644774912 1073742372 3 1224979098644774912 59 1 430 1 1224979098644774912 406 2 1224979098644774913 1224979098644774912 1712 1 1224979098644774913 1702 1 1224979098644774913 390 3 126 22 200 2093 2 1224979098644774913 200 3 0 4 0 70 1 29 70 1 56 71 1 87 415 1 1224979098644774912 401 1 1224979098644774912 1073742372 3 1224979098644774912 59 1 430 1 1224979098644774912 406 2 1224979098644774913 1224979098644774912 1712 1 1224979098644774913 1702 1 1224979098644774913 390 3 126 22 1000 2093 2 1224979098644774913 1000 3 0 2147483678 2 -1 21 
-28.000000 0.000000 0.000000  3 417 0 2147483679 2 144115188075856325 7 2147483679 2 144115188075856325 0  43 2071 1 1224979098644774912 2072 1 1224979098644774913 2073 1 1224979098644774914 4 0 1712 1 1224979098644774912 1712 1 1224979098644774913 1702 1 1224979098644774912 1702 1 1224979098644774913 4 0 1704 1 1224979098644774912 1704 1 1224979098644774913 1724 2 1224979098644774915 1224979098644774912 1724 2 1224979098644774916 1224979098644774913 401 1 1224979098644774915 401 1 1224979098644774916 2350 2 1 1224979098644774915 2350 2 2 1224979098644774916 402 2 1224979098644774917 1224979098644774915 402 2 1224979098644774918 1224979098644774916 31 2 1224979098644774917 1224979098644774918 2133 2 72057594037927937 1224979098644774914 473 1 216172782113787606 5 0 2133 2 1224979098644774919 1224979098644774912 2147485352 1 1224979098644774919 1704 1 1224979098644774913 1715 2 1224979098644774912 1224979098644774919 1712 1 1224979098644774912 1702 1 1224979098644774912 1724 2 1224979098644774915 1224979098644774912 1724 2 1224979098644774916 1224979098644774913 401 1 1224979098644774915 401 1 1224979098644774916 2350 2 1 1224979098644774915 2350 2 2 1224979098644774916 402 2 1224979098644774917 1224979098644774915 402 2 1224979098644774918 1224979098644774916 31 2 1224979098644774917 1224979098644774918 2133 2 72057594037927937 1224979098644774914 473 1 216172782113787607 3 0 3 0 2147483678 2 -1 22 
10.000000 0.000000 0.000000  2 417 0 31 2 144115188075856328 1  19 12 1 1224979098644774912 1712 1 1224979098644774912 1702 1 1224979098644774912 2147485352 1 1224979098644774912 1715 2 1224979098644774913 1224979098644774912 2147485360 1 1224979098644774913 2370 1 1224979098644774914 4 0 2147484213 3 1224979098644774912 50 1 505 3 1224979098644774912 50 1224979098644774914 5 0 565 3 1224979098644774912 50 1 525 3 1224979098644774915 1224979098644774912 50 2120 3 1224979098644774916 1224979098644774915 144115188075856329 30 2 1224979098644774914 1224979098644774916 1749 1 1224979098644774912 3 0 3 0 2147483678 2 -1 23 
-55.000000 0.000000 0.000000  2 417 0 31 2 144115188075856328 1  8 2072 1 1224979098644774912 4 0 1712 1 1224979098644774912 1702 1 1224979098644774912 2147485352 1 1224979098644774912 505 3 1224979098644774912 50 0 3 0 2147483678 2 -1 24 
0.000000 0.000000 100000000.000000  4 417 0 31 2 144115188075856359 1 2147483679 2 144115188075856325 7 2147483679 2 144115188075856325 0  8 6 3 1224979098644774912 0 1000000 500 3 360287970189640756 1224979098644774912 0 500 3 360287970189640757 1224979098644774912 0 500 3 360287970189640758 1224979098644774912 0 500 3 360287970189640759 1224979098644774912 0 3 0 2133 2 144115188075856360 0 2147483678 2 -1 25 
-25.000000 0.000000 0.000000  0  4 2071 1 1224979098644774912 1718 2 1224979098644774913 1224979098644774912 1 4 936748722493063580 1729382256910270468 1224979098644774912 1224979098644774913 2147483678 2 -1 26 
1.000000 5.000000 0.000000  9 417 0 31 2 144115188075856344 1 31 2 144115188075856345 0 2370 1 1224979098644774912 2120 3 1224979098644774913 144115188075856346 144115188075856347 1073741855 2 1224979098644774913 144115188075856348 1073741857 3 144115188075856349 1 3 32 2 1224979098644774912 144115188075856350 1 1 936748722493063258  9 2133 2 144115188075856344 0 4 0 1073741855 2 144115188075856351 0 31 2 144115188075856351 3 1 2 936748722493063266 144115188075856325 470 3 72057594037927936 144115188075856352 1 1 1 936748722493063174 3 0 2147483678 2 -1 27 
-25.000000 0.000000 0.000000  0  3 2071 1 1224979098644774912 1 2 936748722493063232 1224979098644774912 2147483678 2 -1 28 
-15.000000 0.000000 0.000000  0  3 2071 1 1224979098644774912 1 2 936748722493063233 1224979098644774912 2147483678 2 -1 29 
-19.000000 0.000000 0.000000  0  6 2133 2 144115188075856325 1 1 1 936748722493063234 1 1 936748722493063277 1 1 936748722493063276 1 1 936748722493063275 2147483678 2 -1 30 
-20.000000 0.000000 0.000000  0  6 426 2 0 -1 426 2 1 -1 1 1 936748722493063221 1 1 936748722493063237 2133 2 144115188075856333 1 2147483678 2 -1 31 
-16.000000 0.000000 0.000000  0  24 4 0 415 1 1224979098644774912 33 3 1224979098644774912 0 1000 402 2 1224979098644774913 1224979098644774912 2147483678 2 1224979098644774913 2 455 2 1224979098644774914 0 455 2 1224979098644774915 1 2133 2 1224979098644774916 0 4 0 31 2 1224979098644774913 0 32 2 1224979098644774914 1224979098644774915 2133 2 1224979098644774916 1 5 0 31 2 1224979098644774913 1 32 2 1224979098644774915 1224979098644774914 2133 2 1224979098644774916 1 3 0 31 2 1224979098644774916 1 372 1 67 3 0 1 1 936748722493063278 2133 2 144115188075856334 0 900 1 1513209474796486674 2147483678 2 -1 32 
-26.000000 0.000000 0.000000  0  16 2071 1 1224979098644774912 2072 1 1224979098644774913 1 3 936748722493063235 1224979098644774912 1224979098644774913 4 0 30 2 1224979098644774913 0 1704 1 1224979098644774912 1704 1 1224979098644774913 1770 2 1224979098644774914 1224979098644774913 2147483680 2 1224979098644774914 1 1770 2 1224979098644774915 1224979098644774912 2147483679 2 1224979098644774914 1224979098644774915 455 2 1224979098644774916 1224979098644774914 2105 2 1224979098644774916 1 456 2 1224979098644774914 1224979098644774916 3 0 2147483678 2 -1 33 
1.000000 0.000000 0.000000  0  40 417 0 400 1 1224979098644774912 6 3 1224979098644774913 0 1224979098644774912 401 1 1224979098644774913 2147484086 1 1224979098644774913 402 2 1224979098644774914 1224979098644774913 2147483678 2 1224979098644774914 2 404 2 1224979098644774915 1224979098644774913 30 2 1224979098644774915 0 406 2 1224979098644774916 1224979098644774913 2133 2 1224979098644774917 0 4 0 528 3 1224979098644774918 1224979098644774913 24 31 2 1224979098644774918 1 2133 2 1224979098644774917 1 508 3 1224979098644774913 24 0 5 0 4 0 2147483678 2 1224979098644774916 0 2133 2 1224979098644774917 1 5 0 2147485350 1 1224979098644774916 1760 2 1224979098644774919 1224979098644774916 32 2 1224979098644774919 144115188075856343 2133 2 1224979098644774917 1 3 0 3 0 31 2 1224979098644774917 1 1 2 936748722493063295 1224979098644774913 1541 3 1224979098644774920 1224979098644774915 8 4 0 30 2 1224979098644774920 0 2133 2 1224979098644774921 1 5 0 2133 2 1224979098644774921 0 3 0 1 4 936748722493063293 1224979098644774914 1 1224979098644774921 409 2 1224979098644774913 72057594037927936 3 0 2147483678 2 -1 34 
1.000000 0.000000 0.000000  0  32 417 0 2370 1 1224979098644774912 30 2 1224979098644774912 2 2133 2 1224979098644774913 0 2133 2 1224979098644774914 0 12 1 1224979098644774915 1707 1 1224979098644774915 1704 1 1224979098644774915 2133 2 1224979098644774916 0 4 0 1702 1 1224979098644774915 2133 2 1224979098644774916 1 5 0 1760 2 1224979098644774917 1224979098644774915 2147483680 2 1224979098644774917 144115188075856343 2133 2 1224979098644774916 1 3 0 31 2 1224979098644774916 1 1770 2 1224979098644774918 1224979098644774915 4 0 31 2 1224979098644774918 0 2105 2 1224979098644774913 1 5 0 31 2 1224979098644774918 1 2105 2 1224979098644774914 1 3 0 3 0 2121 3 144115188075856353 144115188075856354 1224979098644774913 2121 3 144115188075856355 144115188075856356 1224979098644774914 2111 2 144115188075856353 0 2111 2 144115188075856355 0 2147483678 2 -1 35 
0.000000 0.000000 0.000000  0  120 417 0 31 2 144115188075856333 1 2120 3 1224979098644774912 144115188075856353 144115188075856355 4 0 32 2 1224979098644774912 0 4 0 1073741855 2 144115188075856325 2 1073741855 2 144115188075856325 3 31 2 144115188075856325 6 455 2 1224979098644774913 0 455 2 1224979098644774914 1 2120 3 1224979098644774915 1224979098644774913 1224979098644774914 31 2 1224979098644774915 0 2370 1 1224979098644774916 2106 2 1224979098644774916 144115188075856361 2147483678 2 1224979098644774916 20 2133 2 1224979098644774917 0 5 0 2133 2 1224979098644774917 1 3 0 31 2 1224979098644774917 1 2136 3 1224979098644774918 0 1224979098644774912 2106 2 1224979098644774918 144115188075856353 4 0 2147483678 2 1224979098644774918 0 2133 2 1224979098644774919 0 5 0 2133 2 1224979098644774919 1 3 0 4 0 1073741855 2 144115188075856325 2 31 2 144115188075856325 3 2370 1 1224979098644774916 2106 2 1224979098644774916 144115188075856361 4 0 2147483680 2 1224979098644774916 20 2133 2 1224979098644774920 0 5 0 2133 2 1224979098644774920 1 3 0 5 0 2133 2 1224979098644774920 1 3 0 1 3 936748722493063291 1224979098644774919 1224979098644774920 2133 2 1224979098644774921 72057594037927936 2133 2 1224979098644774922 72057594037927937 458 2 1224979098644774923 1224979098644774919 2133 2 1224979098644774924 0 6 3 1224979098644774925 360287970189640531 360287970189640549 2173 2 1224979098644774926 1224979098644774925 31 2 1224979098644774926 1224979098644774923 2105 2 1224979098644774924 1 3 0 2133 2 1224979098644774927 0 400 1 1224979098644774928 6 3 1224979098644774929 0 1224979098644774928 401 1 1224979098644774929 402 2 1224979098644774930 1224979098644774929 31 2 1224979098644774919 1224979098644774930 2133 2 1224979098644774931 0 2120 3 1224979098644774932 35 1224979098644774924 6 3 1224979098644774933 35 1224979098644774932 568 3 1224979098644774929 1224979098644774933 1 2133 2 1224979098644774931 1 2133 2 1224979098644774932 0 3 0 30 2 1224979098644774931 1 2105 2 1224979098644774927 1 3 0 4 0 1073741854 2 1224979098644774922 0 31 2 1224979098644774927 0 1541 3 1224979098644774934 1224979098644774921 8 4 0 30 2 1224979098644774934 0 2133 2 1224979098644774935 1 5 0 2133 2 1224979098644774935 0 3 0 4 0 31 2 144115188075856325 6 2370 1 1224979098644774916 2106 2 1224979098644774916 144115188075856361 4 0 2147483678 2 1224979098644774916 20 4 0 31 2 1224979098644774919 0 1 4 936748722493063293 1224979098644774919 1 1224979098644774935 5 0 2133 2 72057594037927936 32 3 0 5 0 1 4 936748722493063293 1224979098644774919 0 1224979098644774935 3 0 5 0 1073741855 2 144115188075856325 2 31 2 144115188075856325 3 4 0 31 2 1224979098644774919 0 2133 2 72057594037927936 0 5 0 2133 2 72057594037927936 32 3 0 5 0 1 4 936748722493063293 1224979098644774919 0 1224979098644774935 3 0 2211 1 1224979098644774936 1261 1 1224979098644774936 1265 5 72057594037927936 1224979098644774921 1 1224979098644774919 1224979098644774922 2133 2 144115188075856333 0 4 0 31 2 1224979098644774919 0 2106 2 144115188075856353 1 5 0 31 2 1224979098644774919 1 2106 2 144115188075856355 1 3 0 3 0 3 0 2147483678 2 -1 36 
3.000000 0.000000 0.000000  0  17 417 0 12 1 1224979098644774912 1707 1 1224979098644774912 1704 1 1224979098644774912 1702 1 1224979098644774912 1765 2 1224979098644774913 1224979098644774912 4 0 2147484049 1 1224979098644774913 1 2 936748722493063292 1224979098644774912 5 0 402 2 1224979098644774914 1224979098644774913 1770 2 1224979098644774915 1224979098644774912 2147483679 2 1224979098644774914 1224979098644774915 1 2 936748722493063292 1224979098644774912 3 0 3 0 2147483678 2 -1 37 
20.000000 0.000000 0.000000  0  3 417 0 1 1 936748722493063211 2147483678 2 -1 38 
1.000000 0.000000 0.000000  0  75 417 0 2133 2 1224979098644774912 0 4 0 31 2 144115188075856325 8 4 0 31 2 144115188075856203 1 2133 2 1224979098644774912 1 3 0 5 0 1073741855 2 144115188075856325 2 1073741855 2 144115188075856325 3 31 2 144115188075856325 6 4 0 31 2 144115188075856203 1 2370 1 1224979098644774913 2106 2 1224979098644774913 144115188075856362 2121 3 1224979098644774914 144115188075856343 1 30 2 1224979098644774913 1224979098644774914 2370 1 1224979098644774915 4 0 1073741855 2 144115188075856325 2 31 2 144115188075856325 3 2133 2 1224979098644774916 90 5 0 2133 2 1224979098644774916 120 3 0 2122 3 1224979098644774917 144115188075856330 60 2121 3 1224979098644774918 1224979098644774917 1224979098644774916 32 2 1224979098644774915 1224979098644774918 2133 2 1224979098644774912 1 3 0 31 2 1224979098644774912 1 5 0 2147483679 2 144115188075856325 2 2147483679 2 144115188075856325 3 2147483679 2 144115188075856325 6 2147483679 2 144115188075856325 5 2370 1 1224979098644774915 2122 3 1224979098644774917 144115188075856330 60 32 2 1224979098644774915 1224979098644774917 2133 2 1224979098644774912 1 5 0 455 2 1224979098644774919 0 455 2 1224979098644774920 1 4 0 2147483679 2 144115188075856325 5 4 0 1073741854 2 1224979098644774919 144115188075856363 30 2 1224979098644774920 144115188075856363 2133 2 1224979098644774912 1 3 0 5 0 2133 2 1224979098644774921 0 400 1 1224979098644774922 6 3 1224979098644774923 0 1224979098644774922 401 1 1224979098644774923 406 2 1224979098644774924 1224979098644774923 30 2 1224979098644774924 0 2147485355 1 1224979098644774924 2133 2 1224979098644774921 1 2133 2 1224979098644774922 0 3 0 31 2 1224979098644774921 1 3221225504 2 1224979098644774919 0 2147483680 2 1224979098644774920 0 2133 2 1224979098644774912 1 3 0 3 0 4 0 31 2 1224979098644774912 1 1 2 936748722493063266 144115188075856325 470 3 72057594037927936 144115188075856332 0 1 1 936748722493063174 3 0 2147483678 2 -1 39 
-21.000000 0.000000 0.000000  0  6 4 0 31 2 144115188075856357 0 2133 2 144115188075856334 1 900 1 1513209474796486674 3 0 2147483678 2 -1 40 
0.000000 0.000000 100000000.000000  0  2 900 1 1513209474796486661 2147483678 2 -1 41 
-24.000000 0.000000 0.000000  0  2 900 1 1513209474796486669 2147483678 2 -1 42 
-23.000000 0.000000 0.000000  0  5 2147484551 1 1513209474796486676 2147484551 1 1513209474796486674 31 2 144115188075856358 0 900 1 1513209474796486676 2147483678 2 -1 43 


mst_multiplayer_hq multiplayer_hq 2  -1
You_lead_your_men_to_battle. 

64 0 4112 0 16 1 0  
1 4112 0 16 1 0  
2 4112 0 16 1 0  
3 4112 0 16 1 0  
4 4112 0 16 1 0  
5 4112 0 16 1 0  
6 4112 0 16 1 0  
7 4112 0 16 1 0  
8 4112 0 16 1 0  
9 4112 0 16 1 0  
10 4112 0 16 1 0  
11 4112 0 16 1 0  
12 4112 0 16 1 0  
13 4112 0 16 1 0  
14 4112 0 16 1 0  
15 4112 0 16 1 0  
16 4112 0 16 1 0  
17 4112 0 16 1 0  
18 4112 0 16 1 0  
19 4112 0 16 1 0  
20 4112 0 16 1 0  
21 4112 0 16 1 0  
22 4112 0 16 1 0  
23 4112 0 16 1 0  
24 4112 0 16 1 0  
25 4112 0 16 1 0  
26 4112 0 16 1 0  
27 4112 0 16 1 0  
28 4112 0 16 1 0  
29 4112 0 16 1 0  
30 4112 0 16 1 0  
31 4112 0 16 1 0  
32 8208 0 16 1 0  
33 8208 0 16 1 0  
34 8208 0 16 1 0  
35 8208 0 16 1 0  
36 8208 0 16 1 0  
37 8208 0 16 1 0  
38 8208 0 16 1 0  
39 8208 0 16 1 0  
40 8208 0 16 1 0  
41 8208 0 16 1 0  
42 8208 0 16 1 0  
43 8208 0 16 1 0  
44 8208 0 16 1 0  
45 8208 0 16 1 0  
46 8208 0 16 1 0  
47 8208 0 16 1 0  
48 8208 0 16 1 0  
49 8208 0 16 1 0  
50 8208 0 16 1 0  
51 8208 0 16 1 0  
52 8208 0 16 1 0  
53 8208 0 16 1 0  
54 8208 0 16 1 0  
55 8208 0 16 1 0  
56 8208 0 16 1 0  
57 8208 0 16 1 0  
58 8208 0 16 1 0  
59 8208 0 16 1 0  
60 8208 0 16 1 0  
61 8208 0 16 1 0  
62 8208 0 16 1 0  
63 8208 0 16 1 0  
47
-24.000000 0.000000 0.000000  0  6 4 0 31 2 144115188075856314 1 2147484551 1 1513209474796486713 900 1 1513209474796486713 3 0 2147483678 2 -1 0 
0.000000 0.000000 0.000000  1 2147484066 0  8 4 0 71 1 62 31 2 144115188075856314 0 2147484551 1 1513209474796486713 2133 2 144115188075856314 1 900 1 1513209474796486713 3 0 2147483678 2 -1 1 
1.000000 0.000000 0.000000  2 417 0 31 2 144115188075856315 1  30 2105 2 144115188075856316 1 2122 3 1224979098644774912 60 144115188075856317 4 0 30 2 144115188075856316 1224979098644774912 4 0 31 2 144115188075856318 1 2320 2 1 216172782113787622 5 0 31 2 144115188075856318 2 2320 2 1 216172782113787623 5 0 31 2 144115188075856318 3 2320 2 1 216172782113787624 5 0 31 2 144115188075856318 4 2320 2 1 216172782113787625 5 0 31 2 144115188075856318 5 2320 2 1 216172782113787626 2133 2 144115188075856318 0 3 0 17 1 1224979098644774913 401 1 1224979098644774913 399 3 1224979098644774913 111 1 3 0 473 1 1 2133 2 144115188075856316 0 2105 2 144115188075856318 1 3 0 2147483678 2 -1 2 
5.000000 0.000000 0.000000  2 417 0 31 2 144115188075856319 1  6 12 1 1224979098644774912 1712 1 1224979098644774912 1702 1 1224979098644774912 1733 2 1224979098644774912 1 3 0 2147483678 2 -1 3 
5.000000 0.000000 0.000000  2 417 0 31 2 144115188075856320 1  5 17 1 1224979098644774912 401 1 1224979098644774912 440 3 1224979098644774912 1 1 3 0 2147483678 2 -1 4 
-16.000000 0.000000 0.000000  1 417 0  19 17 1 1224979098644774912 401 1 1224979098644774912 548 3 1224979098644774912 57 1 441 2 1224979098644774913 1224979098644774912 500 3 360287970189640760 1224979098644774912 1224979098644774913 3 0 17 1 1224979098644774912 401 1 1224979098644774912 548 3 1224979098644774912 58 1 441 2 1224979098644774913 1224979098644774912 500 3 360287970189640761 1224979098644774912 1224979098644774913 3 0 17 1 1224979098644774912 401 1 1224979098644774912 548 3 1224979098644774912 59 1 441 2 1224979098644774913 1224979098644774912 500 3 360287970189640762 1224979098644774912 1224979098644774913 3 0 2147483678 2 -1 5 
300.000000 0.000000 100000000.000000  1 417 0  6 6 3 1224979098644774912 0 256 500 3 360287970189640760 1224979098644774912 -1 500 3 360287970189640761 1224979098644774912 -1 500 3 360287970189640762 1224979098644774912 -1 3 0 2147483678 2 -1 6 
1.000000 0.000000 0.000000  2 31 2 144115188075856321 1 417 0  26 2121 3 1224979098644774912 144115188075856322 1 2133 2 144115188075856322 1224979098644774912 2133 2 72057594037927937 1224979098644774912 4 0 31 2 1224979098644774912 0 2320 2 1 216172782113787475 1 1 936748722493063787 5 0 31 2 1224979098644774912 2 2320 2 1 216172782113787474 1 1 936748722493063787 5 0 31 2 1224979098644774912 4 2320 2 1 216172782113787473 1 1 936748722493063787 5 0 2147483679 2 1224979098644774912 -1 2320 2 1 216172782113787469 1 1 936748722493063787 3 0 4 0 2147483680 2 1224979098644774912 -1 1973 1 288230376151711893 1740 2 72057594037927936 1801439850948198842 3 0 2147483678 2 -1 7 
-25.000000 0.000000 0.000000  2 417 0 31 2 144115188075856207 0  4 2071 1 1224979098644774912 1 2 936748722493063783 1224979098644774912 1 2 936748722493063805 1224979098644774912 2147483678 2 -1 8 
-53.000000 0.000000 0.000000  1 417 0  91 2071 1 1224979098644774912 2072 1 1224979098644774913 4 0 1712 1 1224979098644774912 1702 1 1224979098644774912 1704 1 1224979098644774912 2147485355 1 1224979098644774912 1073741855 2 1224979098644774913 288230376151711760 1073741855 2 1224979098644774913 288230376151711850 1073741855 2 1224979098644774913 288230376151711854 1073741855 2 1224979098644774913 288230376151711855 1073741855 2 1224979098644774913 288230376151711856 1073741855 2 1224979098644774913 288230376151711857 1073741855 2 1224979098644774913 288230376151711858 1073741855 2 1224979098644774913 288230376151711859 1073741855 2 1224979098644774913 288230376151711860 1073741855 2 1224979098644774913 288230376151711864 1073741855 2 1224979098644774913 288230376151711865 1073741855 2 1224979098644774913 288230376151711866 1073741855 2 1224979098644774913 288230376151711861 1073741855 2 1224979098644774913 288230376151711867 31 2 1224979098644774913 288230376151711868 1774 2 1224979098644774912 1224979098644774913 2133 2 1224979098644774914 0 4 0 31 2 144115188075856207 1 1720 3 1224979098644774915 1224979098644774912 1 4 0 31 2 1224979098644774913 288230376151711760 2105 2 1224979098644774914 6 5 0 31 2 1224979098644774913 288230376151711850 2105 2 1224979098644774914 3 5 0 31 2 1224979098644774913 288230376151711854 2105 2 1224979098644774914 5 5 0 31 2 1224979098644774913 288230376151711855 2105 2 1224979098644774914 7 5 0 31 2 1224979098644774913 288230376151711856 2105 2 1224979098644774914 4 5 0 31 2 1224979098644774913 288230376151711857 2105 2 1224979098644774914 8 5 0 31 2 1224979098644774913 288230376151711858 2105 2 1224979098644774914 4 5 0 31 2 1224979098644774913 288230376151711859 2105 2 1224979098644774914 5 5 0 31 2 1224979098644774913 288230376151711860 2105 2 1224979098644774914 5 5 0 31 2 1224979098644774913 288230376151711864 2105 2 1224979098644774914 5 5 0 31 2 1224979098644774913 288230376151711865 2105 2 1224979098644774914 7 5 0 31 2 1224979098644774913 288230376151711866 2105 2 1224979098644774914 8 5 0 31 2 1224979098644774913 288230376151711861 2105 2 1224979098644774914 4 5 0 31 2 1224979098644774913 288230376151711867 2105 2 1224979098644774914 10 3 0 4 0 2147483678 2 1224979098644774915 55 2105 2 1224979098644774915 1224979098644774914 2110 2 1224979098644774915 55 1721 3 1224979098644774912 1224979098644774915 1 3 0 5 0 1720 2 1224979098644774915 1224979098644774912 2105 2 1224979098644774914 5 2147483678 2 1224979098644774915 100 2105 2 1224979098644774915 1224979098644774914 2110 2 1224979098644774915 100 1721 2 1224979098644774912 1224979098644774915 3 0 1724 2 1224979098644774916 1224979098644774912 401 1 1224979098644774916 2325 2 1 1224979098644774913 2133 2 72057594037927937 1224979098644774914 399 3 1224979098644774916 111 216172782113787572 3 0 2147483678 2 -1 9 
1.500000 0.000000 0.000000  3 417 0 1073741855 2 144115188075856323 2 31 2 144115188075856323 4  34 12 1 1224979098644774912 1712 1 1224979098644774912 1702 1 1224979098644774912 1704 1 1224979098644774912 2147485355 1 1224979098644774912 1710 2 15 1224979098644774912 791 1 15 2124 1 100 722 2 15 180 700 2 16 15 700 2 17 15 4 0 31 2 144115188075856323 4 700 2 18 15 700 2 19 15 700 2 20 15 700 2 21 15 720 2 18 400 720 2 19 -400 721 2 20 400 721 2 21 -400 3 0 722 2 15 -170 722 2 17 2000 4 0 31 2 144115188075856323 4 1 1 936748722493063812 5 0 707 2 16 17 722 2 15 650 1969 3 1008806316530991105 15 140 3 0 3 0 2147483678 2 -1 10 
1.000000 0.000000 0.000000  3 417 0 1073741855 2 144115188075856323 1 31 2 144115188075856323 3  34 12 1 1224979098644774912 1712 1 1224979098644774912 1702 1 1224979098644774912 1704 1 1224979098644774912 2147485355 1 1224979098644774912 1710 2 15 1224979098644774912 791 1 15 2124 1 100 722 2 15 180 700 2 16 15 700 2 17 15 4 0 31 2 144115188075856323 3 700 2 18 15 700 2 19 15 700 2 20 15 700 2 21 15 720 2 18 600 720 2 19 -600 721 2 20 600 721 2 21 -600 3 0 722 2 15 -170 722 2 17 2000 4 0 31 2 144115188075856323 3 1 1 936748722493063811 5 0 707 2 16 17 722 2 15 470 1969 3 1008806316530991104 15 300 3 0 3 0 2147483678 2 -1 11 
-20.000000 0.000000 0.000000  2 417 0 31 2 144115188075856207 0  2 1 1 936748722493063825 2147483678 2 -1 12 
5.000000 0.000000 0.000000  2 417 0 31 2 144115188075856324 1  81 2124 1 100 12 1 1224979098644774912 1712 1 1224979098644774912 1702 1 1224979098644774912 1710 2 3 1224979098644774912 728 2 1224979098644774913 3 2133 2 1224979098644774914 -190 4 0 2147483678 2 1224979098644774913 1224979098644774914 4 0 1712 1 1224979098644774912 1702 1 1224979098644774912 1704 1 1224979098644774912 1714 2 1224979098644774915 1224979098644774912 1712 1 1224979098644774915 1702 1 1224979098644774915 2133 2 1224979098644774914 -280 5 0 1712 1 1224979098644774912 1702 1 1224979098644774912 2147485352 1 1224979098644774912 2133 2 1224979098644774914 -200 3 0 2133 2 1224979098644774916 1152921504606847103 4 0 1712 1 1224979098644774912 1704 1 1224979098644774912 4 0 1718 2 1224979098644774917 1224979098644774912 1506 2 1224979098644774918 1224979098644774917 4 0 1724 2 1224979098644774919 1224979098644774912 401 1 1224979098644774919 442 2 1224979098644774918 1224979098644774919 3 0 4 0 31 2 1224979098644774918 0 2133 2 1224979098644774916 1152921504606847103 5 0 31 2 1224979098644774918 1 2133 2 1224979098644774916 1152921504606847082 3 0 3 0 5 0 1712 1 1224979098644774912 2147485352 1 1224979098644774912 2133 2 1224979098644774916 1152921504606847125 3 0 4 0 2147483680 2 1224979098644774913 1224979098644774914 1712 1 1224979098644774912 1702 1 1224979098644774912 1704 1 1224979098644774912 1720 2 1224979098644774920 1224979098644774912 2121 3 1224979098644774921 1224979098644774920 10 1721 2 1224979098644774912 1224979098644774921 4 0 2147483680 2 1224979098644774921 0 1722 2 1224979098644774912 1224979098644774912 3 0 391 4 126 6 1224979098644774912 1224979098644774916 1724 2 1224979098644774919 1224979098644774912 401 1 1224979098644774919 399 3 1224979098644774919 111 216172782113787429 5 0 2147483680 2 1224979098644774913 1224979098644774914 1712 1 1224979098644774912 1702 1 1224979098644774912 2147485352 1 1224979098644774912 1720 2 1224979098644774920 1224979098644774912 2121 3 1224979098644774921 1224979098644774920 10 1721 2 1224979098644774912 1224979098644774921 4 0 2147483680 2 1224979098644774921 0 1722 2 1224979098644774912 1224979098644774912 3 0 391 4 126 6 1224979098644774912 1224979098644774916 3 0 3 0 3 0 2147483678 2 -1 13 
3.000000 0.000000 100000000.000000  2 417 0 31 2 0 1  35 4 0 2319 1 5 2319 1 6 2133 2 1224979098644774912 0 17 1 1224979098644774913 401 1 1224979098644774913 1073742372 3 1224979098644774913 57 1 1073742372 3 1224979098644774913 58 1 1073742372 3 1224979098644774913 59 1 430 1 1224979098644774913 2105 2 1224979098644774912 1 2350 2 5 1224979098644774913 4 0 31 2 1224979098644774912 1 2320 2 6 216172782113787383 5 0 32 2 1224979098644774912 1 2320 2 6 216172782113787384 3 0 3 0 4 0 31 2 1224979098644774912 0 2320 2 6 1585267068834414750 3 0 2211 1 1224979098644774914 1 2 936748722493063207 1224979098644774914 2320 2 2 216172782113783815 1 2 936748722493063266 144115188075856325 1 2 936748722493063208 72057594037927936 2320 2 3 216172782113783815 2352 1 4 2320 2 1 216172782113787387 1 1 936748722493063787 3 0 2147483678 2 -1 14 
-29.000000 0.000000 0.000000  1 417 0  3 2071 1 1224979098644774912 1 2 936748722493063798 1224979098644774912 2147483678 2 -1 15 
1.000000 0.000000 0.000000  0  15 12 1 1224979098644774912 1712 1 1224979098644774912 1702 1 1224979098644774912 2133 2 1224979098644774913 0 16 3 1224979098644774914 1080863910568919057 1 1840 2 1224979098644774915 1224979098644774914 31 2 1224979098644774915 1 1801 2 1224979098644774914 1224979098644774912 2133 2 1224979098644774913 1 3 0 31 2 1224979098644774913 1 1702 1 1224979098644774912 1755 1 1224979098644774912 3 0 2147483678 2 -1 16 
0.000000 0.000000 3.000000  19 2147484066 0 415 1 1224979098644774912 401 1 1224979098644774912 1073742372 3 1224979098644774912 59 1 430 1 1224979098644774912 406 2 1224979098644774913 1224979098644774912 1712 1 1224979098644774913 1702 1 1224979098644774913 70 1 25 70 1 24 70 1 184 1709 2 1 1224979098644774913 722 2 1 120 1 2 936748722493063821 50 2133 2 144115188075856326 1 1975 3 1008806316530991164 1 1 700 2 3 1 72 1 7 2133 2 144115188075856326 0  1 2147483678 2 -1 17 
0.000000 0.000000 0.000000  21 2147484066 0 2124 1 100 415 1 1224979098644774912 401 1 1224979098644774912 1073742372 3 1224979098644774912 59 1 430 1 1224979098644774912 406 2 1224979098644774913 1224979098644774912 1712 1 1224979098644774913 1702 1 1224979098644774913 31 2 144115188075856326 1 2147483718 1 25 2147483718 1 24 2147483718 1 184 2133 2 144115188075856326 0 4 0 726 2 1224979098644774914 3 727 2 1224979098644774915 3 728 2 1224979098644774916 3 392 5 126 19 1224979098644774914 1224979098644774915 1224979098644774916 600 1 1152921504606846985 3 0  1 2147483678 2 -1 18 
3.000000 0.000000 0.000000  1 417 0  8 17 2 1224979098644774912 1 401 1 1224979098644774912 548 3 1224979098644774912 56 1 2147484086 1 1224979098644774912 394 2 1224979098644774912 79 399 3 1224979098644774912 111 216172782113787534 3 0 2147483678 2 -1 19 
0.000000 0.000000 0.000000  2 2147484066 0 255 0  33 4 0 70 1 29 70 1 56 71 1 63 4 0 31 2 144115188075856327 0 2133 2 144115188075856327 1 1106 1 1585267068834414751 5 0 2133 2 144115188075856327 0 1106 1 1585267068834414752 3 0 3 0 4 0 70 1 29 70 1 56 71 1 64 4 0 31 2 144115188075856327 1 2133 2 144115188075856327 2 1106 1 1585267068834414753 5 0 31 2 144115188075856327 2 2133 2 144115188075856327 1 1106 1 1585267068834414754 3 0 3 0 4 0 31 2 144115188075856327 2 2147484551 1 1513209474796486712 900 1 1513209474796486712 3 0 2147483678 2 -1 20 
0.000000 0.000000 0.000000  2 2147484066 0 1 1 936748722493063808  95 4 0 1073741895 1 22 1073741895 1 23 71 1 65 415 1 1224979098644774912 401 1 1224979098644774912 1073742372 3 1224979098644774912 57 1 1073742372 3 1224979098644774912 58 1 1073742372 3 1224979098644774912 59 1 430 1 1224979098644774912 4 0 71 1 22 2147484551 1 1513209474796486707 900 1 1513209474796486707 5 0 71 1 23 2147484551 1 1513209474796486708 900 1 1513209474796486708 5 0 71 1 65 2147484551 1 1513209474796486706 2147484551 1 1513209474796486682 900 1 1513209474796486706 3 0 3 0 4 0 71 1 25 415 1 1224979098644774912 401 1 1224979098644774912 2147484196 3 1224979098644774912 57 1 2147484196 3 1224979098644774912 58 1 2147484196 3 1224979098644774912 59 1 2147484078 1 1224979098644774912 2147484551 1 1513209474796486706 2147484551 1 1513209474796486682 900 1 1513209474796486711 3 0 4 0 70 1 29 70 1 56 71 1 66 415 1 1224979098644774912 415 1 1224979098644774912 401 1 1224979098644774912 1073742372 3 1224979098644774912 59 1 430 1 1224979098644774912 406 2 1224979098644774913 1224979098644774912 1712 1 1224979098644774913 1702 1 1224979098644774913 390 3 126 22 50 2093 2 1224979098644774913 50 3 0 4 0 70 1 29 70 1 56 71 1 67 415 1 1224979098644774912 401 1 1224979098644774912 1073742372 3 1224979098644774912 59 1 430 1 1224979098644774912 406 2 1224979098644774913 1224979098644774912 1712 1 1224979098644774913 1702 1 1224979098644774913 390 3 126 22 100 2093 2 1224979098644774913 100 3 0 4 0 70 1 29 70 1 56 71 1 68 415 1 1224979098644774912 401 1 1224979098644774912 1073742372 3 1224979098644774912 59 1 430 1 1224979098644774912 406 2 1224979098644774913 1224979098644774912 1712 1 1224979098644774913 1702 1 1224979098644774913 390 3 126 22 200 2093 2 1224979098644774913 200 3 0 4 0 70 1 29 70 1 56 71 1 87 415 1 1224979098644774912 401 1 1224979098644774912 1073742372 3 1224979098644774912 59 1 430 1 1224979098644774912 406 2 1224979098644774913 1224979098644774912 1712 1 1224979098644774913 1702 1 1224979098644774913 390 3 126 22 1000 2093 2 1224979098644774913 1000 3 0 2147483678 2 -1 21 
-28.000000 0.000000 0.000000  3 417 0 2147483679 2 144115188075856325 7 2147483679 2 144115188075856325 0  43 2071 1 1224979098644774912 2072 1 1224979098644774913 2073 1 1224979098644774914 4 0 1712 1 1224979098644774912 1712 1 1224979098644774913 1702 1 1224979098644774912 1702 1 1224979098644774913 4 0 1704 1 1224979098644774912 1704 1 1224979098644774913 1724 2 1224979098644774915 1224979098644774912 1724 2 1224979098644774916 1224979098644774913 401 1 1224979098644774915 401 1 1224979098644774916 2350 2 1 1224979098644774915 2350 2 2 1224979098644774916 402 2 1224979098644774917 1224979098644774915 402 2 1224979098644774918 1224979098644774916 31 2 1224979098644774917 1224979098644774918 2133 2 72057594037927937 1224979098644774914 473 1 216172782113787606 5 0 2133 2 1224979098644774919 1224979098644774912 2147485352 1 1224979098644774919 1704 1 1224979098644774913 1715 2 1224979098644774912 1224979098644774919 1712 1 1224979098644774912 1702 1 1224979098644774912 1724 2 1224979098644774915 1224979098644774912 1724 2 1224979098644774916 1224979098644774913 401 1 1224979098644774915 401 1 1224979098644774916 2350 2 1 1224979098644774915 2350 2 2 1224979098644774916 402 2 1224979098644774917 1224979098644774915 402 2 1224979098644774918 1224979098644774916 31 2 1224979098644774917 1224979098644774918 2133 2 72057594037927937 1224979098644774914 473 1 216172782113787607 3 0 3 0 2147483678 2 -1 22 
10.000000 0.000000 0.000000  2 417 0 31 2 144115188075856328 1  19 12 1 1224979098644774912 1712 1 1224979098644774912 1702 1 1224979098644774912 2147485352 1 1224979098644774912 1715 2 1224979098644774913 1224979098644774912 2147485360 1 1224979098644774913 2370 1 1224979098644774914 4 0 2147484213 3 1224979098644774912 50 1 505 3 1224979098644774912 50 1224979098644774914 5 0 565 3 1224979098644774912 50 1 525 3 1224979098644774915 1224979098644774912 50 2120 3 1224979098644774916 1224979098644774915 144115188075856329 30 2 1224979098644774914 1224979098644774916 1749 1 1224979098644774912 3 0 3 0 2147483678 2 -1 23 
-55.000000 0.000000 0.000000  2 417 0 31 2 144115188075856328 1  8 2072 1 1224979098644774912 4 0 1712 1 1224979098644774912 1702 1 1224979098644774912 2147485352 1 1224979098644774912 505 3 1224979098644774912 50 0 3 0 2147483678 2 -1 24 
0.000000 0.000000 100000000.000000  4 417 0 31 2 144115188075856359 1 2147483679 2 144115188075856325 7 2147483679 2 144115188075856325 0  8 6 3 1224979098644774912 0 1000000 500 3 360287970189640756 1224979098644774912 0 500 3 360287970189640757 1224979098644774912 0 500 3 360287970189640758 1224979098644774912 0 500 3 360287970189640759 1224979098644774912 0 3 0 2133 2 144115188075856360 0 2147483678 2 -1 25 
-25.000000 0.000000 0.000000  0  4 2071 1 1224979098644774912 1718 2 1224979098644774913 1224979098644774912 1 4 936748722493063580 1729382256910270468 1224979098644774912 1224979098644774913 2147483678 2 -1 26 
1.000000 5.000000 0.000000  9 417 0 31 2 144115188075856344 1 31 2 144115188075856345 0 2370 1 1224979098644774912 2120 3 1224979098644774913 144115188075856346 144115188075856347 1073741855 2 1224979098644774913 144115188075856348 1073741857 3 144115188075856349 1 3 32 2 1224979098644774912 144115188075856350 1 1 936748722493063258  9 2133 2 144115188075856344 0 4 0 1073741855 2 144115188075856351 0 31 2 144115188075856351 3 1 2 936748722493063266 144115188075856325 470 3 72057594037927936 144115188075856352 1 1 1 936748722493063174 3 0 2147483678 2 -1 27 
-25.000000 0.000000 0.000000  0  3 2071 1 1224979098644774912 1 2 936748722493063232 1224979098644774912 2147483678 2 -1 28 
-15.000000 0.000000 0.000000  0  3 2071 1 1224979098644774912 1 2 936748722493063233 1224979098644774912 2147483678 2 -1 29 
-19.000000 0.000000 0.000000  0  22 2133 2 144115188075856325 5 1 1 936748722493063234 2122 3 1224979098644774912 144115188075856363 10000 2133 2 144115188075856364 1224979098644774912 2133 2 144115188075856365 1224979098644774912 6 3 1224979098644774913 146 156 500 3 360287970189640518 1224979098644774913 -1 3 0 4 0 417 0 6 3 1224979098644774913 176 186 500 3 360287970189640518 1224979098644774913 -1 3 0 3 0 1 1 936748722493063277 1 1 936748722493063276 4 0 417 0 456 2 0 144115188075856363 456 2 1 144115188075856363 3 0 2147483678 2 -1 30 
-20.000000 0.000000 0.000000  0  189 1 2 936748722493063224 0 1 2 936748722493063224 1 426 2 0 144115188075856366 426 2 1 144115188075856367 4 0 417 0 2133 2 144115188075856333 1 2133 2 144115188075856368 0 1780 2 1 64 1780 2 3 64 1970 1 3 1974 2 1080863910568919947 0 1970 1 3 1974 2 144115188075856366 0 1970 1 3 1974 2 144115188075856367 0 1970 1 3 1974 2 1080863910568919946 0 2120 3 1224979098644774912 146 144115188075856368 500 3 360287970189640518 1224979098644774912 1 2105 2 144115188075856368 1 1780 2 2 65 1780 2 3 65 1970 1 3 1974 2 1080863910568919947 0 1970 1 3 1974 2 144115188075856366 0 1970 1 3 1974 2 144115188075856367 0 1970 1 3 1974 2 1080863910568919946 0 2120 3 1224979098644774912 146 144115188075856368 500 3 360287970189640518 1224979098644774912 2 2105 2 144115188075856368 1 1810 2 1224979098644774913 1080863910568919941 1810 2 1224979098644774914 1080863910568919942 1810 2 1224979098644774915 1080863910568919943 2120 3 1224979098644774916 1080863910568919943 1 6 3 1224979098644774917 1080863910568919941 1224979098644774916 4 0 31 2 1224979098644774917 1080863910568919941 2133 2 1224979098644774918 1224979098644774913 5 0 31 2 1224979098644774917 1080863910568919942 2133 2 1224979098644774918 1224979098644774914 5 0 31 2 1224979098644774917 1080863910568919943 2133 2 1224979098644774918 1224979098644774915 3 0 32 2 1224979098644774918 0 6 3 1224979098644774919 0 1224979098644774918 1811 3 1224979098644774920 1224979098644774917 1224979098644774919 1850 2 0 1224979098644774920 1970 1 0 1974 2 1080863910568919947 0 6 3 1224979098644774921 1080863910568919941 1224979098644774916 1970 1 0 4 0 31 2 1224979098644774921 1080863910568919941 1974 1 144115188075856366 5 0 31 2 1224979098644774921 1080863910568919942 1974 1 144115188075856367 5 0 31 2 1224979098644774921 1080863910568919943 1974 1 1080863910568919946 3 0 3 0 2120 3 1224979098644774912 146 144115188075856368 4 0 31 2 1224979098644774917 1080863910568919941 500 3 360287970189640518 1224979098644774912 1 5 0 31 2 1224979098644774917 1080863910568919942 500 3 360287970189640518 1224979098644774912 2 5 0 31 2 1224979098644774917 1080863910568919943 500 3 360287970189640518 1224979098644774912 0 3 0 2105 2 144115188075856368 1 3 0 3 0 2133 2 144115188075856369 0 2133 2 144115188075856370 0 6 3 1224979098644774922 0 144115188075856368 2120 3 1224979098644774912 146 1224979098644774922 520 3 1224979098644774923 360287970189640518 1224979098644774912 4 0 31 2 1224979098644774922 0 1780 2 0 64 1811 3 1224979098644774920 144115188075856366 1224979098644774922 2133 2 144115188075856371 1224979098644774920 5 0 31 2 1224979098644774922 1 1780 2 0 65 1811 3 1224979098644774920 144115188075856367 1224979098644774922 2133 2 144115188075856372 1224979098644774920 5 0 2133 2 1224979098644774924 2 1810 2 1224979098644774925 1080863910568919941 2120 3 1224979098644774926 1224979098644774924 1224979098644774925 1810 2 1224979098644774927 1080863910568919942 2120 3 1224979098644774928 1224979098644774926 1224979098644774927 1810 2 1224979098644774929 1080863910568919943 4 0 30 2 1224979098644774922 1224979098644774924 32 2 1224979098644774925 0 2121 3 1224979098644774930 1224979098644774922 1224979098644774924 1811 3 1224979098644774920 1080863910568919941 1224979098644774930 5 0 30 2 1224979098644774922 1224979098644774926 32 2 1224979098644774927 0 2121 3 1224979098644774930 1224979098644774922 1224979098644774926 1811 3 1224979098644774920 1080863910568919942 1224979098644774930 5 0 30 2 1224979098644774922 1224979098644774928 32 2 1224979098644774929 0 2121 3 1224979098644774930 1224979098644774922 1224979098644774928 1811 3 1224979098644774920 1080863910568919943 1224979098644774930 3 0 1850 2 0 1224979098644774920 3 0 1811 3 1224979098644774931 1080863910568919947 1224979098644774922 1855 2 1224979098644774931 0 722 2 0 900 4 0 31 2 1224979098644774923 0 1811 3 1224979098644774920 144115188075856366 1224979098644774922 1855 2 1224979098644774920 0 1813 2 1224979098644774920 0 1811 3 1224979098644774920 144115188075856367 1224979098644774922 1855 2 1224979098644774920 0 1813 2 1224979098644774920 0 1811 3 1224979098644774920 1080863910568919946 1224979098644774922 1855 2 1224979098644774920 0 1813 2 1224979098644774920 1 5 0 31 2 1224979098644774923 1 1811 3 1224979098644774920 144115188075856366 1224979098644774922 1855 2 1224979098644774920 0 1813 2 1224979098644774920 1 1811 3 1224979098644774920 144115188075856367 1224979098644774922 1855 2 1224979098644774920 0 1813 2 1224979098644774920 0 1811 3 1224979098644774920 1080863910568919946 1224979098644774922 1855 2 1224979098644774920 0 1813 2 1224979098644774920 0 2105 2 144115188075856369 1 5 0 1811 3 1224979098644774920 144115188075856366 1224979098644774922 1855 2 1224979098644774920 0 1813 2 1224979098644774920 0 1811 3 1224979098644774920 144115188075856367 1224979098644774922 1855 2 1224979098644774920 0 1813 2 1224979098644774920 1 1811 3 1224979098644774920 1080863910568919946 1224979098644774922 1855 2 1224979098644774920 0 1813 2 1224979098644774920 0 2105 2 144115188075856370 1 3 0 3 0 5 0 1810 2 1224979098644774913 1080863910568919941 1810 2 1224979098644774914 1080863910568919942 1810 2 1224979098644774915 1080863910568919943 2133 2 144115188075856368 2 2105 2 144115188075856368 1224979098644774913 2105 2 144115188075856368 1224979098644774914 2105 2 144115188075856368 1224979098644774915 3 0 6 3 1224979098644774930 0 1224979098644774913 1811 3 1224979098644774920 1080863910568919941 1224979098644774930 1813 2 1224979098644774920 0 3 0 6 3 1224979098644774930 0 1224979098644774914 1811 3 1224979098644774920 1080863910568919942 1224979098644774930 1813 2 1224979098644774920 0 3 0 6 3 1224979098644774930 0 1224979098644774915 1811 3 1224979098644774920 1080863910568919943 1224979098644774930 1813 2 1224979098644774920 0 3 0 6 3 1224979098644774930 0 144115188075856368 2120 3 1224979098644774932 166 1224979098644774930 500 3 360287970189640518 1224979098644774932 0 3 0 1 1 936748722493063221 1 1 936748722493063237 2147483678 2 -1 31 
-16.000000 0.000000 0.000000  0  25 4 0 415 1 1224979098644774912 33 3 1224979098644774912 0 1000 402 2 1224979098644774913 1224979098644774912 2147483678 2 1224979098644774913 2 1 1 936748722493063251 2133 2 1224979098644774914 72057594037927936 2133 2 1224979098644774915 72057594037927937 2133 2 1224979098644774916 0 4 0 31 2 1224979098644774913 0 32 2 1224979098644774914 1224979098644774915 2133 2 1224979098644774916 1 5 0 31 2 1224979098644774913 1 32 2 1224979098644774915 1224979098644774914 2133 2 1224979098644774916 1 3 0 31 2 1224979098644774916 1 372 1 61 3 0 1 1 936748722493063278 2133 2 144115188075856334 0 900 1 1513209474796486674 2147483678 2 -1 32 
-26.000000 0.000000 0.000000  0  28 2071 1 1224979098644774912 2072 1 1224979098644774913 1 3 936748722493063235 1224979098644774912 1224979098644774913 4 0 417 0 30 2 1224979098644774913 0 1704 1 1224979098644774912 1704 1 1224979098644774913 1770 2 1224979098644774914 1224979098644774913 2147483680 2 1224979098644774914 1 1770 2 1224979098644774915 1224979098644774912 2147483679 2 1224979098644774914 1224979098644774915 455 2 1224979098644774916 1224979098644774915 4 0 31 2 1224979098644774914 0 2105 2 144115188075856365 -10000 5 0 2105 2 144115188075856364 -10000 3 0 2106 2 1224979098644774916 1 400 1 1224979098644774917 1 3 936748722493063239 1224979098644774915 1224979098644774916 6 3 1224979098644774918 1 1224979098644774917 401 1 1224979098644774918 396 4 1224979098644774918 72 1224979098644774915 1224979098644774916 3 0 3 0 2147483678 2 -1 33 
1.000000 0.000000 0.000000  0  17 417 0 6 3 1224979098644774912 0 144115188075856368 2120 3 1224979098644774913 166 1224979098644774912 520 3 1224979098644774914 360287970189640518 1224979098644774913 2105 2 1224979098644774914 1 500 3 360287970189640518 1224979098644774913 1224979098644774914 2120 3 1224979098644774915 176 1224979098644774912 520 3 1224979098644774916 360287970189640518 1224979098644774915 2119 3 1224979098644774917 1224979098644774916 100 4 0 30 2 1224979098644774916 100 2147483678 2 1224979098644774917 25 2105 2 1224979098644774916 1 500 3 360287970189640518 1224979098644774915 1224979098644774916 3 0 3 0 2147483678 2 -1 34 
0.000000 0.000000 0.000000  0  261 417 0 6 3 1224979098644774912 0 144115188075856368 2120 3 1224979098644774913 156 1224979098644774912 520 3 1224979098644774914 360287970189640518 1224979098644774913 2123 3 1224979098644774915 1224979098644774914 100 2119 3 1224979098644774916 1224979098644774914 100 2133 2 1224979098644774917 0 2133 2 1224979098644774918 0 1811 3 1224979098644774919 1080863910568919947 1224979098644774912 1850 2 0 1224979098644774919 400 1 1224979098644774920 6 3 1224979098644774921 0 1224979098644774920 401 1 1224979098644774921 406 2 1224979098644774922 1224979098644774921 30 2 1224979098644774922 0 1702 1 1224979098644774922 1770 2 1224979098644774923 1224979098644774922 1710 2 1 1224979098644774922 712 3 1224979098644774924 0 1 715 3 1224979098644774925 0 1 2105 2 1224979098644774924 1224979098644774925 2147483678 2 1224979098644774924 1600 4 0 31 2 1224979098644774923 0 2105 2 1224979098644774917 1 5 0 31 2 1224979098644774923 1 2105 2 1224979098644774918 1 3 0 3 0 4 0 3221225503 2 1224979098644774915 1224979098644774917 2147483679 2 1224979098644774916 1224979098644774918 2120 3 1224979098644774926 146 1224979098644774912 520 3 1224979098644774927 360287970189640518 1224979098644774926 2120 3 1224979098644774928 176 1224979098644774912 520 3 1224979098644774929 360287970189640518 1224979098644774928 2119 3 1224979098644774930 1224979098644774929 100 2123 3 1224979098644774931 1224979098644774929 100 4 0 2133 2 1224979098644774932 0 4 0 2147483679 2 1224979098644774927 1 31 2 1224979098644774915 0 32 2 1224979098644774917 0 31 2 1224979098644774918 0 2133 2 1224979098644774933 1 2133 2 1224979098644774932 1 5 0 2147483679 2 1224979098644774927 2 31 2 1224979098644774916 0 31 2 1224979098644774917 0 32 2 1224979098644774918 0 2133 2 1224979098644774933 2 2133 2 1224979098644774932 1 3 0 31 2 1224979098644774932 1 2122 3 1224979098644774934 1224979098644774933 100 500 3 360287970189640518 1224979098644774928 1224979098644774934 3221225503 2 1224979098644774931 1224979098644774933 30 2 1224979098644774930 25 2122 3 1224979098644774935 1224979098644774933 100 2105 2 1224979098644774935 1224979098644774912 1 3 936748722493063250 10 1224979098644774935 6 3 1224979098644774921 1 1224979098644774920 401 1 1224979098644774921 396 4 1224979098644774921 68 10 1224979098644774935 3 0 3 0 4 0 2122 3 1224979098644774914 1224979098644774917 100 2105 2 1224979098644774914 1224979098644774918 500 3 360287970189640518 1224979098644774913 1224979098644774914 1 3 936748722493063229 1224979098644774912 1224979098644774914 400 1 1224979098644774920 6 3 1224979098644774921 1 1224979098644774920 401 1 1224979098644774921 396 4 1224979098644774921 73 1224979098644774912 1224979098644774914 3 0 3 0 3 0 3 0 6 3 1224979098644774912 0 144115188075856368 2133 2 1224979098644774936 -1 1811 3 1224979098644774919 1080863910568919947 1224979098644774912 1850 2 0 1224979098644774919 2120 3 1224979098644774926 146 1224979098644774912 520 3 1224979098644774927 360287970189640518 1224979098644774926 4 0 4 0 1811 3 1224979098644774937 144115188075856366 1224979098644774912 1812 2 1224979098644774938 1224979098644774937 2133 2 1224979098644774939 1 31 2 1224979098644774938 0 1811 3 1224979098644774937 144115188075856367 1224979098644774912 1812 2 1224979098644774938 1224979098644774937 2133 2 1224979098644774939 2 31 2 1224979098644774938 0 1811 3 1224979098644774937 1080863910568919946 1224979098644774912 1812 2 1224979098644774938 1224979098644774937 2133 2 1224979098644774939 0 3 0 1850 2 1 1224979098644774937 4 0 712 3 1224979098644774924 0 1 2147483678 2 1224979098644774924 400 2120 3 1224979098644774940 156 1224979098644774912 520 3 1224979098644774941 360287970189640518 1224979098644774940 2123 3 1224979098644774917 1224979098644774941 100 2119 3 1224979098644774918 1224979098644774941 100 4 0 32 2 1224979098644774917 0 31 2 1224979098644774918 0 2133 2 1224979098644774936 0 2133 2 1224979098644774942 1 5 0 31 2 1224979098644774917 0 32 2 1224979098644774918 0 2133 2 1224979098644774936 0 2133 2 1224979098644774942 2 5 0 31 2 1224979098644774917 0 31 2 1224979098644774918 0 2147483679 2 1224979098644774939 0 2133 2 1224979098644774936 0 2133 2 1224979098644774942 0 3 0 5 0 2147483679 2 1224979098644774927 1224979098644774939 712 3 1224979098644774924 0 1 30 2 1224979098644774924 8100 2120 3 1224979098644774940 156 1224979098644774912 520 3 1224979098644774941 360287970189640518 1224979098644774940 2123 3 1224979098644774917 1224979098644774941 100 2119 3 1224979098644774918 1224979098644774941 100 4 0 31 2 1224979098644774939 1 2133 2 1224979098644774936 1 2133 2 1224979098644774942 1 5 0 31 2 1224979098644774939 2 2133 2 1224979098644774936 2 2133 2 1224979098644774942 2 3 0 3 0 3 0 4 0 30 2 1224979098644774936 0 3221225503 2 1224979098644774936 1224979098644774927 2147483679 2 1224979098644774939 1224979098644774942 4 0 2147483679 2 1224979098644774927 0 31 2 1224979098644774936 0 4 0 31 2 1224979098644774927 1 2133 2 1224979098644774943 2 5 0 31 2 1224979098644774927 2 2133 2 1224979098644774943 1 3 0 2122 3 1224979098644774935 1224979098644774943 100 2105 2 1224979098644774935 1224979098644774912 1 3 936748722493063250 8 1224979098644774935 400 1 1224979098644774920 6 3 1224979098644774921 1 1224979098644774920 401 1 1224979098644774921 396 4 1224979098644774921 68 8 1224979098644774935 3 0 3 0 4 0 2147483679 2 1224979098644774927 1224979098644774936 2147483679 2 1224979098644774936 0 2122 3 1224979098644774935 1224979098644774936 100 2105 2 1224979098644774935 1224979098644774912 1 3 936748722493063250 9 1224979098644774935 400 1 1224979098644774920 6 3 1224979098644774921 1 1224979098644774920 401 1 1224979098644774921 396 4 1224979098644774921 68 9 1224979098644774935 3 0 3 0 1 3 936748722493063229 1224979098644774912 1224979098644774941 2133 2 1224979098644774944 0 400 1 1224979098644774920 6 3 1224979098644774921 1 1224979098644774920 401 1 1224979098644774921 396 4 1224979098644774921 73 1224979098644774912 1224979098644774941 2105 2 1224979098644774944 1 3 0 2122 3 1224979098644774945 1224979098644774936 100 2105 2 1224979098644774945 1224979098644774942 1 3 936748722493063230 1224979098644774912 1224979098644774945 6 3 1224979098644774921 1 1224979098644774920 401 1 1224979098644774921 396 4 1224979098644774921 75 1224979098644774912 1224979098644774945 3 0 4 0 2147483679 2 1224979098644774936 0 4 0 31 2 1224979098644774936 1 2133 2 1224979098644774946 1224979098644774917 5 0 2133 2 1224979098644774946 1224979098644774918 3 0 2120 3 1224979098644774947 166 1224979098644774912 520 3 1224979098644774948 360287970189640518 1224979098644774947 500 3 360287970189640518 1224979098644774947 0 2110 2 1224979098644774948 360 1811 3 1224979098644774949 144115188075856366 1224979098644774912 1811 3 1224979098644774950 144115188075856367 1224979098644774912 4 0 1073741855 2 144115188075856371 1224979098644774949 31 2 144115188075856372 1224979098644774950 2133 2 1224979098644774951 2 5 0 2133 2 1224979098644774951 1 3 0 4 0 2147483680 2 1224979098644774946 1 2133 2 1224979098644774952 3 5 0 31 2 1224979098644774946 2 2133 2 1224979098644774952 2 5 0 2147483680 2 1224979098644774946 6 2133 2 1224979098644774952 1 5 0 2133 2 1224979098644774952 0 3 0 2122 3 1224979098644774953 1224979098644774948 1224979098644774944 2107 2 1224979098644774953 1224979098644774951 2108 2 1224979098644774953 2 4 0 32 2 1224979098644774946 0 2123 3 1224979098644774954 1224979098644774953 1224979098644774946 3 0 400 1 1224979098644774920 6 3 1224979098644774921 0 1224979098644774920 401 1 1224979098644774921 406 2 1224979098644774922 1224979098644774921 30 2 1224979098644774922 0 1770 2 1224979098644774923 1224979098644774922 2105 2 1224979098644774923 1 31 2 1224979098644774923 1224979098644774936 1710 2 1 1224979098644774922 1850 2 0 1224979098644774919 712 3 1224979098644774924 0 1 715 3 1224979098644774925 0 1 2105 2 1224979098644774924 1224979098644774925 2147483678 2 1224979098644774924 1600 431 2 1224979098644774955 1224979098644774921 2105 2 1224979098644774955 1224979098644774952 432 2 1224979098644774921 1224979098644774955 407 2 1224979098644774956 1224979098644774921 2105 2 1224979098644774956 1224979098644774954 408 3 1224979098644774921 1224979098644774956 15000 3 0 3 0 3 0 3 0 2147483678 2 -1 35 
1.000000 0.000000 0.000000  0  127 417 0 2133 2 1224979098644774912 0 2133 2 1224979098644774913 0 2133 2 1224979098644774914 0 2133 2 1224979098644774915 0 6 3 1224979098644774916 0 144115188075856368 2120 3 1224979098644774917 146 1224979098644774916 520 3 1224979098644774918 360287970189640518 1224979098644774917 1811 3 1224979098644774919 144115188075856366 1224979098644774916 1811 3 1224979098644774920 144115188075856367 1224979098644774916 4 0 1073741855 2 144115188075856371 1224979098644774919 31 2 144115188075856372 1224979098644774920 2133 2 1224979098644774921 2 5 0 2133 2 1224979098644774921 1 3 0 4 0 31 2 1224979098644774918 1 2105 2 1224979098644774912 1224979098644774921 2105 2 1224979098644774914 1224979098644774921 5 0 31 2 1224979098644774918 2 2105 2 1224979098644774913 1224979098644774921 2105 2 1224979098644774914 1224979098644774921 5 0 2105 2 1224979098644774915 1224979098644774921 3 0 3 0 2120 3 1224979098644774922 1224979098644774914 1224979098644774915 2121 3 1224979098644774923 1224979098644774912 1224979098644774913 2122 3 1224979098644774924 1224979098644774923 2 2121 3 1224979098644774925 144115188075856369 144115188075856370 2133 2 1224979098644774926 0 400 1 1224979098644774927 6 3 1224979098644774928 0 1224979098644774927 401 1 1224979098644774928 2105 2 1224979098644774926 1 2133 2 1224979098644774927 0 3 0 4 0 30 2 1224979098644774924 1224979098644774925 2121 3 1224979098644774929 1224979098644774924 1224979098644774925 2122 3 1224979098644774930 1224979098644774929 125 2105 2 1224979098644774930 500 2123 3 1224979098644774931 250000 1224979098644774930 4 0 2147483678 2 1224979098644774914 1224979098644774922 2107 2 1224979098644774931 1224979098644774914 2108 2 1224979098644774931 1224979098644774922 2107 2 1224979098644774930 1224979098644774914 2108 2 1224979098644774930 1224979098644774922 3 0 1 1 936748722493063263 2107 2 1224979098644774930 72057594037927936 2108 2 1224979098644774930 100 2107 2 1224979098644774931 72057594037927936 2108 2 1224979098644774931 100 2107 2 1224979098644774930 144115188075856373 2108 2 1224979098644774930 100 2107 2 1224979098644774931 144115188075856373 2108 2 1224979098644774931 100 4 0 30 2 1224979098644774926 1 2106 2 144115188075856365 1224979098644774930 4 0 30 2 1224979098644774913 1 2106 2 144115188075856364 1224979098644774931 5 0 2106 2 144115188075856365 1224979098644774931 3 0 3 0 5 0 2121 3 1224979098644774929 1224979098644774925 1224979098644774924 2122 3 1224979098644774930 1224979098644774929 125 2105 2 1224979098644774930 500 2123 3 1224979098644774931 250000 1224979098644774930 4 0 2147483678 2 1224979098644774914 1224979098644774922 2107 2 1224979098644774931 1224979098644774914 2108 2 1224979098644774931 1224979098644774922 2107 2 1224979098644774930 1224979098644774914 2108 2 1224979098644774930 1224979098644774922 3 0 1 1 936748722493063263 2107 2 1224979098644774930 72057594037927936 2108 2 1224979098644774930 100 2107 2 1224979098644774931 72057594037927936 2108 2 1224979098644774931 100 2107 2 1224979098644774930 144115188075856373 2108 2 1224979098644774930 100 2107 2 1224979098644774931 144115188075856373 2108 2 1224979098644774931 100 4 0 30 2 1224979098644774926 1 4 0 30 2 1224979098644774912 1 2106 2 144115188075856365 1224979098644774931 5 0 2106 2 144115188075856364 1224979098644774931 3 0 2106 2 144115188075856364 1224979098644774930 3 0 3 0 455 2 1224979098644774932 0 4 0 2123 3 1224979098644774933 144115188075856364 10000 2147483679 2 1224979098644774933 1224979098644774932 400 1 1224979098644774934 1 3 936748722493063239 0 1224979098644774933 6 3 1224979098644774928 1 1224979098644774934 401 1 1224979098644774928 396 4 1224979098644774928 72 0 1224979098644774933 3 0 3 0 455 2 1224979098644774935 1 4 0 2123 3 1224979098644774936 144115188075856365 10000 2147483679 2 1224979098644774936 1224979098644774935 400 1 1224979098644774934 1 3 936748722493063239 1 1224979098644774936 6 3 1224979098644774928 1 1224979098644774934 401 1 1224979098644774928 396 4 1224979098644774928 72 1 1224979098644774936 3 0 3 0 2147483678 2 -1 36 
1.000000 0.000000 0.000000  0  40 417 0 400 1 1224979098644774912 6 3 1224979098644774913 0 1224979098644774912 401 1 1224979098644774913 2147484086 1 1224979098644774913 402 2 1224979098644774914 1224979098644774913 2147483678 2 1224979098644774914 2 404 2 1224979098644774915 1224979098644774913 30 2 1224979098644774915 0 406 2 1224979098644774916 1224979098644774913 2133 2 1224979098644774917 0 4 0 528 3 1224979098644774918 1224979098644774913 24 31 2 1224979098644774918 1 2133 2 1224979098644774917 1 508 3 1224979098644774913 24 0 5 0 4 0 2147483678 2 1224979098644774916 0 2133 2 1224979098644774917 1 5 0 2147485350 1 1224979098644774916 1760 2 1224979098644774919 1224979098644774916 32 2 1224979098644774919 144115188075856343 2133 2 1224979098644774917 1 3 0 3 0 31 2 1224979098644774917 1 1 2 936748722493063295 1224979098644774913 1541 3 1224979098644774920 1224979098644774915 8 4 0 30 2 1224979098644774920 0 2133 2 1224979098644774921 1 5 0 2133 2 1224979098644774921 0 3 0 1 4 936748722493063293 1224979098644774914 0 1224979098644774921 409 2 1224979098644774913 72057594037927936 3 0 2147483678 2 -1 37 
1.000000 0.000000 0.000000  0  32 417 0 2370 1 1224979098644774912 30 2 1224979098644774912 2 2133 2 1224979098644774913 0 2133 2 1224979098644774914 0 12 1 1224979098644774915 1707 1 1224979098644774915 1704 1 1224979098644774915 2133 2 1224979098644774916 0 4 0 1702 1 1224979098644774915 2133 2 1224979098644774916 1 5 0 1760 2 1224979098644774917 1224979098644774915 2147483680 2 1224979098644774917 144115188075856343 2133 2 1224979098644774916 1 3 0 31 2 1224979098644774916 1 1770 2 1224979098644774918 1224979098644774915 4 0 31 2 1224979098644774918 0 2105 2 1224979098644774913 1 5 0 31 2 1224979098644774918 1 2105 2 1224979098644774914 1 3 0 3 0 2121 3 144115188075856353 144115188075856354 1224979098644774913 2121 3 144115188075856355 144115188075856356 1224979098644774914 2111 2 144115188075856353 0 2111 2 144115188075856355 0 2147483678 2 -1 38 
0.000000 0.000000 0.000000  0  120 417 0 31 2 144115188075856333 1 2120 3 1224979098644774912 144115188075856353 144115188075856355 4 0 32 2 1224979098644774912 0 4 0 1073741855 2 144115188075856325 2 1073741855 2 144115188075856325 3 31 2 144115188075856325 6 455 2 1224979098644774913 0 455 2 1224979098644774914 1 2120 3 1224979098644774915 1224979098644774913 1224979098644774914 31 2 1224979098644774915 0 2370 1 1224979098644774916 2106 2 1224979098644774916 144115188075856361 2147483678 2 1224979098644774916 20 2133 2 1224979098644774917 0 5 0 2133 2 1224979098644774917 1 3 0 31 2 1224979098644774917 1 2136 3 1224979098644774918 0 1224979098644774912 2106 2 1224979098644774918 144115188075856353 4 0 2147483678 2 1224979098644774918 0 2133 2 1224979098644774919 0 5 0 2133 2 1224979098644774919 1 3 0 4 0 1073741855 2 144115188075856325 2 31 2 144115188075856325 3 2370 1 1224979098644774916 2106 2 1224979098644774916 144115188075856361 4 0 2147483680 2 1224979098644774916 20 2133 2 1224979098644774920 0 5 0 2133 2 1224979098644774920 1 3 0 5 0 2133 2 1224979098644774920 1 3 0 1 3 936748722493063291 1224979098644774919 1224979098644774920 2133 2 1224979098644774921 72057594037927936 2133 2 1224979098644774922 72057594037927937 458 2 1224979098644774923 1224979098644774919 2133 2 1224979098644774924 0 6 3 1224979098644774925 360287970189640531 360287970189640549 2173 2 1224979098644774926 1224979098644774925 31 2 1224979098644774926 1224979098644774923 2105 2 1224979098644774924 1 3 0 2133 2 1224979098644774927 0 400 1 1224979098644774928 6 3 1224979098644774929 0 1224979098644774928 401 1 1224979098644774929 402 2 1224979098644774930 1224979098644774929 31 2 1224979098644774919 1224979098644774930 2133 2 1224979098644774931 0 2120 3 1224979098644774932 35 1224979098644774924 6 3 1224979098644774933 35 1224979098644774932 568 3 1224979098644774929 1224979098644774933 1 2133 2 1224979098644774931 1 2133 2 1224979098644774932 0 3 0 30 2 1224979098644774931 1 2105 2 1224979098644774927 1 3 0 4 0 1073741854 2 1224979098644774922 0 31 2 1224979098644774927 0 1541 3 1224979098644774934 1224979098644774921 8 4 0 30 2 1224979098644774934 0 2133 2 1224979098644774935 1 5 0 2133 2 1224979098644774935 0 3 0 4 0 31 2 144115188075856325 6 2370 1 1224979098644774916 2106 2 1224979098644774916 144115188075856361 4 0 2147483678 2 1224979098644774916 20 4 0 31 2 1224979098644774919 0 1 4 936748722493063293 1224979098644774919 1 1224979098644774935 5 0 2133 2 72057594037927936 32 3 0 5 0 1 4 936748722493063293 1224979098644774919 0 1224979098644774935 3 0 5 0 1073741855 2 144115188075856325 2 31 2 144115188075856325 3 4 0 31 2 1224979098644774919 0 2133 2 72057594037927936 0 5 0 2133 2 72057594037927936 32 3 0 5 0 1 4 936748722493063293 1224979098644774919 0 1224979098644774935 3 0 2211 1 1224979098644774936 1261 1 1224979098644774936 1265 5 72057594037927936 1224979098644774921 1 1224979098644774919 1224979098644774922 2133 2 144115188075856333 0 4 0 31 2 1224979098644774919 0 2106 2 144115188075856353 1 5 0 31 2 1224979098644774919 1 2106 2 144115188075856355 1 3 0 3 0 3 0 2147483678 2 -1 39 
3.000000 0.000000 0.000000  0  17 417 0 12 1 1224979098644774912 1707 1 1224979098644774912 1704 1 1224979098644774912 1702 1 1224979098644774912 1765 2 1224979098644774913 1224979098644774912 4 0 2147484049 1 1224979098644774913 1 2 936748722493063292 1224979098644774912 5 0 402 2 1224979098644774914 1224979098644774913 1770 2 1224979098644774915 1224979098644774912 2147483679 2 1224979098644774914 1224979098644774915 1 2 936748722493063292 1224979098644774912 3 0 3 0 2147483678 2 -1 40 
20.000000 0.000000 0.000000  0  3 417 0 1 1 936748722493063211 2147483678 2 -1 41 
1.000000 0.000000 0.000000  0  75 417 0 2133 2 1224979098644774912 0 4 0 31 2 144115188075856325 8 4 0 31 2 144115188075856203 1 2133 2 1224979098644774912 1 3 0 5 0 1073741855 2 144115188075856325 2 1073741855 2 144115188075856325 3 31 2 144115188075856325 6 4 0 31 2 144115188075856203 1 2370 1 1224979098644774913 2106 2 1224979098644774913 144115188075856362 2121 3 1224979098644774914 144115188075856343 1 30 2 1224979098644774913 1224979098644774914 2370 1 1224979098644774915 4 0 1073741855 2 144115188075856325 2 31 2 144115188075856325 3 2133 2 1224979098644774916 90 5 0 2133 2 1224979098644774916 120 3 0 2122 3 1224979098644774917 144115188075856330 60 2121 3 1224979098644774918 1224979098644774917 1224979098644774916 32 2 1224979098644774915 1224979098644774918 2133 2 1224979098644774912 1 3 0 31 2 1224979098644774912 1 5 0 2147483679 2 144115188075856325 2 2147483679 2 144115188075856325 3 2147483679 2 144115188075856325 6 2147483679 2 144115188075856325 5 2370 1 1224979098644774915 2122 3 1224979098644774917 144115188075856330 60 32 2 1224979098644774915 1224979098644774917 2133 2 1224979098644774912 1 5 0 455 2 1224979098644774919 0 455 2 1224979098644774920 1 4 0 2147483679 2 144115188075856325 5 4 0 1073741854 2 1224979098644774919 144115188075856363 30 2 1224979098644774920 144115188075856363 2133 2 1224979098644774912 1 3 0 5 0 2133 2 1224979098644774921 0 400 1 1224979098644774922 6 3 1224979098644774923 0 1224979098644774922 401 1 1224979098644774923 406 2 1224979098644774924 1224979098644774923 30 2 1224979098644774924 0 2147485355 1 1224979098644774924 2133 2 1224979098644774921 1 2133 2 1224979098644774922 0 3 0 31 2 1224979098644774921 1 3221225504 2 1224979098644774919 0 2147483680 2 1224979098644774920 0 2133 2 1224979098644774912 1 3 0 3 0 4 0 31 2 1224979098644774912 1 1 2 936748722493063266 144115188075856325 470 3 72057594037927936 144115188075856332 0 1 1 936748722493063174 3 0 2147483678 2 -1 42 
-21.000000 0.000000 0.000000  0  6 4 0 31 2 144115188075856357 0 2133 2 144115188075856334 1 900 1 1513209474796486674 3 0 2147483678 2 -1 43 
0.000000 0.000000 100000000.000000  0  2 900 1 1513209474796486661 2147483678 2 -1 44 
-24.000000 0.000000 0.000000  0  2 900 1 1513209474796486669 2147483678 2 -1 45 
-23.000000 0.000000 0.000000  0  5 2147484551 1 1513209474796486676 2147484551 1 1513209474796486674 31 2 144115188075856358 0 900 1 1513209474796486676 2147483678 2 -1 46 


mst_multiplayer_cf multiplayer_cf 2  -1
You_lead_your_men_to_battle. 

66 0 4112 0 16 1 0  
1 4112 0 16 1 0  
2 4112 0 16 1 0  
3 4112 0 16 1 0  
4 4112 0 16 1 0  
5 4112 0 16 1 0  
6 4112 0 16 1 0  
7 4112 0 16 1 0  
8 4112 0 16 1 0  
9 4112 0 16 1 0  
10 4112 0 16 1 0  
11 4112 0 16 1 0  
12 4112 0 16 1 0  
13 4112 0 16 1 0  
14 4112 0 16 1 0  
15 4112 0 16 1 0  
16 4112 0 16 1 0  
17 4112 0 16 1 0  
18 4112 0 16 1 0  
19 4112 0 16 1 0  
20 4112 0 16 1 0  
21 4112 0 16 1 0  
22 4112 0 16 1 0  
23 4112 0 16 1 0  
24 4112 0 16 1 0  
25 4112 0 16 1 0  
26 4112 0 16 1 0  
27 4112 0 16 1 0  
28 4112 0 16 1 0  
29 4112 0 16 1 0  
30 4112 0 16 1 0  
31 4112 0 16 1 0  
32 8208 0 16 1 0  
33 8208 0 16 1 0  
34 8208 0 16 1 0  
35 8208 0 16 1 0  
36 8208 0 16 1 0  
37 8208 0 16 1 0  
38 8208 0 16 1 0  
39 8208 0 16 1 0  
40 8208 0 16 1 0  
41 8208 0 16 1 0  
42 8208 0 16 1 0  
43 8208 0 16 1 0  
44 8208 0 16 1 0  
45 8208 0 16 1 0  
46 8208 0 16 1 0  
47 8208 0 16 1 0  
48 8208 0 16 1 0  
49 8208 0 16 1 0  
50 8208 0 16 1 0  
51 8208 0 16 1 0  
52 8208 0 16 1 0  
53 8208 0 16 1 0  
54 8208 0 16 1 0  
55 8208 0 16 1 0  
56 8208 0 16 1 0  
57 8208 0 16 1 0  
58 8208 0 16 1 0  
59 8208 0 16 1 0  
60 8208 0 16 1 0  
61 8208 0 16 1 0  
62 8208 0 16 1 0  
63 8208 0 16 1 0  
64 4112 0 16 1 0  
65 8208 0 16 1 0  
46
-24.000000 0.000000 0.000000  0  6 4 0 31 2 144115188075856314 1 2147484551 1 1513209474796486713 900 1 1513209474796486713 3 0 2147483678 2 -1 0 
0.000000 0.000000 0.000000  1 2147484066 0  8 4 0 71 1 62 31 2 144115188075856314 0 2147484551 1 1513209474796486713 2133 2 144115188075856314 1 900 1 1513209474796486713 3 0 2147483678 2 -1 1 
1.000000 0.000000 0.000000  2 417 0 31 2 144115188075856315 1  30 2105 2 144115188075856316 1 2122 3 1224979098644774912 60 144115188075856317 4 0 30 2 144115188075856316 1224979098644774912 4 0 31 2 144115188075856318 1 2320 2 1 216172782113787622 5 0 31 2 144115188075856318 2 2320 2 1 216172782113787623 5 0 31 2 144115188075856318 3 2320 2 1 216172782113787624 5 0 31 2 144115188075856318 4 2320 2 1 216172782113787625 5 0 31 2 144115188075856318 5 2320 2 1 216172782113787626 2133 2 144115188075856318 0 3 0 17 1 1224979098644774913 401 1 1224979098644774913 399 3 1224979098644774913 111 1 3 0 473 1 1 2133 2 144115188075856316 0 2105 2 144115188075856318 1 3 0 2147483678 2 -1 2 
5.000000 0.000000 0.000000  2 417 0 31 2 144115188075856319 1  6 12 1 1224979098644774912 1712 1 1224979098644774912 1702 1 1224979098644774912 1733 2 1224979098644774912 1 3 0 2147483678 2 -1 3 
5.000000 0.000000 0.000000  2 417 0 31 2 144115188075856320 1  5 17 1 1224979098644774912 401 1 1224979098644774912 440 3 1224979098644774912 1 1 3 0 2147483678 2 -1 4 
-16.000000 0.000000 0.000000  1 417 0  19 17 1 1224979098644774912 401 1 1224979098644774912 548 3 1224979098644774912 57 1 441 2 1224979098644774913 1224979098644774912 500 3 360287970189640760 1224979098644774912 1224979098644774913 3 0 17 1 1224979098644774912 401 1 1224979098644774912 548 3 1224979098644774912 58 1 441 2 1224979098644774913 1224979098644774912 500 3 360287970189640761 1224979098644774912 1224979098644774913 3 0 17 1 1224979098644774912 401 1 1224979098644774912 548 3 1224979098644774912 59 1 441 2 1224979098644774913 1224979098644774912 500 3 360287970189640762 1224979098644774912 1224979098644774913 3 0 2147483678 2 -1 5 
300.000000 0.000000 100000000.000000  1 417 0  6 6 3 1224979098644774912 0 256 500 3 360287970189640760 1224979098644774912 -1 500 3 360287970189640761 1224979098644774912 -1 500 3 360287970189640762 1224979098644774912 -1 3 0 2147483678 2 -1 6 
1.000000 0.000000 0.000000  2 31 2 144115188075856321 1 417 0  26 2121 3 1224979098644774912 144115188075856322 1 2133 2 144115188075856322 1224979098644774912 2133 2 72057594037927937 1224979098644774912 4 0 31 2 1224979098644774912 0 2320 2 1 216172782113787475 1 1 936748722493063787 5 0 31 2 1224979098644774912 2 2320 2 1 216172782113787474 1 1 936748722493063787 5 0 31 2 1224979098644774912 4 2320 2 1 216172782113787473 1 1 936748722493063787 5 0 2147483679 2 1224979098644774912 -1 2320 2 1 216172782113787469 1 1 936748722493063787 3 0 4 0 2147483680 2 1224979098644774912 -1 1973 1 288230376151711893 1740 2 72057594037927936 1801439850948198842 3 0 2147483678 2 -1 7 
-25.000000 0.000000 0.000000  2 417 0 31 2 144115188075856207 0  4 2071 1 1224979098644774912 1 2 936748722493063783 1224979098644774912 1 2 936748722493063805 1224979098644774912 2147483678 2 -1 8 
-53.000000 0.000000 0.000000  1 417 0  91 2071 1 1224979098644774912 2072 1 1224979098644774913 4 0 1712 1 1224979098644774912 1702 1 1224979098644774912 1704 1 1224979098644774912 2147485355 1 1224979098644774912 1073741855 2 1224979098644774913 288230376151711760 1073741855 2 1224979098644774913 288230376151711850 1073741855 2 1224979098644774913 288230376151711854 1073741855 2 1224979098644774913 288230376151711855 1073741855 2 1224979098644774913 288230376151711856 1073741855 2 1224979098644774913 288230376151711857 1073741855 2 1224979098644774913 288230376151711858 1073741855 2 1224979098644774913 288230376151711859 1073741855 2 1224979098644774913 288230376151711860 1073741855 2 1224979098644774913 288230376151711864 1073741855 2 1224979098644774913 288230376151711865 1073741855 2 1224979098644774913 288230376151711866 1073741855 2 1224979098644774913 288230376151711861 1073741855 2 1224979098644774913 288230376151711867 31 2 1224979098644774913 288230376151711868 1774 2 1224979098644774912 1224979098644774913 2133 2 1224979098644774914 0 4 0 31 2 144115188075856207 1 1720 3 1224979098644774915 1224979098644774912 1 4 0 31 2 1224979098644774913 288230376151711760 2105 2 1224979098644774914 6 5 0 31 2 1224979098644774913 288230376151711850 2105 2 1224979098644774914 3 5 0 31 2 1224979098644774913 288230376151711854 2105 2 1224979098644774914 5 5 0 31 2 1224979098644774913 288230376151711855 2105 2 1224979098644774914 7 5 0 31 2 1224979098644774913 288230376151711856 2105 2 1224979098644774914 4 5 0 31 2 1224979098644774913 288230376151711857 2105 2 1224979098644774914 8 5 0 31 2 1224979098644774913 288230376151711858 2105 2 1224979098644774914 4 5 0 31 2 1224979098644774913 288230376151711859 2105 2 1224979098644774914 5 5 0 31 2 1224979098644774913 288230376151711860 2105 2 1224979098644774914 5 5 0 31 2 1224979098644774913 288230376151711864 2105 2 1224979098644774914 5 5 0 31 2 1224979098644774913 288230376151711865 2105 2 1224979098644774914 7 5 0 31 2 1224979098644774913 288230376151711866 2105 2 1224979098644774914 8 5 0 31 2 1224979098644774913 288230376151711861 2105 2 1224979098644774914 4 5 0 31 2 1224979098644774913 288230376151711867 2105 2 1224979098644774914 10 3 0 4 0 2147483678 2 1224979098644774915 55 2105 2 1224979098644774915 1224979098644774914 2110 2 1224979098644774915 55 1721 3 1224979098644774912 1224979098644774915 1 3 0 5 0 1720 2 1224979098644774915 1224979098644774912 2105 2 1224979098644774914 5 2147483678 2 1224979098644774915 100 2105 2 1224979098644774915 1224979098644774914 2110 2 1224979098644774915 100 1721 2 1224979098644774912 1224979098644774915 3 0 1724 2 1224979098644774916 1224979098644774912 401 1 1224979098644774916 2325 2 1 1224979098644774913 2133 2 72057594037927937 1224979098644774914 399 3 1224979098644774916 111 216172782113787572 3 0 2147483678 2 -1 9 
1.500000 0.000000 0.000000  3 417 0 1073741855 2 144115188075856323 2 31 2 144115188075856323 4  34 12 1 1224979098644774912 1712 1 1224979098644774912 1702 1 1224979098644774912 1704 1 1224979098644774912 2147485355 1 1224979098644774912 1710 2 15 1224979098644774912 791 1 15 2124 1 100 722 2 15 180 700 2 16 15 700 2 17 15 4 0 31 2 144115188075856323 4 700 2 18 15 700 2 19 15 700 2 20 15 700 2 21 15 720 2 18 400 720 2 19 -400 721 2 20 400 721 2 21 -400 3 0 722 2 15 -170 722 2 17 2000 4 0 31 2 144115188075856323 4 1 1 936748722493063812 5 0 707 2 16 17 722 2 15 650 1969 3 1008806316530991105 15 140 3 0 3 0 2147483678 2 -1 10 
1.000000 0.000000 0.000000  3 417 0 1073741855 2 144115188075856323 1 31 2 144115188075856323 3  34 12 1 1224979098644774912 1712 1 1224979098644774912 1702 1 1224979098644774912 1704 1 1224979098644774912 2147485355 1 1224979098644774912 1710 2 15 1224979098644774912 791 1 15 2124 1 100 722 2 15 180 700 2 16 15 700 2 17 15 4 0 31 2 144115188075856323 3 700 2 18 15 700 2 19 15 700 2 20 15 700 2 21 15 720 2 18 600 720 2 19 -600 721 2 20 600 721 2 21 -600 3 0 722 2 15 -170 722 2 17 2000 4 0 31 2 144115188075856323 3 1 1 936748722493063811 5 0 707 2 16 17 722 2 15 470 1969 3 1008806316530991104 15 300 3 0 3 0 2147483678 2 -1 11 
-20.000000 0.000000 0.000000  2 417 0 31 2 144115188075856207 0  2 1 1 936748722493063825 2147483678 2 -1 12 
5.000000 0.000000 0.000000  2 417 0 31 2 144115188075856324 1  81 2124 1 100 12 1 1224979098644774912 1712 1 1224979098644774912 1702 1 1224979098644774912 1710 2 3 1224979098644774912 728 2 1224979098644774913 3 2133 2 1224979098644774914 -190 4 0 2147483678 2 1224979098644774913 1224979098644774914 4 0 1712 1 1224979098644774912 1702 1 1224979098644774912 1704 1 1224979098644774912 1714 2 1224979098644774915 1224979098644774912 1712 1 1224979098644774915 1702 1 1224979098644774915 2133 2 1224979098644774914 -280 5 0 1712 1 1224979098644774912 1702 1 1224979098644774912 2147485352 1 1224979098644774912 2133 2 1224979098644774914 -200 3 0 2133 2 1224979098644774916 1152921504606847103 4 0 1712 1 1224979098644774912 1704 1 1224979098644774912 4 0 1718 2 1224979098644774917 1224979098644774912 1506 2 1224979098644774918 1224979098644774917 4 0 1724 2 1224979098644774919 1224979098644774912 401 1 1224979098644774919 442 2 1224979098644774918 1224979098644774919 3 0 4 0 31 2 1224979098644774918 0 2133 2 1224979098644774916 1152921504606847103 5 0 31 2 1224979098644774918 1 2133 2 1224979098644774916 1152921504606847082 3 0 3 0 5 0 1712 1 1224979098644774912 2147485352 1 1224979098644774912 2133 2 1224979098644774916 1152921504606847125 3 0 4 0 2147483680 2 1224979098644774913 1224979098644774914 1712 1 1224979098644774912 1702 1 1224979098644774912 1704 1 1224979098644774912 1720 2 1224979098644774920 1224979098644774912 2121 3 1224979098644774921 1224979098644774920 10 1721 2 1224979098644774912 1224979098644774921 4 0 2147483680 2 1224979098644774921 0 1722 2 1224979098644774912 1224979098644774912 3 0 391 4 126 6 1224979098644774912 1224979098644774916 1724 2 1224979098644774919 1224979098644774912 401 1 1224979098644774919 399 3 1224979098644774919 111 216172782113787429 5 0 2147483680 2 1224979098644774913 1224979098644774914 1712 1 1224979098644774912 1702 1 1224979098644774912 2147485352 1 1224979098644774912 1720 2 1224979098644774920 1224979098644774912 2121 3 1224979098644774921 1224979098644774920 10 1721 2 1224979098644774912 1224979098644774921 4 0 2147483680 2 1224979098644774921 0 1722 2 1224979098644774912 1224979098644774912 3 0 391 4 126 6 1224979098644774912 1224979098644774916 3 0 3 0 3 0 2147483678 2 -1 13 
3.000000 0.000000 100000000.000000  2 417 0 31 2 0 1  35 4 0 2319 1 5 2319 1 6 2133 2 1224979098644774912 0 17 1 1224979098644774913 401 1 1224979098644774913 1073742372 3 1224979098644774913 57 1 1073742372 3 1224979098644774913 58 1 1073742372 3 1224979098644774913 59 1 430 1 1224979098644774913 2105 2 1224979098644774912 1 2350 2 5 1224979098644774913 4 0 31 2 1224979098644774912 1 2320 2 6 216172782113787383 5 0 32 2 1224979098644774912 1 2320 2 6 216172782113787384 3 0 3 0 4 0 31 2 1224979098644774912 0 2320 2 6 1585267068834414750 3 0 2211 1 1224979098644774914 1 2 936748722493063207 1224979098644774914 2320 2 2 216172782113783815 1 2 936748722493063266 144115188075856325 1 2 936748722493063208 72057594037927936 2320 2 3 216172782113783815 2352 1 4 2320 2 1 216172782113787387 1 1 936748722493063787 3 0 2147483678 2 -1 14 
-29.000000 0.000000 0.000000  1 417 0  3 2071 1 1224979098644774912 1 2 936748722493063798 1224979098644774912 2147483678 2 -1 15 
1.000000 0.000000 0.000000  0  15 12 1 1224979098644774912 1712 1 1224979098644774912 1702 1 1224979098644774912 2133 2 1224979098644774913 0 16 3 1224979098644774914 1080863910568919057 1 1840 2 1224979098644774915 1224979098644774914 31 2 1224979098644774915 1 1801 2 1224979098644774914 1224979098644774912 2133 2 1224979098644774913 1 3 0 31 2 1224979098644774913 1 1702 1 1224979098644774912 1755 1 1224979098644774912 3 0 2147483678 2 -1 16 
0.000000 0.000000 3.000000  19 2147484066 0 415 1 1224979098644774912 401 1 1224979098644774912 1073742372 3 1224979098644774912 59 1 430 1 1224979098644774912 406 2 1224979098644774913 1224979098644774912 1712 1 1224979098644774913 1702 1 1224979098644774913 70 1 25 70 1 24 70 1 184 1709 2 1 1224979098644774913 722 2 1 120 1 2 936748722493063821 50 2133 2 144115188075856326 1 1975 3 1008806316530991164 1 1 700 2 3 1 72 1 7 2133 2 144115188075856326 0  1 2147483678 2 -1 17 
0.000000 0.000000 0.000000  21 2147484066 0 2124 1 100 415 1 1224979098644774912 401 1 1224979098644774912 1073742372 3 1224979098644774912 59 1 430 1 1224979098644774912 406 2 1224979098644774913 1224979098644774912 1712 1 1224979098644774913 1702 1 1224979098644774913 31 2 144115188075856326 1 2147483718 1 25 2147483718 1 24 2147483718 1 184 2133 2 144115188075856326 0 4 0 726 2 1224979098644774914 3 727 2 1224979098644774915 3 728 2 1224979098644774916 3 392 5 126 19 1224979098644774914 1224979098644774915 1224979098644774916 600 1 1152921504606846985 3 0  1 2147483678 2 -1 18 
3.000000 0.000000 0.000000  1 417 0  8 17 2 1224979098644774912 1 401 1 1224979098644774912 548 3 1224979098644774912 56 1 2147484086 1 1224979098644774912 394 2 1224979098644774912 79 399 3 1224979098644774912 111 216172782113787534 3 0 2147483678 2 -1 19 
0.000000 0.000000 0.000000  2 2147484066 0 255 0  33 4 0 70 1 29 70 1 56 71 1 63 4 0 31 2 144115188075856327 0 2133 2 144115188075856327 1 1106 1 1585267068834414751 5 0 2133 2 144115188075856327 0 1106 1 1585267068834414752 3 0 3 0 4 0 70 1 29 70 1 56 71 1 64 4 0 31 2 144115188075856327 1 2133 2 144115188075856327 2 1106 1 1585267068834414753 5 0 31 2 144115188075856327 2 2133 2 144115188075856327 1 1106 1 1585267068834414754 3 0 3 0 4 0 31 2 144115188075856327 2 2147484551 1 1513209474796486712 900 1 1513209474796486712 3 0 2147483678 2 -1 20 
0.000000 0.000000 0.000000  2 2147484066 0 1 1 936748722493063808  95 4 0 1073741895 1 22 1073741895 1 23 71 1 65 415 1 1224979098644774912 401 1 1224979098644774912 1073742372 3 1224979098644774912 57 1 1073742372 3 1224979098644774912 58 1 1073742372 3 1224979098644774912 59 1 430 1 1224979098644774912 4 0 71 1 22 2147484551 1 1513209474796486707 900 1 1513209474796486707 5 0 71 1 23 2147484551 1 1513209474796486708 900 1 1513209474796486708 5 0 71 1 65 2147484551 1 1513209474796486706 2147484551 1 1513209474796486682 900 1 1513209474796486706 3 0 3 0 4 0 71 1 25 415 1 1224979098644774912 401 1 1224979098644774912 2147484196 3 1224979098644774912 57 1 2147484196 3 1224979098644774912 58 1 2147484196 3 1224979098644774912 59 1 2147484078 1 1224979098644774912 2147484551 1 1513209474796486706 2147484551 1 1513209474796486682 900 1 1513209474796486711 3 0 4 0 70 1 29 70 1 56 71 1 66 415 1 1224979098644774912 415 1 1224979098644774912 401 1 1224979098644774912 1073742372 3 1224979098644774912 59 1 430 1 1224979098644774912 406 2 1224979098644774913 1224979098644774912 1712 1 1224979098644774913 1702 1 1224979098644774913 390 3 126 22 50 2093 2 1224979098644774913 50 3 0 4 0 70 1 29 70 1 56 71 1 67 415 1 1224979098644774912 401 1 1224979098644774912 1073742372 3 1224979098644774912 59 1 430 1 1224979098644774912 406 2 1224979098644774913 1224979098644774912 1712 1 1224979098644774913 1702 1 1224979098644774913 390 3 126 22 100 2093 2 1224979098644774913 100 3 0 4 0 70 1 29 70 1 56 71 1 68 415 1 1224979098644774912 401 1 1224979098644774912 1073742372 3 1224979098644774912 59 1 430 1 1224979098644774912 406 2 1224979098644774913 1224979098644774912 1712 1 1224979098644774913 1702 1 1224979098644774913 390 3 126 22 200 2093 2 1224979098644774913 200 3 0 4 0 70 1 29 70 1 56 71 1 87 415 1 1224979098644774912 401 1 1224979098644774912 1073742372 3 1224979098644774912 59 1 430 1 1224979098644774912 406 2 1224979098644774913 1224979098644774912 1712 1 1224979098644774913 1702 1 1224979098644774913 390 3 126 22 1000 2093 2 1224979098644774913 1000 3 0 2147483678 2 -1 21 
-28.000000 0.000000 0.000000  3 417 0 2147483679 2 144115188075856325 7 2147483679 2 144115188075856325 0  43 2071 1 1224979098644774912 2072 1 1224979098644774913 2073 1 1224979098644774914 4 0 1712 1 1224979098644774912 1712 1 1224979098644774913 1702 1 1224979098644774912 1702 1 1224979098644774913 4 0 1704 1 1224979098644774912 1704 1 1224979098644774913 1724 2 1224979098644774915 1224979098644774912 1724 2 1224979098644774916 1224979098644774913 401 1 1224979098644774915 401 1 1224979098644774916 2350 2 1 1224979098644774915 2350 2 2 1224979098644774916 402 2 1224979098644774917 1224979098644774915 402 2 1224979098644774918 1224979098644774916 31 2 1224979098644774917 1224979098644774918 2133 2 72057594037927937 1224979098644774914 473 1 216172782113787606 5 0 2133 2 1224979098644774919 1224979098644774912 2147485352 1 1224979098644774919 1704 1 1224979098644774913 1715 2 1224979098644774912 1224979098644774919 1712 1 1224979098644774912 1702 1 1224979098644774912 1724 2 1224979098644774915 1224979098644774912 1724 2 1224979098644774916 1224979098644774913 401 1 1224979098644774915 401 1 1224979098644774916 2350 2 1 1224979098644774915 2350 2 2 1224979098644774916 402 2 1224979098644774917 1224979098644774915 402 2 1224979098644774918 1224979098644774916 31 2 1224979098644774917 1224979098644774918 2133 2 72057594037927937 1224979098644774914 473 1 216172782113787607 3 0 3 0 2147483678 2 -1 22 
10.000000 0.000000 0.000000  2 417 0 31 2 144115188075856328 1  19 12 1 1224979098644774912 1712 1 1224979098644774912 1702 1 1224979098644774912 2147485352 1 1224979098644774912 1715 2 1224979098644774913 1224979098644774912 2147485360 1 1224979098644774913 2370 1 1224979098644774914 4 0 2147484213 3 1224979098644774912 50 1 505 3 1224979098644774912 50 1224979098644774914 5 0 565 3 1224979098644774912 50 1 525 3 1224979098644774915 1224979098644774912 50 2120 3 1224979098644774916 1224979098644774915 144115188075856329 30 2 1224979098644774914 1224979098644774916 1749 1 1224979098644774912 3 0 3 0 2147483678 2 -1 23 
-55.000000 0.000000 0.000000  2 417 0 31 2 144115188075856328 1  8 2072 1 1224979098644774912 4 0 1712 1 1224979098644774912 1702 1 1224979098644774912 2147485352 1 1224979098644774912 505 3 1224979098644774912 50 0 3 0 2147483678 2 -1 24 
0.000000 0.000000 100000000.000000  4 417 0 31 2 144115188075856359 1 2147483679 2 144115188075856325 7 2147483679 2 144115188075856325 0  8 6 3 1224979098644774912 0 1000000 500 3 360287970189640756 1224979098644774912 0 500 3 360287970189640757 1224979098644774912 0 500 3 360287970189640758 1224979098644774912 0 500 3 360287970189640759 1224979098644774912 0 3 0 2133 2 144115188075856360 0 2147483678 2 -1 25 
-25.000000 0.000000 0.000000  0  4 2071 1 1224979098644774912 1718 2 1224979098644774913 1224979098644774912 1 4 936748722493063580 1729382256910270468 1224979098644774912 1224979098644774913 2147483678 2 -1 26 
1.000000 5.000000 0.000000  9 417 0 31 2 144115188075856344 1 31 2 144115188075856345 0 2370 1 1224979098644774912 2120 3 1224979098644774913 144115188075856346 144115188075856347 1073741855 2 1224979098644774913 144115188075856348 1073741857 3 144115188075856349 1 3 32 2 1224979098644774912 144115188075856350 1 1 936748722493063258  9 2133 2 144115188075856344 0 4 0 1073741855 2 144115188075856351 0 31 2 144115188075856351 3 1 2 936748722493063266 144115188075856325 470 3 72057594037927936 144115188075856352 1 1 1 936748722493063174 3 0 2147483678 2 -1 27 
-25.000000 0.000000 0.000000  0  3 2071 1 1224979098644774912 1 2 936748722493063232 1224979098644774912 2147483678 2 -1 28 
-15.000000 0.000000 0.000000  0  3 2071 1 1224979098644774912 1 2 936748722493063233 1224979098644774912 2147483678 2 -1 29 
-19.000000 0.000000 0.000000  0  20 4 0 417 0 2211 1 1224979098644774912 1073741855 2 1224979098644774912 720575940379279872 1073741855 2 1224979098644774912 720575940379279873 1073741855 2 1224979098644774912 720575940379279874 31 2 1224979098644774912 720575940379279875 1780 2 0 0 1781 2 64 0 1780 2 1 32 1781 2 65 1 3 0 2133 2 144115188075856325 4 1 1 936748722493063234 2133 2 144115188075856374 0 2133 2 144115188075856375 0 1 1 936748722493063277 1 1 936748722493063276 1 1 936748722493063275 2147483678 2 -1 30 
-20.000000 0.000000 0.000000  0  17 1 2 936748722493063224 0 1 2 936748722493063224 1 426 2 0 -1 426 2 1 -1 4 0 417 0 2133 2 144115188075856333 1 1780 2 0 64 1970 1 0 1974 2 144115188075856366 0 1780 2 0 65 1970 1 0 1974 2 144115188075856367 0 3 0 1 1 936748722493063221 1 1 936748722493063237 2147483678 2 -1 31 
-16.000000 0.000000 0.000000  0  4 1 1 936748722493063278 2133 2 144115188075856334 0 900 1 1513209474796486674 2147483678 2 -1 32 
-26.000000 0.000000 0.000000  0  42 2071 1 1224979098644774912 2072 1 1224979098644774913 1 3 936748722493063235 1224979098644774912 1224979098644774913 4 0 1704 1 1224979098644774912 1756 2 1224979098644774914 1224979098644774912 4 0 4 0 417 0 30 2 1224979098644774914 0 415 1 1224979098644774915 400 1 1224979098644774916 1 3 936748722493063243 1224979098644774912 -1 1734 2 1224979098644774912 100 6 3 1224979098644774917 1 1224979098644774916 401 1 1224979098644774917 2147483679 2 1224979098644774915 1224979098644774917 396 4 1224979098644774917 70 1224979098644774912 -1 3 0 1850 2 0 1224979098644774914 791 1 0 1855 2 1224979098644774914 0 1770 2 1224979098644774918 1224979098644774912 4 0 31 2 1224979098644774918 0 2133 2 1224979098644774919 1 5 0 2133 2 1224979098644774919 0 3 0 509 3 1224979098644774919 0 2 415 1 1224979098644774915 400 1 1224979098644774916 1 3 936748722493063244 1224979098644774919 2 6 3 1224979098644774917 1 1224979098644774916 401 1 1224979098644774917 2147483679 2 1224979098644774915 1224979098644774917 396 4 1224979098644774917 71 1224979098644774919 2 3 0 3 0 3 0 3 0 2147483678 2 -1 33 
1.000000 0.000000 0.000000  0  66 417 0 6 3 1224979098644774912 0 2 4 0 549 3 1224979098644774912 0 2 2133 2 1224979098644774913 -1 4 0 31 2 1224979098644774912 0 2105 2 144115188075856374 1 30 2 144115188075856374 60 2133 2 1224979098644774913 0 5 0 2105 2 144115188075856375 1 30 2 144115188075856375 60 2133 2 1224979098644774913 1 3 0 4 0 30 2 1224979098644774913 0 4 0 31 2 1224979098644774913 0 2133 2 144115188075856374 0 5 0 31 2 1224979098644774913 1 2133 2 144115188075856375 0 3 0 509 3 1224979098644774913 0 0 1 3 936748722493063244 1224979098644774913 0 415 1 1224979098644774914 400 1 1224979098644774915 6 3 1224979098644774916 1 1224979098644774915 401 1 1224979098644774916 2147483679 2 1224979098644774914 1224979098644774916 396 4 1224979098644774916 71 1224979098644774913 0 3 0 1811 3 1224979098644774917 144115188075856366 0 1811 3 1224979098644774918 144115188075856367 0 2133 2 1224979098644774919 1224979098644774917 2133 2 1224979098644774920 64 2133 2 1224979098644774921 1224979098644774918 2133 2 1224979098644774922 65 4 0 31 2 1224979098644774913 0 1780 2 5 1224979098644774920 1855 2 1224979098644774919 5 5 0 1780 2 5 1224979098644774922 1855 2 1224979098644774921 5 3 0 2122 3 1224979098644774923 1224979098644774913 -1 2106 2 1224979098644774923 1 1 3 936748722493063250 5 1224979098644774923 6 3 1224979098644774916 0 1224979098644774915 401 1 1224979098644774916 2147483679 2 1224979098644774914 1224979098644774916 396 4 1224979098644774916 68 5 1224979098644774923 3 0 3 0 5 0 4 0 31 2 1224979098644774912 0 2133 2 144115188075856374 0 5 0 2133 2 144115188075856375 0 3 0 3 0 3 0 2147483678 2 -1 34 
1.000000 0.000000 0.000000  0  40 417 0 400 1 1224979098644774912 6 3 1224979098644774913 0 1224979098644774912 401 1 1224979098644774913 2147484086 1 1224979098644774913 402 2 1224979098644774914 1224979098644774913 2147483678 2 1224979098644774914 2 404 2 1224979098644774915 1224979098644774913 30 2 1224979098644774915 0 406 2 1224979098644774916 1224979098644774913 2133 2 1224979098644774917 0 4 0 528 3 1224979098644774918 1224979098644774913 24 31 2 1224979098644774918 1 2133 2 1224979098644774917 1 508 3 1224979098644774913 24 0 5 0 4 0 2147483678 2 1224979098644774916 0 2133 2 1224979098644774917 1 5 0 2147485350 1 1224979098644774916 1760 2 1224979098644774919 1224979098644774916 32 2 1224979098644774919 144115188075856343 2133 2 1224979098644774917 1 3 0 3 0 31 2 1224979098644774917 1 1 2 936748722493063295 1224979098644774913 1541 3 1224979098644774920 1224979098644774915 8 4 0 30 2 1224979098644774920 0 2133 2 1224979098644774921 1 5 0 2133 2 1224979098644774921 0 3 0 1 4 936748722493063293 1224979098644774914 0 1224979098644774921 409 2 1224979098644774913 72057594037927936 3 0 2147483678 2 -1 35 
1.000000 0.000000 0.000000  0  32 417 0 2370 1 1224979098644774912 30 2 1224979098644774912 2 2133 2 1224979098644774913 0 2133 2 1224979098644774914 0 12 1 1224979098644774915 1707 1 1224979098644774915 1704 1 1224979098644774915 2133 2 1224979098644774916 0 4 0 1702 1 1224979098644774915 2133 2 1224979098644774916 1 5 0 1760 2 1224979098644774917 1224979098644774915 2147483680 2 1224979098644774917 144115188075856343 2133 2 1224979098644774916 1 3 0 31 2 1224979098644774916 1 1770 2 1224979098644774918 1224979098644774915 4 0 31 2 1224979098644774918 0 2105 2 1224979098644774913 1 5 0 31 2 1224979098644774918 1 2105 2 1224979098644774914 1 3 0 3 0 2121 3 144115188075856353 144115188075856354 1224979098644774913 2121 3 144115188075856355 144115188075856356 1224979098644774914 2111 2 144115188075856353 0 2111 2 144115188075856355 0 2147483678 2 -1 36 
0.000000 0.000000 0.000000  0  120 417 0 31 2 144115188075856333 1 2120 3 1224979098644774912 144115188075856353 144115188075856355 4 0 32 2 1224979098644774912 0 4 0 1073741855 2 144115188075856325 2 1073741855 2 144115188075856325 3 31 2 144115188075856325 6 455 2 1224979098644774913 0 455 2 1224979098644774914 1 2120 3 1224979098644774915 1224979098644774913 1224979098644774914 31 2 1224979098644774915 0 2370 1 1224979098644774916 2106 2 1224979098644774916 144115188075856361 2147483678 2 1224979098644774916 20 2133 2 1224979098644774917 0 5 0 2133 2 1224979098644774917 1 3 0 31 2 1224979098644774917 1 2136 3 1224979098644774918 0 1224979098644774912 2106 2 1224979098644774918 144115188075856353 4 0 2147483678 2 1224979098644774918 0 2133 2 1224979098644774919 0 5 0 2133 2 1224979098644774919 1 3 0 4 0 1073741855 2 144115188075856325 2 31 2 144115188075856325 3 2370 1 1224979098644774916 2106 2 1224979098644774916 144115188075856361 4 0 2147483680 2 1224979098644774916 20 2133 2 1224979098644774920 0 5 0 2133 2 1224979098644774920 1 3 0 5 0 2133 2 1224979098644774920 1 3 0 1 3 936748722493063291 1224979098644774919 1224979098644774920 2133 2 1224979098644774921 72057594037927936 2133 2 1224979098644774922 72057594037927937 458 2 1224979098644774923 1224979098644774919 2133 2 1224979098644774924 0 6 3 1224979098644774925 360287970189640531 360287970189640549 2173 2 1224979098644774926 1224979098644774925 31 2 1224979098644774926 1224979098644774923 2105 2 1224979098644774924 1 3 0 2133 2 1224979098644774927 0 400 1 1224979098644774928 6 3 1224979098644774929 0 1224979098644774928 401 1 1224979098644774929 402 2 1224979098644774930 1224979098644774929 31 2 1224979098644774919 1224979098644774930 2133 2 1224979098644774931 0 2120 3 1224979098644774932 35 1224979098644774924 6 3 1224979098644774933 35 1224979098644774932 568 3 1224979098644774929 1224979098644774933 1 2133 2 1224979098644774931 1 2133 2 1224979098644774932 0 3 0 30 2 1224979098644774931 1 2105 2 1224979098644774927 1 3 0 4 0 1073741854 2 1224979098644774922 0 31 2 1224979098644774927 0 1541 3 1224979098644774934 1224979098644774921 8 4 0 30 2 1224979098644774934 0 2133 2 1224979098644774935 1 5 0 2133 2 1224979098644774935 0 3 0 4 0 31 2 144115188075856325 6 2370 1 1224979098644774916 2106 2 1224979098644774916 144115188075856361 4 0 2147483678 2 1224979098644774916 20 4 0 31 2 1224979098644774919 0 1 4 936748722493063293 1224979098644774919 1 1224979098644774935 5 0 2133 2 72057594037927936 32 3 0 5 0 1 4 936748722493063293 1224979098644774919 0 1224979098644774935 3 0 5 0 1073741855 2 144115188075856325 2 31 2 144115188075856325 3 4 0 31 2 1224979098644774919 0 2133 2 72057594037927936 0 5 0 2133 2 72057594037927936 32 3 0 5 0 1 4 936748722493063293 1224979098644774919 0 1224979098644774935 3 0 2211 1 1224979098644774936 1261 1 1224979098644774936 1265 5 72057594037927936 1224979098644774921 1 1224979098644774919 1224979098644774922 2133 2 144115188075856333 0 4 0 31 2 1224979098644774919 0 2106 2 144115188075856353 1 5 0 31 2 1224979098644774919 1 2106 2 144115188075856355 1 3 0 3 0 3 0 2147483678 2 -1 37 
3.000000 0.000000 0.000000  0  17 417 0 12 1 1224979098644774912 1707 1 1224979098644774912 1704 1 1224979098644774912 1702 1 1224979098644774912 1765 2 1224979098644774913 1224979098644774912 4 0 2147484049 1 1224979098644774913 1 2 936748722493063292 1224979098644774912 5 0 402 2 1224979098644774914 1224979098644774913 1770 2 1224979098644774915 1224979098644774912 2147483679 2 1224979098644774914 1224979098644774915 1 2 936748722493063292 1224979098644774912 3 0 3 0 2147483678 2 -1 38 
0.000000 0.000000 0.000000  0  161 417 0 1811 3 1224979098644774912 144115188075856366 0 1850 2 1 1224979098644774912 1811 3 1224979098644774913 144115188075856367 0 1850 2 2 1224979098644774913 415 1 1224979098644774914 400 1 1224979098644774915 12 1 1224979098644774916 1704 1 1224979098644774916 1702 1 1224979098644774916 2147485355 1 1224979098644774916 1714 2 1224979098644774917 1224979098644774916 31 2 1224979098644774917 -1 1756 2 1224979098644774918 1224979098644774916 1770 2 1224979098644774919 1224979098644774916 4 0 31 2 1224979098644774919 0 2133 2 1224979098644774920 1 5 0 2133 2 1224979098644774920 0 3 0 4 0 31 2 1224979098644774919 0 2133 2 1224979098644774921 1224979098644774912 2133 2 1224979098644774922 64 5 0 2133 2 1224979098644774921 1224979098644774913 2133 2 1224979098644774922 65 3 0 1710 2 3 1224979098644774916 1850 2 4 1224979098644774921 710 3 1224979098644774923 3 4 529 3 1224979098644774924 1224979098644774919 0 4 0 31 2 1224979098644774924 2 2147483678 2 1224979098644774923 100 509 3 1224979098644774919 0 0 1 3 936748722493063244 1224979098644774919 0 6 3 1224979098644774925 1 1224979098644774915 401 1 1224979098644774925 2147483679 2 1224979098644774914 1224979098644774925 396 4 1224979098644774925 71 1224979098644774919 0 3 0 1780 2 5 1224979098644774922 1855 2 1224979098644774921 5 4 0 417 0 2147485355 1 1224979098644774916 1724 2 1224979098644774926 1224979098644774916 431 2 1224979098644774927 1224979098644774926 2105 2 1224979098644774927 1 432 2 1224979098644774926 1224979098644774927 3 0 1 3 936748722493063250 5 1224979098644774916 6 3 1224979098644774925 0 1224979098644774915 401 1 1224979098644774925 2147483679 2 1224979098644774914 1224979098644774925 396 4 1224979098644774925 68 5 1224979098644774916 3 0 3 0 4 0 2147483679 2 1224979098644774918 -1 4 0 31 2 1224979098644774919 0 2133 2 1224979098644774928 1224979098644774913 2133 2 1224979098644774929 65 5 0 2133 2 1224979098644774928 1224979098644774912 2133 2 1224979098644774929 64 3 0 31 2 1224979098644774918 1224979098644774928 31 2 1224979098644774924 0 2147483678 2 1224979098644774923 100 455 2 1224979098644774930 1224979098644774919 2105 2 1224979098644774930 1 456 2 1224979098644774919 1224979098644774930 4 0 417 0 2147485355 1 1224979098644774916 1724 2 1224979098644774926 1224979098644774916 431 2 1224979098644774927 1224979098644774926 2105 2 1224979098644774927 144115188075856376 432 2 1224979098644774926 1224979098644774927 3 0 1 3 936748722493063239 1224979098644774919 1224979098644774930 6 3 1224979098644774925 1 1224979098644774915 401 1 1224979098644774925 2147483679 2 1224979098644774914 1224979098644774925 396 4 1224979098644774925 72 1224979098644774919 1224979098644774930 3 0 1757 2 1224979098644774916 -1 509 3 1224979098644774920 0 0 1 3 936748722493063243 1224979098644774916 -1 1734 2 1224979098644774916 100 6 3 1224979098644774925 1 1224979098644774915 401 1 1224979098644774925 2147483679 2 1224979098644774914 1224979098644774925 396 4 1224979098644774925 70 1224979098644774916 -1 3 0 1 3 936748722493063244 1224979098644774920 0 6 3 1224979098644774925 1 1224979098644774915 401 1 1224979098644774925 2147483679 2 1224979098644774914 1224979098644774925 396 4 1224979098644774925 71 1224979098644774920 0 3 0 1780 2 5 1224979098644774929 1855 2 1224979098644774928 5 1 3 936748722493063250 4 1224979098644774916 6 3 1224979098644774925 0 1224979098644774915 401 1 1224979098644774925 2147483679 2 1224979098644774914 1224979098644774925 396 4 1224979098644774925 68 4 1224979098644774916 3 0 3 0 31 2 1224979098644774918 -1 1710 2 3 1224979098644774916 1770 2 1224979098644774919 1224979098644774916 4 0 31 2 1224979098644774919 0 710 3 1224979098644774923 2 3 2133 2 1224979098644774928 1224979098644774913 5 0 710 3 1224979098644774923 1 3 2133 2 1224979098644774928 1224979098644774912 3 0 4 0 2147483680 2 1224979098644774923 100 2147484197 3 1224979098644774920 0 1 1757 2 1224979098644774916 1224979098644774928 1758 2 1224979098644774916 20 1759 2 1224979098644774916 50 4 0 31 2 1224979098644774919 0 2133 2 144115188075856374 0 5 0 31 2 1224979098644774919 1 2133 2 144115188075856375 0 3 0 509 3 1224979098644774920 0 1 1 3 936748722493063243 1224979098644774916 1224979098644774928 1734 2 1224979098644774916 75 6 3 1224979098644774925 1 1224979098644774915 401 1 1224979098644774925 2147483679 2 1224979098644774914 1224979098644774925 396 4 1224979098644774925 70 1224979098644774916 1224979098644774928 3 0 1 3 936748722493063244 1224979098644774920 1 6 3 1224979098644774925 1 1224979098644774915 401 1 1224979098644774925 2147483679 2 1224979098644774914 1224979098644774925 396 4 1224979098644774925 71 1224979098644774920 1 3 0 1 3 936748722493063250 6 1224979098644774916 6 3 1224979098644774925 0 1224979098644774915 401 1 1224979098644774925 2147483679 2 1224979098644774914 1224979098644774925 396 4 1224979098644774925 68 6 1224979098644774916 3 0 3 0 3 0 2147483678 2 -1 39 
20.000000 0.000000 0.000000  0  3 417 0 1 1 936748722493063211 2147483678 2 -1 40 
1.000000 0.000000 0.000000  0  75 417 0 2133 2 1224979098644774912 0 4 0 31 2 144115188075856325 8 4 0 31 2 144115188075856203 1 2133 2 1224979098644774912 1 3 0 5 0 1073741855 2 144115188075856325 2 1073741855 2 144115188075856325 3 31 2 144115188075856325 6 4 0 31 2 144115188075856203 1 2370 1 1224979098644774913 2106 2 1224979098644774913 144115188075856362 2121 3 1224979098644774914 144115188075856343 1 30 2 1224979098644774913 1224979098644774914 2370 1 1224979098644774915 4 0 1073741855 2 144115188075856325 2 31 2 144115188075856325 3 2133 2 1224979098644774916 90 5 0 2133 2 1224979098644774916 120 3 0 2122 3 1224979098644774917 144115188075856330 60 2121 3 1224979098644774918 1224979098644774917 1224979098644774916 32 2 1224979098644774915 1224979098644774918 2133 2 1224979098644774912 1 3 0 31 2 1224979098644774912 1 5 0 2147483679 2 144115188075856325 2 2147483679 2 144115188075856325 3 2147483679 2 144115188075856325 6 2147483679 2 144115188075856325 5 2370 1 1224979098644774915 2122 3 1224979098644774917 144115188075856330 60 32 2 1224979098644774915 1224979098644774917 2133 2 1224979098644774912 1 5 0 455 2 1224979098644774919 0 455 2 1224979098644774920 1 4 0 2147483679 2 144115188075856325 5 4 0 1073741854 2 1224979098644774919 144115188075856363 30 2 1224979098644774920 144115188075856363 2133 2 1224979098644774912 1 3 0 5 0 2133 2 1224979098644774921 0 400 1 1224979098644774922 6 3 1224979098644774923 0 1224979098644774922 401 1 1224979098644774923 406 2 1224979098644774924 1224979098644774923 30 2 1224979098644774924 0 2147485355 1 1224979098644774924 2133 2 1224979098644774921 1 2133 2 1224979098644774922 0 3 0 31 2 1224979098644774921 1 3221225504 2 1224979098644774919 0 2147483680 2 1224979098644774920 0 2133 2 1224979098644774912 1 3 0 3 0 4 0 31 2 1224979098644774912 1 1 2 936748722493063266 144115188075856325 470 3 72057594037927936 144115188075856332 0 1 1 936748722493063174 3 0 2147483678 2 -1 41 
-21.000000 0.000000 0.000000  0  6 4 0 31 2 144115188075856357 0 2133 2 144115188075856334 1 900 1 1513209474796486674 3 0 2147483678 2 -1 42 
0.000000 0.000000 100000000.000000  0  2 900 1 1513209474796486661 2147483678 2 -1 43 
-24.000000 0.000000 0.000000  0  3 900 1 1513209474796486669 900 1 1513209474796486670 2147483678 2 -1 44 
-23.000000 0.000000 0.000000  0  5 2147484551 1 1513209474796486676 2147484551 1 1513209474796486674 31 2 144115188075856358 0 900 1 1513209474796486676 2147483678 2 -1 45 


mst_multiplayer_sg multiplayer_sg 2  -1
You_lead_your_men_to_battle. 

64 0 528400 0 16 1 0  
1 528400 0 16 1 0  
2 16 0 16 1 0  
3 16 0 16 1 0  
4 16 0 16 1 0  
5 16 0 16 1 0  
6 16 0 16 1 0  
7 16 0 16 1 0  
8 16 0 16 1 0  
9 16 0 16 1 0  
10 16 0 16 1 0  
11 16 0 16 1 0  
12 16 0 16 1 0  
13 16 0 16 1 0  
14 16 0 16 1 0  
15 16 0 16 1 0  
16 16 0 16 1 0  
17 16 0 16 1 0  
18 16 0 16 1 0  
19 16 0 16 1 0  
20 16 0 16 1 0  
21 16 0 16 1 0  
22 16 0 16 1 0  
23 16 0 16 1 0  
24 16 0 16 1 0  
25 16 0 16 1 0  
26 16 0 16 1 0  
27 16 0 16 1 0  
28 16 0 16 1 0  
29 16 0 16 1 0  
30 16 0 16 1 0  
31 16 0 16 1 0  
32 532496 0 16 1 0  
33 532496 0 16 1 0  
34 16 0 16 1 0  
35 16 0 16 1 0  
36 16 0 16 1 0  
37 16 0 16 1 0  
38 16 0 16 1 0  
39 16 0 16 1 0  
40 16 0 16 1 0  
41 16 0 16 1 0  
42 16 0 16 1 0  
43 16 0 16 1 0  
44 16 0 16 1 0  
45 16 0 16 1 0  
46 16 0 16 1 0  
47 16 0 16 1 0  
48 16 0 16 1 0  
49 16 0 16 1 0  
50 16 0 16 1 0  
51 16 0 16 1 0  
52 16 0 16 1 0  
53 16 0 16 1 0  
54 16 0 16 1 0  
55 16 0 16 1 0  
56 16 0 16 1 0  
57 16 0 16 1 0  
58 16 0 16 1 0  
59 16 0 16 1 0  
60 16 0 16 1 0  
61 16 0 16 1 0  
62 16 0 16 1 0  
63 16 0 16 1 0  
50
-24.000000 0.000000 0.000000  0  6 4 0 31 2 144115188075856314 1 2147484551 1 1513209474796486713 900 1 1513209474796486713 3 0 2147483678 2 -1 0 
0.000000 0.000000 0.000000  1 2147484066 0  8 4 0 71 1 62 31 2 144115188075856314 0 2147484551 1 1513209474796486713 2133 2 144115188075856314 1 900 1 1513209474796486713 3 0 2147483678 2 -1 1 
1.000000 0.000000 0.000000  2 417 0 31 2 144115188075856315 1  30 2105 2 144115188075856316 1 2122 3 1224979098644774912 60 144115188075856317 4 0 30 2 144115188075856316 1224979098644774912 4 0 31 2 144115188075856318 1 2320 2 1 216172782113787622 5 0 31 2 144115188075856318 2 2320 2 1 216172782113787623 5 0 31 2 144115188075856318 3 2320 2 1 216172782113787624 5 0 31 2 144115188075856318 4 2320 2 1 216172782113787625 5 0 31 2 144115188075856318 5 2320 2 1 216172782113787626 2133 2 144115188075856318 0 3 0 17 1 1224979098644774913 401 1 1224979098644774913 399 3 1224979098644774913 111 1 3 0 473 1 1 2133 2 144115188075856316 0 2105 2 144115188075856318 1 3 0 2147483678 2 -1 2 
5.000000 0.000000 0.000000  2 417 0 31 2 144115188075856319 1  6 12 1 1224979098644774912 1712 1 1224979098644774912 1702 1 1224979098644774912 1733 2 1224979098644774912 1 3 0 2147483678 2 -1 3 
5.000000 0.000000 0.000000  2 417 0 31 2 144115188075856320 1  5 17 1 1224979098644774912 401 1 1224979098644774912 440 3 1224979098644774912 1 1 3 0 2147483678 2 -1 4 
-16.000000 0.000000 0.000000  1 417 0  19 17 1 1224979098644774912 401 1 1224979098644774912 548 3 1224979098644774912 57 1 441 2 1224979098644774913 1224979098644774912 500 3 360287970189640760 1224979098644774912 1224979098644774913 3 0 17 1 1224979098644774912 401 1 1224979098644774912 548 3 1224979098644774912 58 1 441 2 1224979098644774913 1224979098644774912 500 3 360287970189640761 1224979098644774912 1224979098644774913 3 0 17 1 1224979098644774912 401 1 1224979098644774912 548 3 1224979098644774912 59 1 441 2 1224979098644774913 1224979098644774912 500 3 360287970189640762 1224979098644774912 1224979098644774913 3 0 2147483678 2 -1 5 
300.000000 0.000000 100000000.000000  1 417 0  6 6 3 1224979098644774912 0 256 500 3 360287970189640760 1224979098644774912 -1 500 3 360287970189640761 1224979098644774912 -1 500 3 360287970189640762 1224979098644774912 -1 3 0 2147483678 2 -1 6 
1.000000 0.000000 0.000000  2 31 2 144115188075856321 1 417 0  26 2121 3 1224979098644774912 144115188075856322 1 2133 2 144115188075856322 1224979098644774912 2133 2 72057594037927937 1224979098644774912 4 0 31 2 1224979098644774912 0 2320 2 1 216172782113787475 1 1 936748722493063787 5 0 31 2 1224979098644774912 2 2320 2 1 216172782113787474 1 1 936748722493063787 5 0 31 2 1224979098644774912 4 2320 2 1 216172782113787473 1 1 936748722493063787 5 0 2147483679 2 1224979098644774912 -1 2320 2 1 216172782113787469 1 1 936748722493063787 3 0 4 0 2147483680 2 1224979098644774912 -1 1973 1 288230376151711893 1740 2 72057594037927936 1801439850948198842 3 0 2147483678 2 -1 7 
-25.000000 0.000000 0.000000  2 417 0 31 2 144115188075856207 0  4 2071 1 1224979098644774912 1 2 936748722493063783 1224979098644774912 1 2 936748722493063805 1224979098644774912 2147483678 2 -1 8 
-53.000000 0.000000 0.000000  1 417 0  91 2071 1 1224979098644774912 2072 1 1224979098644774913 4 0 1712 1 1224979098644774912 1702 1 1224979098644774912 1704 1 1224979098644774912 2147485355 1 1224979098644774912 1073741855 2 1224979098644774913 288230376151711760 1073741855 2 1224979098644774913 288230376151711850 1073741855 2 1224979098644774913 288230376151711854 1073741855 2 1224979098644774913 288230376151711855 1073741855 2 1224979098644774913 288230376151711856 1073741855 2 1224979098644774913 288230376151711857 1073741855 2 1224979098644774913 288230376151711858 1073741855 2 1224979098644774913 288230376151711859 1073741855 2 1224979098644774913 288230376151711860 1073741855 2 1224979098644774913 288230376151711864 1073741855 2 1224979098644774913 288230376151711865 1073741855 2 1224979098644774913 288230376151711866 1073741855 2 1224979098644774913 288230376151711861 1073741855 2 1224979098644774913 288230376151711867 31 2 1224979098644774913 288230376151711868 1774 2 1224979098644774912 1224979098644774913 2133 2 1224979098644774914 0 4 0 31 2 144115188075856207 1 1720 3 1224979098644774915 1224979098644774912 1 4 0 31 2 1224979098644774913 288230376151711760 2105 2 1224979098644774914 6 5 0 31 2 1224979098644774913 288230376151711850 2105 2 1224979098644774914 3 5 0 31 2 1224979098644774913 288230376151711854 2105 2 1224979098644774914 5 5 0 31 2 1224979098644774913 288230376151711855 2105 2 1224979098644774914 7 5 0 31 2 1224979098644774913 288230376151711856 2105 2 1224979098644774914 4 5 0 31 2 1224979098644774913 288230376151711857 2105 2 1224979098644774914 8 5 0 31 2 1224979098644774913 288230376151711858 2105 2 1224979098644774914 4 5 0 31 2 1224979098644774913 288230376151711859 2105 2 1224979098644774914 5 5 0 31 2 1224979098644774913 288230376151711860 2105 2 1224979098644774914 5 5 0 31 2 1224979098644774913 288230376151711864 2105 2 1224979098644774914 5 5 0 31 2 1224979098644774913 288230376151711865 2105 2 1224979098644774914 7 5 0 31 2 1224979098644774913 288230376151711866 2105 2 1224979098644774914 8 5 0 31 2 1224979098644774913 288230376151711861 2105 2 1224979098644774914 4 5 0 31 2 1224979098644774913 288230376151711867 2105 2 1224979098644774914 10 3 0 4 0 2147483678 2 1224979098644774915 55 2105 2 1224979098644774915 1224979098644774914 2110 2 1224979098644774915 55 1721 3 1224979098644774912 1224979098644774915 1 3 0 5 0 1720 2 1224979098644774915 1224979098644774912 2105 2 1224979098644774914 5 2147483678 2 1224979098644774915 100 2105 2 1224979098644774915 1224979098644774914 2110 2 1224979098644774915 100 1721 2 1224979098644774912 1224979098644774915 3 0 1724 2 1224979098644774916 1224979098644774912 401 1 1224979098644774916 2325 2 1 1224979098644774913 2133 2 72057594037927937 1224979098644774914 399 3 1224979098644774916 111 216172782113787572 3 0 2147483678 2 -1 9 
1.500000 0.000000 0.000000  3 417 0 1073741855 2 144115188075856323 2 31 2 144115188075856323 4  34 12 1 1224979098644774912 1712 1 1224979098644774912 1702 1 1224979098644774912 1704 1 1224979098644774912 2147485355 1 1224979098644774912 1710 2 15 1224979098644774912 791 1 15 2124 1 100 722 2 15 180 700 2 16 15 700 2 17 15 4 0 31 2 144115188075856323 4 700 2 18 15 700 2 19 15 700 2 20 15 700 2 21 15 720 2 18 400 720 2 19 -400 721 2 20 400 721 2 21 -400 3 0 722 2 15 -170 722 2 17 2000 4 0 31 2 144115188075856323 4 1 1 936748722493063812 5 0 707 2 16 17 722 2 15 650 1969 3 1008806316530991105 15 140 3 0 3 0 2147483678 2 -1 10 
1.000000 0.000000 0.000000  3 417 0 1073741855 2 144115188075856323 1 31 2 144115188075856323 3  34 12 1 1224979098644774912 1712 1 1224979098644774912 1702 1 1224979098644774912 1704 1 1224979098644774912 2147485355 1 1224979098644774912 1710 2 15 1224979098644774912 791 1 15 2124 1 100 722 2 15 180 700 2 16 15 700 2 17 15 4 0 31 2 144115188075856323 3 700 2 18 15 700 2 19 15 700 2 20 15 700 2 21 15 720 2 18 600 720 2 19 -600 721 2 20 600 721 2 21 -600 3 0 722 2 15 -170 722 2 17 2000 4 0 31 2 144115188075856323 3 1 1 936748722493063811 5 0 707 2 16 17 722 2 15 470 1969 3 1008806316530991104 15 300 3 0 3 0 2147483678 2 -1 11 
-20.000000 0.000000 0.000000  2 417 0 31 2 144115188075856207 0  2 1 1 936748722493063825 2147483678 2 -1 12 
5.000000 0.000000 0.000000  2 417 0 31 2 144115188075856324 1  81 2124 1 100 12 1 1224979098644774912 1712 1 1224979098644774912 1702 1 1224979098644774912 1710 2 3 1224979098644774912 728 2 1224979098644774913 3 2133 2 1224979098644774914 -190 4 0 2147483678 2 1224979098644774913 1224979098644774914 4 0 1712 1 1224979098644774912 1702 1 1224979098644774912 1704 1 1224979098644774912 1714 2 1224979098644774915 1224979098644774912 1712 1 1224979098644774915 1702 1 1224979098644774915 2133 2 1224979098644774914 -280 5 0 1712 1 1224979098644774912 1702 1 1224979098644774912 2147485352 1 1224979098644774912 2133 2 1224979098644774914 -200 3 0 2133 2 1224979098644774916 1152921504606847103 4 0 1712 1 1224979098644774912 1704 1 1224979098644774912 4 0 1718 2 1224979098644774917 1224979098644774912 1506 2 1224979098644774918 1224979098644774917 4 0 1724 2 1224979098644774919 1224979098644774912 401 1 1224979098644774919 442 2 1224979098644774918 1224979098644774919 3 0 4 0 31 2 1224979098644774918 0 2133 2 1224979098644774916 1152921504606847103 5 0 31 2 1224979098644774918 1 2133 2 1224979098644774916 1152921504606847082 3 0 3 0 5 0 1712 1 1224979098644774912 2147485352 1 1224979098644774912 2133 2 1224979098644774916 1152921504606847125 3 0 4 0 2147483680 2 1224979098644774913 1224979098644774914 1712 1 1224979098644774912 1702 1 1224979098644774912 1704 1 1224979098644774912 1720 2 1224979098644774920 1224979098644774912 2121 3 1224979098644774921 1224979098644774920 10 1721 2 1224979098644774912 1224979098644774921 4 0 2147483680 2 1224979098644774921 0 1722 2 1224979098644774912 1224979098644774912 3 0 391 4 126 6 1224979098644774912 1224979098644774916 1724 2 1224979098644774919 1224979098644774912 401 1 1224979098644774919 399 3 1224979098644774919 111 216172782113787429 5 0 2147483680 2 1224979098644774913 1224979098644774914 1712 1 1224979098644774912 1702 1 1224979098644774912 2147485352 1 1224979098644774912 1720 2 1224979098644774920 1224979098644774912 2121 3 1224979098644774921 1224979098644774920 10 1721 2 1224979098644774912 1224979098644774921 4 0 2147483680 2 1224979098644774921 0 1722 2 1224979098644774912 1224979098644774912 3 0 391 4 126 6 1224979098644774912 1224979098644774916 3 0 3 0 3 0 2147483678 2 -1 13 
3.000000 0.000000 100000000.000000  2 417 0 31 2 0 1  35 4 0 2319 1 5 2319 1 6 2133 2 1224979098644774912 0 17 1 1224979098644774913 401 1 1224979098644774913 1073742372 3 1224979098644774913 57 1 1073742372 3 1224979098644774913 58 1 1073742372 3 1224979098644774913 59 1 430 1 1224979098644774913 2105 2 1224979098644774912 1 2350 2 5 1224979098644774913 4 0 31 2 1224979098644774912 1 2320 2 6 216172782113787383 5 0 32 2 1224979098644774912 1 2320 2 6 216172782113787384 3 0 3 0 4 0 31 2 1224979098644774912 0 2320 2 6 1585267068834414750 3 0 2211 1 1224979098644774914 1 2 936748722493063207 1224979098644774914 2320 2 2 216172782113783815 1 2 936748722493063266 144115188075856325 1 2 936748722493063208 72057594037927936 2320 2 3 216172782113783815 2352 1 4 2320 2 1 216172782113787387 1 1 936748722493063787 3 0 2147483678 2 -1 14 
-29.000000 0.000000 0.000000  1 417 0  3 2071 1 1224979098644774912 1 2 936748722493063798 1224979098644774912 2147483678 2 -1 15 
1.000000 0.000000 0.000000  0  15 12 1 1224979098644774912 1712 1 1224979098644774912 1702 1 1224979098644774912 2133 2 1224979098644774913 0 16 3 1224979098644774914 1080863910568919057 1 1840 2 1224979098644774915 1224979098644774914 31 2 1224979098644774915 1 1801 2 1224979098644774914 1224979098644774912 2133 2 1224979098644774913 1 3 0 31 2 1224979098644774913 1 1702 1 1224979098644774912 1755 1 1224979098644774912 3 0 2147483678 2 -1 16 
0.000000 0.000000 3.000000  19 2147484066 0 415 1 1224979098644774912 401 1 1224979098644774912 1073742372 3 1224979098644774912 59 1 430 1 1224979098644774912 406 2 1224979098644774913 1224979098644774912 1712 1 1224979098644774913 1702 1 1224979098644774913 70 1 25 70 1 24 70 1 184 1709 2 1 1224979098644774913 722 2 1 120 1 2 936748722493063821 50 2133 2 144115188075856326 1 1975 3 1008806316530991164 1 1 700 2 3 1 72 1 7 2133 2 144115188075856326 0  1 2147483678 2 -1 17 
0.000000 0.000000 0.000000  21 2147484066 0 2124 1 100 415 1 1224979098644774912 401 1 1224979098644774912 1073742372 3 1224979098644774912 59 1 430 1 1224979098644774912 406 2 1224979098644774913 1224979098644774912 1712 1 1224979098644774913 1702 1 1224979098644774913 31 2 144115188075856326 1 2147483718 1 25 2147483718 1 24 2147483718 1 184 2133 2 144115188075856326 0 4 0 726 2 1224979098644774914 3 727 2 1224979098644774915 3 728 2 1224979098644774916 3 392 5 126 19 1224979098644774914 1224979098644774915 1224979098644774916 600 1 1152921504606846985 3 0  1 2147483678 2 -1 18 
3.000000 0.000000 0.000000  1 417 0  8 17 2 1224979098644774912 1 401 1 1224979098644774912 548 3 1224979098644774912 56 1 2147484086 1 1224979098644774912 394 2 1224979098644774912 79 399 3 1224979098644774912 111 216172782113787534 3 0 2147483678 2 -1 19 
0.000000 0.000000 0.000000  2 2147484066 0 255 0  33 4 0 70 1 29 70 1 56 71 1 63 4 0 31 2 144115188075856327 0 2133 2 144115188075856327 1 1106 1 1585267068834414751 5 0 2133 2 144115188075856327 0 1106 1 1585267068834414752 3 0 3 0 4 0 70 1 29 70 1 56 71 1 64 4 0 31 2 144115188075856327 1 2133 2 144115188075856327 2 1106 1 1585267068834414753 5 0 31 2 144115188075856327 2 2133 2 144115188075856327 1 1106 1 1585267068834414754 3 0 3 0 4 0 31 2 144115188075856327 2 2147484551 1 1513209474796486712 900 1 1513209474796486712 3 0 2147483678 2 -1 20 
0.000000 0.000000 0.000000  2 2147484066 0 1 1 936748722493063808  95 4 0 1073741895 1 22 1073741895 1 23 71 1 65 415 1 1224979098644774912 401 1 1224979098644774912 1073742372 3 1224979098644774912 57 1 1073742372 3 1224979098644774912 58 1 1073742372 3 1224979098644774912 59 1 430 1 1224979098644774912 4 0 71 1 22 2147484551 1 1513209474796486707 900 1 1513209474796486707 5 0 71 1 23 2147484551 1 1513209474796486708 900 1 1513209474796486708 5 0 71 1 65 2147484551 1 1513209474796486706 2147484551 1 1513209474796486682 900 1 1513209474796486706 3 0 3 0 4 0 71 1 25 415 1 1224979098644774912 401 1 1224979098644774912 2147484196 3 1224979098644774912 57 1 2147484196 3 1224979098644774912 58 1 2147484196 3 1224979098644774912 59 1 2147484078 1 1224979098644774912 2147484551 1 1513209474796486706 2147484551 1 1513209474796486682 900 1 1513209474796486711 3 0 4 0 70 1 29 70 1 56 71 1 66 415 1 1224979098644774912 415 1 1224979098644774912 401 1 1224979098644774912 1073742372 3 1224979098644774912 59 1 430 1 1224979098644774912 406 2 1224979098644774913 1224979098644774912 1712 1 1224979098644774913 1702 1 1224979098644774913 390 3 126 22 50 2093 2 1224979098644774913 50 3 0 4 0 70 1 29 70 1 56 71 1 67 415 1 1224979098644774912 401 1 1224979098644774912 1073742372 3 1224979098644774912 59 1 430 1 1224979098644774912 406 2 1224979098644774913 1224979098644774912 1712 1 1224979098644774913 1702 1 1224979098644774913 390 3 126 22 100 2093 2 1224979098644774913 100 3 0 4 0 70 1 29 70 1 56 71 1 68 415 1 1224979098644774912 401 1 1224979098644774912 1073742372 3 1224979098644774912 59 1 430 1 1224979098644774912 406 2 1224979098644774913 1224979098644774912 1712 1 1224979098644774913 1702 1 1224979098644774913 390 3 126 22 200 2093 2 1224979098644774913 200 3 0 4 0 70 1 29 70 1 56 71 1 87 415 1 1224979098644774912 401 1 1224979098644774912 1073742372 3 1224979098644774912 59 1 430 1 1224979098644774912 406 2 1224979098644774913 1224979098644774912 1712 1 1224979098644774913 1702 1 1224979098644774913 390 3 126 22 1000 2093 2 1224979098644774913 1000 3 0 2147483678 2 -1 21 
-28.000000 0.000000 0.000000  3 417 0 2147483679 2 144115188075856325 7 2147483679 2 144115188075856325 0  43 2071 1 1224979098644774912 2072 1 1224979098644774913 2073 1 1224979098644774914 4 0 1712 1 1224979098644774912 1712 1 1224979098644774913 1702 1 1224979098644774912 1702 1 1224979098644774913 4 0 1704 1 1224979098644774912 1704 1 1224979098644774913 1724 2 1224979098644774915 1224979098644774912 1724 2 1224979098644774916 1224979098644774913 401 1 1224979098644774915 401 1 1224979098644774916 2350 2 1 1224979098644774915 2350 2 2 1224979098644774916 402 2 1224979098644774917 1224979098644774915 402 2 1224979098644774918 1224979098644774916 31 2 1224979098644774917 1224979098644774918 2133 2 72057594037927937 1224979098644774914 473 1 216172782113787606 5 0 2133 2 1224979098644774919 1224979098644774912 2147485352 1 1224979098644774919 1704 1 1224979098644774913 1715 2 1224979098644774912 1224979098644774919 1712 1 1224979098644774912 1702 1 1224979098644774912 1724 2 1224979098644774915 1224979098644774912 1724 2 1224979098644774916 1224979098644774913 401 1 1224979098644774915 401 1 1224979098644774916 2350 2 1 1224979098644774915 2350 2 2 1224979098644774916 402 2 1224979098644774917 1224979098644774915 402 2 1224979098644774918 1224979098644774916 31 2 1224979098644774917 1224979098644774918 2133 2 72057594037927937 1224979098644774914 473 1 216172782113787607 3 0 3 0 2147483678 2 -1 22 
10.000000 0.000000 0.000000  2 417 0 31 2 144115188075856328 1  19 12 1 1224979098644774912 1712 1 1224979098644774912 1702 1 1224979098644774912 2147485352 1 1224979098644774912 1715 2 1224979098644774913 1224979098644774912 2147485360 1 1224979098644774913 2370 1 1224979098644774914 4 0 2147484213 3 1224979098644774912 50 1 505 3 1224979098644774912 50 1224979098644774914 5 0 565 3 1224979098644774912 50 1 525 3 1224979098644774915 1224979098644774912 50 2120 3 1224979098644774916 1224979098644774915 144115188075856329 30 2 1224979098644774914 1224979098644774916 1749 1 1224979098644774912 3 0 3 0 2147483678 2 -1 23 
-55.000000 0.000000 0.000000  2 417 0 31 2 144115188075856328 1  8 2072 1 1224979098644774912 4 0 1712 1 1224979098644774912 1702 1 1224979098644774912 2147485352 1 1224979098644774912 505 3 1224979098644774912 50 0 3 0 2147483678 2 -1 24 
0.000000 0.000000 100000000.000000  4 417 0 31 2 144115188075856359 1 2147483679 2 144115188075856325 7 2147483679 2 144115188075856325 0  8 6 3 1224979098644774912 0 1000000 500 3 360287970189640756 1224979098644774912 0 500 3 360287970189640757 1224979098644774912 0 500 3 360287970189640758 1224979098644774912 0 500 3 360287970189640759 1224979098644774912 0 3 0 2133 2 144115188075856360 0 2147483678 2 -1 25 
0.000000 0.000000 0.000000  0  233 417 0 2124 1 100 6 3 1224979098644774912 0 2 4 0 31 2 1224979098644774912 0 2133 2 1224979098644774913 1080863910568919715 5 0 2133 2 1224979098644774913 1080863910568919716 3 0 1810 2 1224979098644774914 1224979098644774913 6 3 1224979098644774915 0 1224979098644774914 1811 3 1224979098644774916 1224979098644774913 1224979098644774915 1850 2 1 1224979098644774916 1851 2 11 1224979098644774916 2120 3 1224979098644774917 11 1224979098644774915 4 0 31 2 1224979098644774912 1 1810 2 1224979098644774918 1080863910568919715 2105 2 1224979098644774917 1224979098644774918 3 0 2107 2 1224979098644774917 10 2120 3 1224979098644774919 1224979098644774917 10 6 3 1224979098644774920 1224979098644774917 1224979098644774919 1782 1 1224979098644774920 2133 2 1224979098644774919 1224979098644774920 3 0 2133 2 1224979098644774921 1224979098644774919 2106 2 1224979098644774919 1 2133 2 72057594037927936 1224979098644774919 2147485430 1 1224979098644774919 4 0 712 3 1224979098644774922 1 11 30 2 1224979098644774922 4 2133 2 1224979098644774923 -1 2133 2 1224979098644774924 -1 6 3 1224979098644774920 1224979098644774917 1224979098644774921 1780 2 4 1224979098644774920 712 3 1224979098644774925 11 4 2147483678 2 1224979098644774925 1224979098644774922 32 2 1224979098644774925 1224979098644774923 2133 2 1224979098644774923 1224979098644774925 2133 2 1224979098644774924 1224979098644774920 3 0 4 0 30 2 1224979098644774924 0 1780 2 5 1224979098644774924 5 0 700 2 5 11 3 0 710 3 1224979098644774926 1 5 4 0 31 2 1224979098644774912 0 1811 3 1224979098644774927 1080863910568919719 1224979098644774915 1811 3 1224979098644774928 1080863910568919720 1224979098644774915 5 0 1811 3 1224979098644774927 1080863910568919717 1224979098644774915 3 0 2122 3 1224979098644774929 1224979098644774915 3 4 0 31 2 1224979098644774913 1080863910568919716 1810 2 1224979098644774918 1080863910568919715 2122 3 1224979098644774930 1224979098644774918 3 2105 2 1224979098644774929 1224979098644774930 3 0 1811 3 1224979098644774931 1080863910568919722 1224979098644774929 2105 2 1224979098644774929 1 1811 3 1224979098644774932 1080863910568919722 1224979098644774929 2105 2 1224979098644774929 1 1811 3 1224979098644774933 1080863910568919722 1224979098644774929 701 1 17 721 2 17 -225 716 3 18 1 17 721 2 17 -225 716 3 19 1 17 2133 2 1224979098644774934 0 400 1 1224979098644774935 6 3 1224979098644774936 0 1224979098644774935 401 1 1224979098644774936 406 2 1224979098644774937 1224979098644774936 30 2 1224979098644774937 0 1770 2 1224979098644774938 1224979098644774937 31 2 1224979098644774938 1 1714 2 1224979098644774939 1224979098644774937 31 2 1224979098644774939 -1 1710 2 2 1224979098644774937 713 3 1224979098644774940 18 2 2147483678 2 1224979098644774940 36 2147485449 2 1224979098644774916 1224979098644774937 2147485449 2 1224979098644774927 1224979098644774937 1073741855 2 1224979098644774912 1 2147485449 2 1224979098644774928 1224979098644774937 2147485449 2 1224979098644774931 1224979098644774937 2147485449 2 1224979098644774932 1224979098644774937 2147485449 2 1224979098644774933 1224979098644774937 2147484362 2 2 19 714 2 2 1 2105 2 1224979098644774934 1 3 0 2110 2 1224979098644774934 16 4 0 530 3 1224979098644774941 1224979098644774916 3 530 3 1224979098644774942 1224979098644774916 4 3221225503 2 1224979098644774941 1224979098644774934 2147483679 2 1224979098644774942 1224979098644774924 4 0 31 2 1224979098644774942 1224979098644774924 1862 2 1224979098644774943 1224979098644774916 31 2 1224979098644774943 1 2122 3 1224979098644774944 144115188075856377 100 2125 2 1224979098644774944 1224979098644774944 2110 2 1224979098644774944 300 2133 2 1224979098644774945 1224979098644774926 2107 2 1224979098644774945 1224979098644774944 2108 2 1224979098644774945 100 2107 2 1224979098644774945 4 3 0 4 0 30 2 1224979098644774924 0 701 1 9 730 2 9 -500 729 2 9 -300 716 3 10 5 9 792 2 1224979098644774946 10 701 1 9 730 2 9 -500 729 2 9 300 716 3 10 5 9 792 2 1224979098644774947 10 2120 3 1224979098644774948 1224979098644774946 1224979098644774947 2107 2 1224979098644774948 100 2123 3 1224979098644774949 1224979098644774948 24 701 1 20 738 2 20 1224979098644774949 716 3 23 5 20 701 1 9 729 2 9 -300 716 3 10 5 9 792 2 1224979098644774950 10 701 1 9 729 2 9 300 716 3 10 5 9 792 2 1224979098644774951 10 2121 3 1224979098644774946 1224979098644774950 1224979098644774951 701 1 9 729 2 9 -300 730 2 9 -500 716 3 10 5 9 792 2 1224979098644774950 10 701 1 9 729 2 9 300 730 2 9 -500 716 3 10 5 9 792 2 1224979098644774951 10 2121 3 1224979098644774947 1224979098644774950 1224979098644774951 2120 3 1224979098644774948 1224979098644774946 1224979098644774947 2107 2 1224979098644774948 100 2123 3 1224979098644774949 1224979098644774948 24 2107 2 1224979098644774949 -1 701 1 20 739 2 20 1224979098644774949 716 3 22 23 20 5 0 700 2 22 5 3 0 4 0 30 2 1224979098644774934 1 2122 3 1224979098644774944 1224979098644774934 100 2125 2 1224979098644774944 1224979098644774944 2110 2 1224979098644774944 300 2107 2 1224979098644774926 100 2107 2 1224979098644774926 3 2108 2 1224979098644774926 1224979098644774944 1850 2 6 1224979098644774927 717 3 7 1 6 716 3 8 22 7 1860 3 1224979098644774927 8 1224979098644774926 4 0 31 2 1224979098644774912 0 1850 2 6 1224979098644774928 717 3 7 1 6 716 3 8 22 7 1860 3 1224979098644774928 8 1224979098644774926 3 0 2122 3 1224979098644774952 1224979098644774926 -25 2133 2 144115188075856377 1224979098644774934 1850 2 13 1224979098644774931 1850 2 20 1224979098644774916 717 3 7 20 13 716 3 21 22 7 1865 4 1224979098644774931 21 1224979098644774926 1224979098644774952 1850 2 13 1224979098644774932 1850 2 20 1224979098644774916 717 3 7 20 13 716 3 21 22 7 1865 4 1224979098644774932 21 1224979098644774926 1224979098644774952 1850 2 13 1224979098644774933 1850 2 20 1224979098644774916 717 3 7 20 13 716 3 21 22 7 1865 4 1224979098644774933 21 1224979098644774926 1224979098644774952 1860 3 1224979098644774916 22 1224979098644774926 5 0 1862 2 1224979098644774943 1224979098644774916 31 2 1224979098644774943 1 1861 1 1224979098644774927 4 0 31 2 1224979098644774912 0 1861 1 1224979098644774928 3 0 1861 1 1224979098644774931 1861 1 1224979098644774932 1861 1 1224979098644774933 1861 1 1224979098644774916 3 0 510 3 1224979098644774916 3 1224979098644774934 510 3 1224979098644774916 4 1224979098644774924 3 0 5 0 2147483680 2 1224979098644774922 4 550 3 1224979098644774916 5 0 510 3 1224979098644774916 5 1 4 0 31 2 1224979098644774912 0 1811 3 1224979098644774927 1080863910568919719 1224979098644774915 5 0 1811 3 1224979098644774927 1080863910568919717 1224979098644774915 3 0 1851 2 0 1224979098644774927 1860 3 1224979098644774927 0 400 3 0 3 0 3 0 2147483678 2 -1 26 
-25.000000 0.000000 0.000000  0  4 2071 1 1224979098644774912 1718 2 1224979098644774913 1224979098644774912 1 4 936748722493063580 1729382256910270468 1224979098644774912 1224979098644774913 2147483678 2 -1 27 
1.000000 5.000000 0.000000  9 417 0 31 2 144115188075856344 1 31 2 144115188075856345 0 2370 1 1224979098644774912 2120 3 1224979098644774913 144115188075856346 144115188075856347 1073741855 2 1224979098644774913 144115188075856348 1073741857 3 144115188075856349 1 3 32 2 1224979098644774912 144115188075856350 1 1 936748722493063258  9 2133 2 144115188075856344 0 4 0 1073741855 2 144115188075856351 0 31 2 144115188075856351 3 1 2 936748722493063266 144115188075856325 470 3 72057594037927936 144115188075856352 1 1 1 936748722493063174 3 0 2147483678 2 -1 28 
-15.000000 0.000000 0.000000  0  27 2071 1 1224979098644774912 1 2 936748722493063233 1224979098644774912 4 0 417 0 1073742225 1 1224979098644774912 31 2 1224979098644774912 0 2370 1 1224979098644774913 2106 2 1224979098644774913 144115188075856361 4 0 2147483678 2 1224979098644774913 25 2133 2 1224979098644774914 0 5 0 2147483678 2 1224979098644774913 60 2133 2 1224979098644774914 1 5 0 2147483678 2 1224979098644774913 105 2133 2 1224979098644774914 2 5 0 2147483678 2 1224979098644774913 160 2133 2 1224979098644774914 3 5 0 2133 2 1224979098644774914 144115188075856378 3 0 508 3 1224979098644774912 39 1224979098644774914 395 3 1224979098644774912 89 1224979098644774914 3 0 2147483678 2 -1 29 
-19.000000 0.000000 0.000000  0  24 2133 2 144115188075856325 6 1 1 936748722493063234 4 0 417 0 6 3 1224979098644774912 176 186 500 3 360287970189640518 1224979098644774912 -1 3 0 2133 2 144115188075856379 0 5 0 2133 2 144115188075856379 0 3 0 2133 2 144115188075856358 0 2133 2 144115188075856203 0 4 0 417 0 2133 2 144115188075856361 0 3 0 2133 2 144115188075856380 -1 2133 2 144115188075856381 0 1 1 936748722493063272 1 1 936748722493063277 1 1 936748722493063276 1 1 936748722493063275 2147483678 2 -1 30 
-20.000000 0.000000 0.000000  0  57 1 2 936748722493063224 0 426 2 0 -1 426 2 1 -1 1 1 936748722493063221 1 1 936748722493063237 2133 2 144115188075856368 0 4 0 417 0 2133 2 144115188075856333 1 1780 2 1 66 1970 1 1 1974 2 1080863910568919947 0 722 2 1 900 1970 1 1 1974 2 144115188075856366 0 2120 3 1224979098644774912 146 144115188075856368 500 3 360287970189640518 1224979098644774912 1 3 0 2105 2 144115188075856368 1 4 0 417 0 1810 2 1224979098644774913 1080863910568919715 6 3 1224979098644774914 0 1224979098644774913 1811 3 1224979098644774915 1080863910568919715 1224979098644774914 510 3 1224979098644774915 5 1 3 0 1810 2 1224979098644774913 1080863910568919716 6 3 1224979098644774914 0 1224979098644774913 1811 3 1224979098644774915 1080863910568919716 1224979098644774914 510 3 1224979098644774915 5 1 3 0 1 2 936748722493063238 1080863910568919715 1 2 936748722493063238 1080863910568919716 1810 2 1224979098644774913 1080863910568919715 6 3 1224979098644774914 0 1224979098644774913 1811 3 1224979098644774915 1080863910568919715 1224979098644774914 510 3 1224979098644774915 3 0 510 3 1224979098644774915 4 0 3 0 1810 2 1224979098644774913 1080863910568919716 6 3 1224979098644774914 0 1224979098644774913 1811 3 1224979098644774915 1080863910568919716 1224979098644774914 510 3 1224979098644774915 3 0 510 3 1224979098644774915 4 0 3 0 1810 2 1224979098644774913 1080863910568919715 6 3 1224979098644774914 0 1224979098644774913 1811 3 1224979098644774915 1080863910568919715 1224979098644774914 510 3 1224979098644774915 5 0 3 0 1810 2 1224979098644774913 1080863910568919716 6 3 1224979098644774914 0 1224979098644774913 1811 3 1224979098644774915 1080863910568919716 1224979098644774914 510 3 1224979098644774915 5 0 3 0 3 0 2147483678 2 -1 31 
-25.000000 0.000000 0.000000  0  38 2071 1 1224979098644774912 1 2 936748722493063232 1224979098644774912 4 0 2147483678 2 144115188075856380 0 415 1 1224979098644774913 30 2 1224979098644774913 0 406 2 1224979098644774914 1224979098644774913 31 2 1224979098644774914 1224979098644774912 30 2 1224979098644774914 0 1770 2 144115188075856380 1224979098644774914 3 0 4 0 2147484065 0 4 0 31 2 144115188075856203 1 2133 2 144115188075856203 0 2133 2 144115188075856379 0 1 1 936748722493063221 1 1 936748722493063272 1 1 936748722493063249 3 0 3 0 4 0 415 1 1224979098644774913 30 2 1224979098644774913 0 406 2 1224979098644774914 1224979098644774913 31 2 1224979098644774914 1224979098644774912 2105 2 144115188075856379 1 4 0 30 2 144115188075856379 144115188075856378 32 2 144115188075856378 0 415 1 1224979098644774913 402 2 1224979098644774915 1224979098644774913 31 2 1224979098644774915 0 2133 2 144115188075856379 999 3 0 3 0 2147483678 2 -1 32 
-26.000000 0.000000 0.000000  0  19 2071 1 1224979098644774912 2072 1 1224979098644774913 1 3 936748722493063235 1224979098644774912 1224979098644774913 4 0 2147483678 2 144115188075856380 0 415 1 1224979098644774914 30 2 1224979098644774914 0 406 2 1224979098644774915 1224979098644774914 30 2 1224979098644774915 0 1770 2 144115188075856380 1224979098644774915 3 0 4 0 417 0 1704 1 1224979098644774912 2147485355 1 1224979098644774912 1724 2 1224979098644774916 1224979098644774912 508 3 1224979098644774916 0 0 3 0 2147483678 2 -1 33 
-16.000000 0.000000 0.000000  0  4 1 1 936748722493063278 2133 2 144115188075856334 0 900 1 1513209474796486674 2147483678 2 -1 34 
0.000000 0.000000 0.000000  0  89 417 0 31 2 144115188075856203 0 6 3 1224979098644774912 0 144115188075856368 2120 3 1224979098644774913 156 1224979098644774912 520 3 1224979098644774914 360287970189640518 1224979098644774913 2123 3 1224979098644774915 1224979098644774914 100 2119 3 1224979098644774916 1224979098644774914 100 2133 2 1224979098644774917 0 2133 2 1224979098644774918 0 1811 3 1224979098644774919 1080863910568919947 1224979098644774912 1850 2 0 1224979098644774919 400 1 1224979098644774920 6 3 1224979098644774921 0 1224979098644774920 401 1 1224979098644774921 406 2 1224979098644774922 1224979098644774921 30 2 1224979098644774922 0 1702 1 1224979098644774922 1770 2 1224979098644774923 1224979098644774922 1710 2 1 1224979098644774922 712 3 1224979098644774924 0 1 715 3 1224979098644774925 0 1 2105 2 1224979098644774924 1224979098644774925 2147483678 2 1224979098644774924 1600 4 0 31 2 1224979098644774923 0 2105 2 1224979098644774917 1 5 0 31 2 1224979098644774923 1 2105 2 1224979098644774918 1 3 0 3 0 4 0 3221225503 2 1224979098644774915 1224979098644774917 2147483679 2 1224979098644774916 1224979098644774918 2120 3 1224979098644774926 176 1224979098644774912 520 3 1224979098644774927 360287970189640518 1224979098644774926 2119 3 1224979098644774928 1224979098644774927 100 2123 3 1224979098644774929 1224979098644774927 100 4 0 31 2 1224979098644774916 0 32 2 1224979098644774918 0 31 2 1224979098644774917 0 2133 2 1224979098644774930 2 2122 3 1224979098644774931 1224979098644774930 100 500 3 360287970189640518 1224979098644774926 1224979098644774931 3221225503 2 1224979098644774929 1224979098644774930 30 2 1224979098644774928 25 2122 3 1224979098644774932 1224979098644774930 100 2105 2 1224979098644774932 1224979098644774912 3 0 4 0 2122 3 1224979098644774914 1224979098644774917 100 2105 2 1224979098644774914 1224979098644774918 500 3 360287970189640518 1224979098644774913 1224979098644774914 400 1 1224979098644774920 1 3 936748722493063229 1224979098644774912 1224979098644774914 6 3 1224979098644774921 1 1224979098644774920 401 1 1224979098644774921 396 4 1224979098644774921 73 1224979098644774912 1224979098644774914 3 0 3 0 3 0 3 0 6 3 1224979098644774912 0 144115188075856368 31 2 144115188075856203 0 31 2 144115188075856381 0 1811 3 1224979098644774919 1080863910568919947 1224979098644774912 1850 2 0 1224979098644774919 4 0 1811 3 1224979098644774933 144115188075856366 1224979098644774912 1850 2 1 1224979098644774933 4 0 712 3 1224979098644774924 0 1 2147483678 2 1224979098644774924 400 1862 2 1224979098644774934 1224979098644774933 31 2 1224979098644774934 1 2133 2 144115188075856382 1 1861 1 1224979098644774933 400 1 1224979098644774920 1 2 936748722493063252 144115188075856382 6 3 1224979098644774921 1 1224979098644774920 401 1 1224979098644774921 395 3 1224979098644774921 69 144115188075856382 3 0 2133 2 144115188075856381 1 3 0 3 0 3 0 2147483678 2 -1 35 
0.000000 0.000000 0.000000  0  23 2133 2 1224979098644774912 144115188075856354 2133 2 1224979098644774913 144115188075856356 400 1 1224979098644774914 6 3 1224979098644774915 0 1224979098644774914 401 1 1224979098644774915 402 2 1224979098644774916 1224979098644774915 4 0 31 2 1224979098644774916 0 2105 2 1224979098644774912 1 5 0 31 2 1224979098644774916 1 2105 2 1224979098644774913 1 3 0 3 0 4 0 1073741855 2 1224979098644774912 0 31 2 1224979098644774913 0 2370 1 1224979098644774917 2106 2 1224979098644774917 144115188075856361 2147483680 2 1224979098644774917 2 2370 1 144115188075856361 3 0 2147483678 2 -1 36 
1.000000 0.000000 0.000000  6 417 0 31 2 144115188075856203 0 31 2 144115188075856381 0 2370 1 1224979098644774912 2121 3 1224979098644774913 1224979098644774912 144115188075856361 30 2 1224979098644774913 144115188075856383  18 2133 2 1224979098644774912 0 2120 3 1224979098644774913 156 1224979098644774912 520 3 1224979098644774914 360287970189640518 1224979098644774913 2119 3 1224979098644774915 1224979098644774914 100 4 0 31 2 1224979098644774915 0 2370 1 144115188075856362 2133 2 144115188075856203 1 2133 2 144115188075856381 1 2133 2 144115188075856382 0 400 1 1224979098644774916 1 2 936748722493063252 144115188075856382 6 3 1224979098644774917 1 1224979098644774916 401 1 1224979098644774917 395 3 1224979098644774917 69 144115188075856382 3 0 3 0 2147483678 2 -1 37 
1.000000 0.000000 0.000000  0  13 417 0 6 3 1224979098644774912 0 144115188075856368 2120 3 1224979098644774913 176 1224979098644774912 520 3 1224979098644774914 360287970189640518 1224979098644774913 2119 3 1224979098644774915 1224979098644774914 100 4 0 30 2 1224979098644774914 100 2147483678 2 1224979098644774915 25 2105 2 1224979098644774914 1 500 3 360287970189640518 1224979098644774913 1224979098644774914 3 0 3 0 2147483678 2 -1 38 
10.000000 0.000000 0.000000  1 417 0  41 2133 2 1224979098644774912 0 2133 2 1224979098644774913 0 400 1 1224979098644774914 6 3 1224979098644774915 0 1224979098644774914 401 1 1224979098644774915 402 2 1224979098644774916 1224979098644774915 4 0 31 2 1224979098644774916 0 2105 2 1224979098644774912 1 5 0 31 2 1224979098644774916 1 2105 2 1224979098644774913 1 3 0 3 0 2121 3 1224979098644774917 1224979098644774912 1224979098644774913 2133 2 1224979098644774918 0 4 0 4 0 2122 3 1224979098644774919 144115188075856384 -1 2147483680 2 1224979098644774917 1224979098644774919 2123 3 1224979098644774918 1224979098644774917 -2 5 0 30 2 1224979098644774917 144115188075856384 2123 3 1224979098644774918 1224979098644774917 2 3 0 3 0 4 0 32 2 1224979098644774918 0 4 0 31 2 144115188075856385 0 2133 2 144115188075856385 1 1 3 936748722493063250 3 0 400 1 1224979098644774914 6 3 1224979098644774920 1 1224979098644774914 401 1 1224979098644774920 395 3 1224979098644774920 68 3 3 0 1 1 936748722493063210 3 0 3 0 2147483678 2 -1 39 
1.000000 0.000000 3.000000  5 417 0 31 2 144115188075856203 1 2370 1 1224979098644774912 2106 2 1224979098644774912 144115188075856362 30 2 1224979098644774912 144115188075856343  181 2133 2 1224979098644774912 0 2133 2 1224979098644774913 0 400 1 1224979098644774914 6 3 1224979098644774915 0 1224979098644774914 401 1 1224979098644774915 402 2 1224979098644774916 1224979098644774915 4 0 31 2 1224979098644774916 0 2105 2 1224979098644774912 1 5 0 31 2 1224979098644774916 1 2105 2 1224979098644774913 1 3 0 3 0 2121 3 1224979098644774917 1224979098644774912 1224979098644774913 2133 2 1224979098644774918 0 4 0 4 0 2122 3 1224979098644774919 144115188075856384 -1 2147483680 2 1224979098644774917 1224979098644774919 2123 3 1224979098644774918 1224979098644774917 -2 2133 2 1224979098644774920 1 2133 2 1224979098644774921 0 5 0 30 2 1224979098644774917 144115188075856384 2123 3 1224979098644774918 1224979098644774917 2 2133 2 1224979098644774920 0 2133 2 1224979098644774921 1 3 0 3 0 4 0 32 2 1224979098644774918 0 4 0 6 3 1224979098644774922 0 1224979098644774918 2133 2 1224979098644774923 0 2133 2 1224979098644774924 -1 400 1 1224979098644774914 6 3 1224979098644774925 0 1224979098644774914 401 1 1224979098644774925 402 2 1224979098644774916 1224979098644774925 31 2 1224979098644774916 1224979098644774920 528 3 1224979098644774926 1224979098644774925 21 4 0 32 2 1224979098644774926 1224979098644774923 2133 2 1224979098644774923 1224979098644774926 2133 2 1224979098644774924 1224979098644774925 3 0 3 0 4 0 30 2 1224979098644774924 0 4 0 406 2 1224979098644774927 1224979098644774924 30 2 1224979098644774927 0 1702 1 1224979098644774927 433 2 1224979098644774928 1224979098644774924 2105 2 1224979098644774928 1 434 2 1224979098644774924 1224979098644774928 435 2 1224979098644774929 1224979098644774924 2106 2 1224979098644774929 1 436 2 1224979098644774924 1224979098644774929 431 2 1224979098644774930 1224979098644774924 2105 2 1224979098644774930 1 432 2 1224979098644774924 1224979098644774930 6 3 1224979098644774925 1 1224979098644774914 401 1 1224979098644774925 398 6 1224979098644774925 86 1224979098644774924 1224979098644774930 1224979098644774928 1224979098644774929 3 0 460 2 1224979098644774931 1224979098644774924 407 2 1224979098644774932 1224979098644774924 2105 2 1224979098644774932 1224979098644774931 408 3 1224979098644774924 1224979098644774932 15000 3 0 405 2 1224979098644774924 -1 403 2 1224979098644774924 1224979098644774921 394 2 1224979098644774924 79 3 0 3 0 1 3 936748722493063250 2 0 415 1 1224979098644774933 400 1 1224979098644774914 6 3 1224979098644774925 0 1224979098644774914 401 1 1224979098644774925 2147483679 2 1224979098644774933 1224979098644774925 395 3 1224979098644774925 68 2 3 0 2133 2 144115188075856385 0 3 0 3 0 2133 2 144115188075856385 0 400 1 1224979098644774914 6 3 1224979098644774925 0 1224979098644774914 401 1 1224979098644774925 508 3 1224979098644774925 0 0 508 3 1224979098644774925 25 0 406 2 1224979098644774934 1224979098644774925 30 2 1224979098644774934 0 1702 1 1224979098644774934 459 1 1224979098644774925 460 2 1224979098644774931 1224979098644774925 508 3 1224979098644774925 1 1224979098644774931 3 0 2133 2 1224979098644774935 500 2107 2 1224979098644774935 144115188075856386 2108 2 1224979098644774935 100 400 1 1224979098644774914 6 3 1224979098644774925 0 1224979098644774914 401 1 1224979098644774925 407 2 1224979098644774932 1224979098644774925 402 2 1224979098644774916 1224979098644774925 4 0 1073741855 2 1224979098644774916 0 31 2 1224979098644774916 1 2105 2 1224979098644774932 1224979098644774935 3 0 4 0 528 3 1224979098644774931 1224979098644774925 1 2120 3 1224979098644774936 1224979098644774932 1224979098644774931 2122 3 1224979098644774937 144115188075856387 10 2147483678 2 1224979098644774936 1224979098644774937 2121 3 1224979098644774938 1224979098644774937 1224979098644774936 2105 2 1224979098644774932 1224979098644774938 3 0 408 3 1224979098644774925 1224979098644774932 15000 3 0 2133 2 144115188075856380 -1 416 0 1 1 936748722493063830 2133 2 144115188075856379 0 400 1 1224979098644774914 6 3 1224979098644774925 0 1224979098644774914 401 1 1224979098644774925 508 3 1224979098644774925 39 0 3 0 1 1 936748722493063248 1 1 936748722493063272 1 1 936748722493063236 1 1 936748722493063824 1 1 936748722493063826 1 1 936748722493063237 1 2 936748722493063238 1080863910568919715 1 2 936748722493063238 1080863910568919716 1810 2 1224979098644774939 1080863910568919715 6 3 1224979098644774940 0 1224979098644774939 1811 3 1224979098644774941 1080863910568919715 1224979098644774940 510 3 1224979098644774941 3 0 510 3 1224979098644774941 4 0 3 0 1810 2 1224979098644774939 1080863910568919715 6 3 1224979098644774940 0 1224979098644774939 1811 3 1224979098644774941 1080863910568919715 1224979098644774940 510 3 1224979098644774941 5 0 3 0 1810 2 1224979098644774939 1080863910568919716 6 3 1224979098644774940 0 1224979098644774939 1811 3 1224979098644774941 1080863910568919716 1224979098644774940 510 3 1224979098644774941 3 0 510 3 1224979098644774941 4 0 3 0 1810 2 1224979098644774939 1080863910568919716 6 3 1224979098644774940 0 1224979098644774939 1811 3 1224979098644774941 1080863910568919716 1224979098644774940 510 3 1224979098644774941 5 0 3 0 6 3 1224979098644774942 0 144115188075856368 1811 3 1224979098644774943 1080863910568919947 1224979098644774942 1850 2 1 1224979098644774943 722 2 1 900 1811 3 1224979098644774944 144115188075856366 1224979098644774942 1861 1 1224979098644774944 1855 2 1224979098644774944 1 3 0 2133 2 144115188075856203 0 2370 1 144115188075856361 1 1 936748722493063221 400 1 1224979098644774914 6 3 1224979098644774925 0 1224979098644774914 401 1 1224979098644774925 395 3 1224979098644774925 78 -9999 3 0 2133 2 144115188075856381 0 2147483678 2 -1 40 
1.000000 0.000000 0.000000  0  117 417 0 400 1 1224979098644774912 6 3 1224979098644774913 0 1224979098644774912 401 1 1224979098644774913 2147484086 1 1224979098644774913 548 3 1224979098644774913 0 0 402 2 1224979098644774914 1224979098644774913 2147483678 2 1224979098644774914 2 404 2 1224979098644774915 1224979098644774913 30 2 1224979098644774915 0 406 2 1224979098644774916 1224979098644774913 2133 2 1224979098644774917 0 2133 2 1224979098644774918 0 2133 2 1224979098644774919 0 4 0 2133 2 1224979098644774920 0 400 1 1224979098644774912 6 3 1224979098644774921 0 1224979098644774912 401 1 1224979098644774921 402 2 1224979098644774922 1224979098644774921 4 0 31 2 1224979098644774922 0 2105 2 1224979098644774918 1 5 0 31 2 1224979098644774922 1 2105 2 1224979098644774919 1 3 0 2105 2 1224979098644774920 1 3 0 2370 1 1224979098644774923 2106 2 1224979098644774923 144115188075856361 31 2 144115188075856203 0 4 0 2147483678 2 1224979098644774916 0 4 0 31 2 1224979098644774914 0 528 3 1224979098644774924 1224979098644774913 28 2370 1 1224979098644774925 2121 3 1224979098644774926 1224979098644774925 1224979098644774924 2133 2 1224979098644774927 144115188075856343 2105 2 1224979098644774927 27 2147483678 2 1224979098644774926 1224979098644774927 2121 3 1224979098644774923 1224979098644774925 144115188075856361 30 2 1224979098644774923 30 32 2 1224979098644774920 2 2122 3 1224979098644774928 1224979098644774918 1224979098644774919 2147483679 2 1224979098644774928 0 2133 2 1224979098644774917 0 5 0 2133 2 1224979098644774917 1 3 0 5 0 1760 2 1224979098644774926 1224979098644774916 2133 2 1224979098644774927 144115188075856343 4 0 31 2 1224979098644774914 0 2105 2 1224979098644774927 27 3 0 1073741856 2 1224979098644774926 1224979098644774927 548 3 1224979098644774913 25 0 2133 2 1224979098644774917 1 3 0 3 0 528 3 1224979098644774929 1224979098644774913 39 4 0 32 2 144115188075856378 0 4 0 31 2 1224979098644774917 1 31 2 1224979098644774914 0 30 2 1224979098644774929 144115188075856378 2133 2 1224979098644774917 0 5 0 31 2 1224979098644774917 1 31 2 1224979098644774914 1 30 2 1224979098644774929 999 2133 2 1224979098644774917 0 3 0 3 0 31 2 1224979098644774917 1 1 2 936748722493063295 1224979098644774913 528 3 1224979098644774929 1224979098644774913 39 2105 2 1224979098644774929 1 508 3 1224979098644774913 39 1224979098644774929 4 0 30 2 1224979098644774929 144115188075856378 32 2 144115188075856378 0 31 2 1224979098644774914 0 2133 2 1224979098644774929 999 508 3 1224979098644774913 39 1224979098644774929 3 0 2133 2 1224979098644774930 0 422 3 1224979098644774931 1224979098644774913 8 4 0 1073741857 3 1224979098644774931 288230376151711886 288230376151711895 1073741855 2 1224979098644774931 288230376151712344 31 2 1224979098644774931 288230376151712345 2133 2 1224979098644774930 1 3 0 4 0 2147483678 2 1224979098644774923 20 4 0 31 2 1224979098644774914 0 1 4 936748722493063293 1224979098644774914 1 1224979098644774930 2133 2 1224979098644774932 72057594037927936 5 0 31 2 1224979098644774914 1 2133 2 1224979098644774932 32 3 0 5 0 1 4 936748722493063293 1224979098644774914 0 1224979098644774930 2133 2 1224979098644774932 72057594037927936 3 0 409 2 1224979098644774913 1224979098644774932 508 3 1224979098644774913 0 1 508 3 1224979098644774913 25 1 3 0 2147483678 2 -1 41 
1.000000 0.000000 0.000000  0  32 417 0 2370 1 1224979098644774912 30 2 1224979098644774912 2 2133 2 1224979098644774913 0 2133 2 1224979098644774914 0 12 1 1224979098644774915 1707 1 1224979098644774915 1704 1 1224979098644774915 2133 2 1224979098644774916 0 4 0 1702 1 1224979098644774915 2133 2 1224979098644774916 1 5 0 1760 2 1224979098644774917 1224979098644774915 2147483680 2 1224979098644774917 144115188075856343 2133 2 1224979098644774916 1 3 0 31 2 1224979098644774916 1 1770 2 1224979098644774918 1224979098644774915 4 0 31 2 1224979098644774918 0 2105 2 1224979098644774913 1 5 0 31 2 1224979098644774918 1 2105 2 1224979098644774914 1 3 0 3 0 2121 3 144115188075856353 144115188075856354 1224979098644774913 2121 3 144115188075856355 144115188075856356 1224979098644774914 2111 2 144115188075856353 0 2111 2 144115188075856355 0 2147483678 2 -1 42 
0.000000 0.000000 0.000000  0  120 417 0 31 2 144115188075856333 1 2120 3 1224979098644774912 144115188075856353 144115188075856355 4 0 32 2 1224979098644774912 0 4 0 1073741855 2 144115188075856325 2 1073741855 2 144115188075856325 3 31 2 144115188075856325 6 455 2 1224979098644774913 0 455 2 1224979098644774914 1 2120 3 1224979098644774915 1224979098644774913 1224979098644774914 31 2 1224979098644774915 0 2370 1 1224979098644774916 2106 2 1224979098644774916 144115188075856361 2147483678 2 1224979098644774916 20 2133 2 1224979098644774917 0 5 0 2133 2 1224979098644774917 1 3 0 31 2 1224979098644774917 1 2136 3 1224979098644774918 0 1224979098644774912 2106 2 1224979098644774918 144115188075856353 4 0 2147483678 2 1224979098644774918 0 2133 2 1224979098644774919 0 5 0 2133 2 1224979098644774919 1 3 0 4 0 1073741855 2 144115188075856325 2 31 2 144115188075856325 3 2370 1 1224979098644774916 2106 2 1224979098644774916 144115188075856361 4 0 2147483680 2 1224979098644774916 20 2133 2 1224979098644774920 0 5 0 2133 2 1224979098644774920 1 3 0 5 0 2133 2 1224979098644774920 1 3 0 1 3 936748722493063291 1224979098644774919 1224979098644774920 2133 2 1224979098644774921 72057594037927936 2133 2 1224979098644774922 72057594037927937 458 2 1224979098644774923 1224979098644774919 2133 2 1224979098644774924 0 6 3 1224979098644774925 360287970189640531 360287970189640549 2173 2 1224979098644774926 1224979098644774925 31 2 1224979098644774926 1224979098644774923 2105 2 1224979098644774924 1 3 0 2133 2 1224979098644774927 0 400 1 1224979098644774928 6 3 1224979098644774929 0 1224979098644774928 401 1 1224979098644774929 402 2 1224979098644774930 1224979098644774929 31 2 1224979098644774919 1224979098644774930 2133 2 1224979098644774931 0 2120 3 1224979098644774932 35 1224979098644774924 6 3 1224979098644774933 35 1224979098644774932 568 3 1224979098644774929 1224979098644774933 1 2133 2 1224979098644774931 1 2133 2 1224979098644774932 0 3 0 30 2 1224979098644774931 1 2105 2 1224979098644774927 1 3 0 4 0 1073741854 2 1224979098644774922 0 31 2 1224979098644774927 0 1541 3 1224979098644774934 1224979098644774921 8 4 0 30 2 1224979098644774934 0 2133 2 1224979098644774935 1 5 0 2133 2 1224979098644774935 0 3 0 4 0 31 2 144115188075856325 6 2370 1 1224979098644774916 2106 2 1224979098644774916 144115188075856361 4 0 2147483678 2 1224979098644774916 20 4 0 31 2 1224979098644774919 0 1 4 936748722493063293 1224979098644774919 1 1224979098644774935 5 0 2133 2 72057594037927936 32 3 0 5 0 1 4 936748722493063293 1224979098644774919 0 1224979098644774935 3 0 5 0 1073741855 2 144115188075856325 2 31 2 144115188075856325 3 4 0 31 2 1224979098644774919 0 2133 2 72057594037927936 0 5 0 2133 2 72057594037927936 32 3 0 5 0 1 4 936748722493063293 1224979098644774919 0 1224979098644774935 3 0 2211 1 1224979098644774936 1261 1 1224979098644774936 1265 5 72057594037927936 1224979098644774921 1 1224979098644774919 1224979098644774922 2133 2 144115188075856333 0 4 0 31 2 1224979098644774919 0 2106 2 144115188075856353 1 5 0 31 2 1224979098644774919 1 2106 2 144115188075856355 1 3 0 3 0 3 0 2147483678 2 -1 43 
3.000000 0.000000 0.000000  0  17 417 0 12 1 1224979098644774912 1707 1 1224979098644774912 1704 1 1224979098644774912 1702 1 1224979098644774912 1765 2 1224979098644774913 1224979098644774912 4 0 2147484049 1 1224979098644774913 1 2 936748722493063292 1224979098644774912 5 0 402 2 1224979098644774914 1224979098644774913 1770 2 1224979098644774915 1224979098644774912 2147483679 2 1224979098644774914 1224979098644774915 1 2 936748722493063292 1224979098644774912 3 0 3 0 2147483678 2 -1 44 
1.000000 0.000000 0.000000  0  75 417 0 2133 2 1224979098644774912 0 4 0 31 2 144115188075856325 8 4 0 31 2 144115188075856203 1 2133 2 1224979098644774912 1 3 0 5 0 1073741855 2 144115188075856325 2 1073741855 2 144115188075856325 3 31 2 144115188075856325 6 4 0 31 2 144115188075856203 1 2370 1 1224979098644774913 2106 2 1224979098644774913 144115188075856362 2121 3 1224979098644774914 144115188075856343 1 30 2 1224979098644774913 1224979098644774914 2370 1 1224979098644774915 4 0 1073741855 2 144115188075856325 2 31 2 144115188075856325 3 2133 2 1224979098644774916 90 5 0 2133 2 1224979098644774916 120 3 0 2122 3 1224979098644774917 144115188075856330 60 2121 3 1224979098644774918 1224979098644774917 1224979098644774916 32 2 1224979098644774915 1224979098644774918 2133 2 1224979098644774912 1 3 0 31 2 1224979098644774912 1 5 0 2147483679 2 144115188075856325 2 2147483679 2 144115188075856325 3 2147483679 2 144115188075856325 6 2147483679 2 144115188075856325 5 2370 1 1224979098644774915 2122 3 1224979098644774917 144115188075856330 60 32 2 1224979098644774915 1224979098644774917 2133 2 1224979098644774912 1 5 0 455 2 1224979098644774919 0 455 2 1224979098644774920 1 4 0 2147483679 2 144115188075856325 5 4 0 1073741854 2 1224979098644774919 144115188075856363 30 2 1224979098644774920 144115188075856363 2133 2 1224979098644774912 1 3 0 5 0 2133 2 1224979098644774921 0 400 1 1224979098644774922 6 3 1224979098644774923 0 1224979098644774922 401 1 1224979098644774923 406 2 1224979098644774924 1224979098644774923 30 2 1224979098644774924 0 2147485355 1 1224979098644774924 2133 2 1224979098644774921 1 2133 2 1224979098644774922 0 3 0 31 2 1224979098644774921 1 3221225504 2 1224979098644774919 0 2147483680 2 1224979098644774920 0 2133 2 1224979098644774912 1 3 0 3 0 4 0 31 2 1224979098644774912 1 1 2 936748722493063266 144115188075856325 470 3 72057594037927936 144115188075856332 0 1 1 936748722493063174 3 0 2147483678 2 -1 45 
-21.000000 0.000000 0.000000  0  6 4 0 31 2 144115188075856357 0 2133 2 144115188075856334 1 900 1 1513209474796486674 3 0 2147483678 2 -1 46 
0.000000 0.000000 100000000.000000  0  2 900 1 1513209474796486661 2147483678 2 -1 47 
-24.000000 0.000000 0.000000  0  3 900 1 1513209474796486668 900 1 1513209474796486669 2147483678 2 -1 48 
-23.000000 0.000000 0.000000  0  5 2147484551 1 1513209474796486676 2147484551 1 1513209474796486674 31 2 144115188075856358 0 900 1 1513209474796486676 2147483678 2 -1 49 


mst_multiplayer_bt multiplayer_bt 2  -1
You_lead_your_men_to_battle. 

64 0 528400 0 16 1 0  
1 528400 0 16 1 0  
2 4112 0 16 1 0  
3 4112 0 16 1 0  
4 4112 0 16 1 0  
5 4112 0 16 1 0  
6 4112 0 16 1 0  
7 4112 0 16 1 0  
8 4112 0 16 1 0  
9 4112 0 16 1 0  
10 4112 0 16 1 0  
11 4112 0 16 1 0  
12 4112 0 16 1 0  
13 4112 0 16 1 0  
14 4112 0 16 1 0  
15 4112 0 16 1 0  
16 8208 0 16 1 0  
17 8208 0 16 1 0  
18 8208 0 16 1 0  
19 8208 0 16 1 0  
20 8208 0 16 1 0  
21 8208 0 16 1 0  
22 8208 0 16 1 0  
23 8208 0 16 1 0  
24 8208 0 16 1 0  
25 8208 0 16 1 0  
26 8208 0 16 1 0  
27 8208 0 16 1 0  
28 8208 0 16 1 0  
29 8208 0 16 1 0  
30 8208 0 16 1 0  
31 8208 0 16 1 0  
32 528400 0 16 1 0  
33 528400 0 16 1 0  
34 4112 0 16 1 0  
35 4112 0 16 1 0  
36 4112 0 16 1 0  
37 4112 0 16 1 0  
38 4112 0 16 1 0  
39 4112 0 16 1 0  
40 4112 0 16 1 0  
41 4112 0 16 1 0  
42 4112 0 16 1 0  
43 4112 0 16 1 0  
44 4112 0 16 1 0  
45 4112 0 16 1 0  
46 4112 0 16 1 0  
47 4112 0 16 1 0  
48 8208 0 16 1 0  
49 8208 0 16 1 0  
50 8208 0 16 1 0  
51 8208 0 16 1 0  
52 8208 0 16 1 0  
53 8208 0 16 1 0  
54 8208 0 16 1 0  
55 8208 0 16 1 0  
56 8208 0 16 1 0  
57 8208 0 16 1 0  
58 8208 0 16 1 0  
59 8208 0 16 1 0  
60 8208 0 16 1 0  
61 8208 0 16 1 0  
62 8208 0 16 1 0  
63 8208 0 16 1 0  
56
-24.000000 0.000000 0.000000  0  6 4 0 31 2 144115188075856314 1 2147484551 1 1513209474796486713 900 1 1513209474796486713 3 0 2147483678 2 -1 0 
0.000000 0.000000 0.000000  1 2147484066 0  8 4 0 71 1 62 31 2 144115188075856314 0 2147484551 1 1513209474796486713 2133 2 144115188075856314 1 900 1 1513209474796486713 3 0 2147483678 2 -1 1 
1.000000 0.000000 0.000000  2 417 0 31 2 144115188075856315 1  30 2105 2 144115188075856316 1 2122 3 1224979098644774912 60 144115188075856317 4 0 30 2 144115188075856316 1224979098644774912 4 0 31 2 144115188075856318 1 2320 2 1 216172782113787622 5 0 31 2 144115188075856318 2 2320 2 1 216172782113787623 5 0 31 2 144115188075856318 3 2320 2 1 216172782113787624 5 0 31 2 144115188075856318 4 2320 2 1 216172782113787625 5 0 31 2 144115188075856318 5 2320 2 1 216172782113787626 2133 2 144115188075856318 0 3 0 17 1 1224979098644774913 401 1 1224979098644774913 399 3 1224979098644774913 111 1 3 0 473 1 1 2133 2 144115188075856316 0 2105 2 144115188075856318 1 3 0 2147483678 2 -1 2 
5.000000 0.000000 0.000000  2 417 0 31 2 144115188075856319 1  6 12 1 1224979098644774912 1712 1 1224979098644774912 1702 1 1224979098644774912 1733 2 1224979098644774912 1 3 0 2147483678 2 -1 3 
5.000000 0.000000 0.000000  2 417 0 31 2 144115188075856320 1  5 17 1 1224979098644774912 401 1 1224979098644774912 440 3 1224979098644774912 1 1 3 0 2147483678 2 -1 4 
-16.000000 0.000000 0.000000  1 417 0  19 17 1 1224979098644774912 401 1 1224979098644774912 548 3 1224979098644774912 57 1 441 2 1224979098644774913 1224979098644774912 500 3 360287970189640760 1224979098644774912 1224979098644774913 3 0 17 1 1224979098644774912 401 1 1224979098644774912 548 3 1224979098644774912 58 1 441 2 1224979098644774913 1224979098644774912 500 3 360287970189640761 1224979098644774912 1224979098644774913 3 0 17 1 1224979098644774912 401 1 1224979098644774912 548 3 1224979098644774912 59 1 441 2 1224979098644774913 1224979098644774912 500 3 360287970189640762 1224979098644774912 1224979098644774913 3 0 2147483678 2 -1 5 
300.000000 0.000000 100000000.000000  1 417 0  6 6 3 1224979098644774912 0 256 500 3 360287970189640760 1224979098644774912 -1 500 3 360287970189640761 1224979098644774912 -1 500 3 360287970189640762 1224979098644774912 -1 3 0 2147483678 2 -1 6 
1.000000 0.000000 0.000000  2 31 2 144115188075856321 1 417 0  26 2121 3 1224979098644774912 144115188075856322 1 2133 2 144115188075856322 1224979098644774912 2133 2 72057594037927937 1224979098644774912 4 0 31 2 1224979098644774912 0 2320 2 1 216172782113787475 1 1 936748722493063787 5 0 31 2 1224979098644774912 2 2320 2 1 216172782113787474 1 1 936748722493063787 5 0 31 2 1224979098644774912 4 2320 2 1 216172782113787473 1 1 936748722493063787 5 0 2147483679 2 1224979098644774912 -1 2320 2 1 216172782113787469 1 1 936748722493063787 3 0 4 0 2147483680 2 1224979098644774912 -1 1973 1 288230376151711893 1740 2 72057594037927936 1801439850948198842 3 0 2147483678 2 -1 7 
-25.000000 0.000000 0.000000  2 417 0 31 2 144115188075856207 0  4 2071 1 1224979098644774912 1 2 936748722493063783 1224979098644774912 1 2 936748722493063805 1224979098644774912 2147483678 2 -1 8 
-53.000000 0.000000 0.000000  1 417 0  91 2071 1 1224979098644774912 2072 1 1224979098644774913 4 0 1712 1 1224979098644774912 1702 1 1224979098644774912 1704 1 1224979098644774912 2147485355 1 1224979098644774912 1073741855 2 1224979098644774913 288230376151711760 1073741855 2 1224979098644774913 288230376151711850 1073741855 2 1224979098644774913 288230376151711854 1073741855 2 1224979098644774913 288230376151711855 1073741855 2 1224979098644774913 288230376151711856 1073741855 2 1224979098644774913 288230376151711857 1073741855 2 1224979098644774913 288230376151711858 1073741855 2 1224979098644774913 288230376151711859 1073741855 2 1224979098644774913 288230376151711860 1073741855 2 1224979098644774913 288230376151711864 1073741855 2 1224979098644774913 288230376151711865 1073741855 2 1224979098644774913 288230376151711866 1073741855 2 1224979098644774913 288230376151711861 1073741855 2 1224979098644774913 288230376151711867 31 2 1224979098644774913 288230376151711868 1774 2 1224979098644774912 1224979098644774913 2133 2 1224979098644774914 0 4 0 31 2 144115188075856207 1 1720 3 1224979098644774915 1224979098644774912 1 4 0 31 2 1224979098644774913 288230376151711760 2105 2 1224979098644774914 6 5 0 31 2 1224979098644774913 288230376151711850 2105 2 1224979098644774914 3 5 0 31 2 1224979098644774913 288230376151711854 2105 2 1224979098644774914 5 5 0 31 2 1224979098644774913 288230376151711855 2105 2 1224979098644774914 7 5 0 31 2 1224979098644774913 288230376151711856 2105 2 1224979098644774914 4 5 0 31 2 1224979098644774913 288230376151711857 2105 2 1224979098644774914 8 5 0 31 2 1224979098644774913 288230376151711858 2105 2 1224979098644774914 4 5 0 31 2 1224979098644774913 288230376151711859 2105 2 1224979098644774914 5 5 0 31 2 1224979098644774913 288230376151711860 2105 2 1224979098644774914 5 5 0 31 2 1224979098644774913 288230376151711864 2105 2 1224979098644774914 5 5 0 31 2 1224979098644774913 288230376151711865 2105 2 1224979098644774914 7 5 0 31 2 1224979098644774913 288230376151711866 2105 2 1224979098644774914 8 5 0 31 2 1224979098644774913 288230376151711861 2105 2 1224979098644774914 4 5 0 31 2 1224979098644774913 288230376151711867 2105 2 1224979098644774914 10 3 0 4 0 2147483678 2 1224979098644774915 55 2105 2 1224979098644774915 1224979098644774914 2110 2 1224979098644774915 55 1721 3 1224979098644774912 1224979098644774915 1 3 0 5 0 1720 2 1224979098644774915 1224979098644774912 2105 2 1224979098644774914 5 2147483678 2 1224979098644774915 100 2105 2 1224979098644774915 1224979098644774914 2110 2 1224979098644774915 100 1721 2 1224979098644774912 1224979098644774915 3 0 1724 2 1224979098644774916 1224979098644774912 401 1 1224979098644774916 2325 2 1 1224979098644774913 2133 2 72057594037927937 1224979098644774914 399 3 1224979098644774916 111 216172782113787572 3 0 2147483678 2 -1 9 
1.500000 0.000000 0.000000  3 417 0 1073741855 2 144115188075856323 2 31 2 144115188075856323 4  34 12 1 1224979098644774912 1712 1 1224979098644774912 1702 1 1224979098644774912 1704 1 1224979098644774912 2147485355 1 1224979098644774912 1710 2 15 1224979098644774912 791 1 15 2124 1 100 722 2 15 180 700 2 16 15 700 2 17 15 4 0 31 2 144115188075856323 4 700 2 18 15 700 2 19 15 700 2 20 15 700 2 21 15 720 2 18 400 720 2 19 -400 721 2 20 400 721 2 21 -400 3 0 722 2 15 -170 722 2 17 2000 4 0 31 2 144115188075856323 4 1 1 936748722493063812 5 0 707 2 16 17 722 2 15 650 1969 3 1008806316530991105 15 140 3 0 3 0 2147483678 2 -1 10 
1.000000 0.000000 0.000000  3 417 0 1073741855 2 144115188075856323 1 31 2 144115188075856323 3  34 12 1 1224979098644774912 1712 1 1224979098644774912 1702 1 1224979098644774912 1704 1 1224979098644774912 2147485355 1 1224979098644774912 1710 2 15 1224979098644774912 791 1 15 2124 1 100 722 2 15 180 700 2 16 15 700 2 17 15 4 0 31 2 144115188075856323 3 700 2 18 15 700 2 19 15 700 2 20 15 700 2 21 15 720 2 18 600 720 2 19 -600 721 2 20 600 721 2 21 -600 3 0 722 2 15 -170 722 2 17 2000 4 0 31 2 144115188075856323 3 1 1 936748722493063811 5 0 707 2 16 17 722 2 15 470 1969 3 1008806316530991104 15 300 3 0 3 0 2147483678 2 -1 11 
-20.000000 0.000000 0.000000  2 417 0 31 2 144115188075856207 0  2 1 1 936748722493063825 2147483678 2 -1 12 
5.000000 0.000000 0.000000  2 417 0 31 2 144115188075856324 1  81 2124 1 100 12 1 1224979098644774912 1712 1 1224979098644774912 1702 1 1224979098644774912 1710 2 3 1224979098644774912 728 2 1224979098644774913 3 2133 2 1224979098644774914 -190 4 0 2147483678 2 1224979098644774913 1224979098644774914 4 0 1712 1 1224979098644774912 1702 1 1224979098644774912 1704 1 1224979098644774912 1714 2 1224979098644774915 1224979098644774912 1712 1 1224979098644774915 1702 1 1224979098644774915 2133 2 1224979098644774914 -280 5 0 1712 1 1224979098644774912 1702 1 1224979098644774912 2147485352 1 1224979098644774912 2133 2 1224979098644774914 -200 3 0 2133 2 1224979098644774916 1152921504606847103 4 0 1712 1 1224979098644774912 1704 1 1224979098644774912 4 0 1718 2 1224979098644774917 1224979098644774912 1506 2 1224979098644774918 1224979098644774917 4 0 1724 2 1224979098644774919 1224979098644774912 401 1 1224979098644774919 442 2 1224979098644774918 1224979098644774919 3 0 4 0 31 2 1224979098644774918 0 2133 2 1224979098644774916 1152921504606847103 5 0 31 2 1224979098644774918 1 2133 2 1224979098644774916 1152921504606847082 3 0 3 0 5 0 1712 1 1224979098644774912 2147485352 1 1224979098644774912 2133 2 1224979098644774916 1152921504606847125 3 0 4 0 2147483680 2 1224979098644774913 1224979098644774914 1712 1 1224979098644774912 1702 1 1224979098644774912 1704 1 1224979098644774912 1720 2 1224979098644774920 1224979098644774912 2121 3 1224979098644774921 1224979098644774920 10 1721 2 1224979098644774912 1224979098644774921 4 0 2147483680 2 1224979098644774921 0 1722 2 1224979098644774912 1224979098644774912 3 0 391 4 126 6 1224979098644774912 1224979098644774916 1724 2 1224979098644774919 1224979098644774912 401 1 1224979098644774919 399 3 1224979098644774919 111 216172782113787429 5 0 2147483680 2 1224979098644774913 1224979098644774914 1712 1 1224979098644774912 1702 1 1224979098644774912 2147485352 1 1224979098644774912 1720 2 1224979098644774920 1224979098644774912 2121 3 1224979098644774921 1224979098644774920 10 1721 2 1224979098644774912 1224979098644774921 4 0 2147483680 2 1224979098644774921 0 1722 2 1224979098644774912 1224979098644774912 3 0 391 4 126 6 1224979098644774912 1224979098644774916 3 0 3 0 3 0 2147483678 2 -1 13 
3.000000 0.000000 100000000.000000  2 417 0 31 2 0 1  35 4 0 2319 1 5 2319 1 6 2133 2 1224979098644774912 0 17 1 1224979098644774913 401 1 1224979098644774913 1073742372 3 1224979098644774913 57 1 1073742372 3 1224979098644774913 58 1 1073742372 3 1224979098644774913 59 1 430 1 1224979098644774913 2105 2 1224979098644774912 1 2350 2 5 1224979098644774913 4 0 31 2 1224979098644774912 1 2320 2 6 216172782113787383 5 0 32 2 1224979098644774912 1 2320 2 6 216172782113787384 3 0 3 0 4 0 31 2 1224979098644774912 0 2320 2 6 1585267068834414750 3 0 2211 1 1224979098644774914 1 2 936748722493063207 1224979098644774914 2320 2 2 216172782113783815 1 2 936748722493063266 144115188075856325 1 2 936748722493063208 72057594037927936 2320 2 3 216172782113783815 2352 1 4 2320 2 1 216172782113787387 1 1 936748722493063787 3 0 2147483678 2 -1 14 
-29.000000 0.000000 0.000000  1 417 0  3 2071 1 1224979098644774912 1 2 936748722493063798 1224979098644774912 2147483678 2 -1 15 
1.000000 0.000000 0.000000  0  15 12 1 1224979098644774912 1712 1 1224979098644774912 1702 1 1224979098644774912 2133 2 1224979098644774913 0 16 3 1224979098644774914 1080863910568919057 1 1840 2 1224979098644774915 1224979098644774914 31 2 1224979098644774915 1 1801 2 1224979098644774914 1224979098644774912 2133 2 1224979098644774913 1 3 0 31 2 1224979098644774913 1 1702 1 1224979098644774912 1755 1 1224979098644774912 3 0 2147483678 2 -1 16 
0.000000 0.000000 3.000000  19 2147484066 0 415 1 1224979098644774912 401 1 1224979098644774912 1073742372 3 1224979098644774912 59 1 430 1 1224979098644774912 406 2 1224979098644774913 1224979098644774912 1712 1 1224979098644774913 1702 1 1224979098644774913 70 1 25 70 1 24 70 1 184 1709 2 1 1224979098644774913 722 2 1 120 1 2 936748722493063821 50 2133 2 144115188075856326 1 1975 3 1008806316530991164 1 1 700 2 3 1 72 1 7 2133 2 144115188075856326 0  1 2147483678 2 -1 17 
0.000000 0.000000 0.000000  21 2147484066 0 2124 1 100 415 1 1224979098644774912 401 1 1224979098644774912 1073742372 3 1224979098644774912 59 1 430 1 1224979098644774912 406 2 1224979098644774913 1224979098644774912 1712 1 1224979098644774913 1702 1 1224979098644774913 31 2 144115188075856326 1 2147483718 1 25 2147483718 1 24 2147483718 1 184 2133 2 144115188075856326 0 4 0 726 2 1224979098644774914 3 727 2 1224979098644774915 3 728 2 1224979098644774916 3 392 5 126 19 1224979098644774914 1224979098644774915 1224979098644774916 600 1 1152921504606846985 3 0  1 2147483678 2 -1 18 
3.000000 0.000000 0.000000  1 417 0  8 17 2 1224979098644774912 1 401 1 1224979098644774912 548 3 1224979098644774912 56 1 2147484086 1 1224979098644774912 394 2 1224979098644774912 79 399 3 1224979098644774912 111 216172782113787534 3 0 2147483678 2 -1 19 
0.000000 0.000000 0.000000  2 2147484066 0 255 0  33 4 0 70 1 29 70 1 56 71 1 63 4 0 31 2 144115188075856327 0 2133 2 144115188075856327 1 1106 1 1585267068834414751 5 0 2133 2 144115188075856327 0 1106 1 1585267068834414752 3 0 3 0 4 0 70 1 29 70 1 56 71 1 64 4 0 31 2 144115188075856327 1 2133 2 144115188075856327 2 1106 1 1585267068834414753 5 0 31 2 144115188075856327 2 2133 2 144115188075856327 1 1106 1 1585267068834414754 3 0 3 0 4 0 31 2 144115188075856327 2 2147484551 1 1513209474796486712 900 1 1513209474796486712 3 0 2147483678 2 -1 20 
0.000000 0.000000 0.000000  2 2147484066 0 1 1 936748722493063808  95 4 0 1073741895 1 22 1073741895 1 23 71 1 65 415 1 1224979098644774912 401 1 1224979098644774912 1073742372 3 1224979098644774912 57 1 1073742372 3 1224979098644774912 58 1 1073742372 3 1224979098644774912 59 1 430 1 1224979098644774912 4 0 71 1 22 2147484551 1 1513209474796486707 900 1 1513209474796486707 5 0 71 1 23 2147484551 1 1513209474796486708 900 1 1513209474796486708 5 0 71 1 65 2147484551 1 1513209474796486706 2147484551 1 1513209474796486682 900 1 1513209474796486706 3 0 3 0 4 0 71 1 25 415 1 1224979098644774912 401 1 1224979098644774912 2147484196 3 1224979098644774912 57 1 2147484196 3 1224979098644774912 58 1 2147484196 3 1224979098644774912 59 1 2147484078 1 1224979098644774912 2147484551 1 1513209474796486706 2147484551 1 1513209474796486682 900 1 1513209474796486711 3 0 4 0 70 1 29 70 1 56 71 1 66 415 1 1224979098644774912 415 1 1224979098644774912 401 1 1224979098644774912 1073742372 3 1224979098644774912 59 1 430 1 1224979098644774912 406 2 1224979098644774913 1224979098644774912 1712 1 1224979098644774913 1702 1 1224979098644774913 390 3 126 22 50 2093 2 1224979098644774913 50 3 0 4 0 70 1 29 70 1 56 71 1 67 415 1 1224979098644774912 401 1 1224979098644774912 1073742372 3 1224979098644774912 59 1 430 1 1224979098644774912 406 2 1224979098644774913 1224979098644774912 1712 1 1224979098644774913 1702 1 1224979098644774913 390 3 126 22 100 2093 2 1224979098644774913 100 3 0 4 0 70 1 29 70 1 56 71 1 68 415 1 1224979098644774912 401 1 1224979098644774912 1073742372 3 1224979098644774912 59 1 430 1 1224979098644774912 406 2 1224979098644774913 1224979098644774912 1712 1 1224979098644774913 1702 1 1224979098644774913 390 3 126 22 200 2093 2 1224979098644774913 200 3 0 4 0 70 1 29 70 1 56 71 1 87 415 1 1224979098644774912 401 1 1224979098644774912 1073742372 3 1224979098644774912 59 1 430 1 1224979098644774912 406 2 1224979098644774913 1224979098644774912 1712 1 1224979098644774913 1702 1 1224979098644774913 390 3 126 22 1000 2093 2 1224979098644774913 1000 3 0 2147483678 2 -1 21 
-28.000000 0.000000 0.000000  3 417 0 2147483679 2 144115188075856325 7 2147483679 2 144115188075856325 0  43 2071 1 1224979098644774912 2072 1 1224979098644774913 2073 1 1224979098644774914 4 0 1712 1 1224979098644774912 1712 1 1224979098644774913 1702 1 1224979098644774912 1702 1 1224979098644774913 4 0 1704 1 1224979098644774912 1704 1 1224979098644774913 1724 2 1224979098644774915 1224979098644774912 1724 2 1224979098644774916 1224979098644774913 401 1 1224979098644774915 401 1 1224979098644774916 2350 2 1 1224979098644774915 2350 2 2 1224979098644774916 402 2 1224979098644774917 1224979098644774915 402 2 1224979098644774918 1224979098644774916 31 2 1224979098644774917 1224979098644774918 2133 2 72057594037927937 1224979098644774914 473 1 216172782113787606 5 0 2133 2 1224979098644774919 1224979098644774912 2147485352 1 1224979098644774919 1704 1 1224979098644774913 1715 2 1224979098644774912 1224979098644774919 1712 1 1224979098644774912 1702 1 1224979098644774912 1724 2 1224979098644774915 1224979098644774912 1724 2 1224979098644774916 1224979098644774913 401 1 1224979098644774915 401 1 1224979098644774916 2350 2 1 1224979098644774915 2350 2 2 1224979098644774916 402 2 1224979098644774917 1224979098644774915 402 2 1224979098644774918 1224979098644774916 31 2 1224979098644774917 1224979098644774918 2133 2 72057594037927937 1224979098644774914 473 1 216172782113787607 3 0 3 0 2147483678 2 -1 22 
10.000000 0.000000 0.000000  2 417 0 31 2 144115188075856328 1  19 12 1 1224979098644774912 1712 1 1224979098644774912 1702 1 1224979098644774912 2147485352 1 1224979098644774912 1715 2 1224979098644774913 1224979098644774912 2147485360 1 1224979098644774913 2370 1 1224979098644774914 4 0 2147484213 3 1224979098644774912 50 1 505 3 1224979098644774912 50 1224979098644774914 5 0 565 3 1224979098644774912 50 1 525 3 1224979098644774915 1224979098644774912 50 2120 3 1224979098644774916 1224979098644774915 144115188075856329 30 2 1224979098644774914 1224979098644774916 1749 1 1224979098644774912 3 0 3 0 2147483678 2 -1 23 
-55.000000 0.000000 0.000000  2 417 0 31 2 144115188075856328 1  8 2072 1 1224979098644774912 4 0 1712 1 1224979098644774912 1702 1 1224979098644774912 2147485352 1 1224979098644774912 505 3 1224979098644774912 50 0 3 0 2147483678 2 -1 24 
0.000000 0.000000 100000000.000000  4 417 0 31 2 144115188075856359 1 2147483679 2 144115188075856325 7 2147483679 2 144115188075856325 0  8 6 3 1224979098644774912 0 1000000 500 3 360287970189640756 1224979098644774912 0 500 3 360287970189640757 1224979098644774912 0 500 3 360287970189640758 1224979098644774912 0 500 3 360287970189640759 1224979098644774912 0 3 0 2133 2 144115188075856360 0 2147483678 2 -1 25 
-26.000000 0.000000 0.000000  2 418 0 31 2 144115188075856388 1  32 2071 1 1224979098644774912 2072 1 1224979098644774913 2133 2 1224979098644774914 -1 2133 2 1224979098644774915 -1 4 0 1712 1 1224979098644774912 1724 2 1224979098644774914 1224979098644774912 3 0 4 0 1712 1 1224979098644774913 1724 2 1224979098644774915 1224979098644774913 3 0 4 0 401 1 1224979098644774914 1 4 936748722493063851 1224979098644774914 3 1 3 0 4 0 401 1 1224979098644774915 401 1 1224979098644774914 2147483679 2 1224979098644774914 1224979098644774915 402 2 1224979098644774916 1224979098644774915 402 2 1224979098644774917 1224979098644774914 33 3 1224979098644774916 0 2 33 3 1224979098644774917 0 2 4 0 31 2 1224979098644774916 1224979098644774917 1 4 936748722493063851 1224979098644774915 2 1 5 0 1 4 936748722493063851 1224979098644774915 1 1 3 0 3 0 2147483678 2 -1 26 
-28.000000 0.000000 0.000000  2 418 0 31 2 144115188075856388 1  40 2071 1 1224979098644774912 2072 1 1224979098644774913 2073 1 1224979098644774914 1720 3 1224979098644774915 1224979098644774912 1 2110 2 1224979098644774914 1224979098644774915 32 2 1224979098644774914 0 2133 2 1224979098644774916 -1 2133 2 1224979098644774917 -1 4 0 1712 1 1224979098644774912 1704 1 1224979098644774912 1724 2 1224979098644774916 1224979098644774912 3 0 4 0 1712 1 1224979098644774913 4 0 1704 1 1224979098644774913 1724 2 1224979098644774917 1224979098644774913 5 0 1715 2 1224979098644774918 1224979098644774913 1712 1 1224979098644774918 1724 2 1224979098644774917 1224979098644774918 3 0 3 0 401 1 1224979098644774916 401 1 1224979098644774917 2147483679 2 1224979098644774916 1224979098644774917 402 2 1224979098644774919 1224979098644774916 402 2 1224979098644774920 1224979098644774917 33 3 1224979098644774919 0 2 33 3 1224979098644774920 0 2 4 0 31 2 1224979098644774919 1224979098644774920 1 4 936748722493063851 1224979098644774917 5 1224979098644774914 1 4 936748722493063851 1224979098644774917 7 1 5 0 1 4 936748722493063851 1224979098644774917 4 1224979098644774914 1 4 936748722493063851 1224979098644774917 6 1 3 0 2147483678 2 -1 27 
1.000000 0.000000 0.000000  1 418 0  8 4 0 2147483680 2 144115188075856389 0 1 1 936748722493063855 2133 2 144115188075856389 10 5 0 2106 2 144115188075856389 1 3 0 2147483678 2 -1 28 
0.300000 0.000000 0.000000  1 418 0  10 2133 2 1224979098644774912 0 17 1 1224979098644774913 401 1 1224979098644774913 2105 2 1224979098644774912 1 3 0 4 0 31 2 1224979098644774912 0 1 1 936748722493063855 3 0 2147483678 2 -1 29 
-15.000000 0.000000 0.000000  1 418 0  9 2071 1 1224979098644774912 508 3 1224979098644774912 201 -1 508 3 1224979098644774912 202 0 441 2 72057594037927947 1224979098644774912 2133 2 72057594037927948 1224979098644774912 2350 2 9 1224979098644774912 2352 1 10 380 1 216172782113787679 2147483678 2 -1 30 
1.000000 0.000000 0.000000  0  85 417 0 31 2 144115188075856388 1 1 1 936748722493063847 4 0 31 2 144115188075856390 1 2133 2 1224979098644774912 0 17 1 1224979098644774913 401 1 1224979098644774913 528 3 1224979098644774914 1224979098644774913 201 33 3 1224979098644774914 0 2 2105 2 1224979098644774912 1 3 0 2122 3 1224979098644774915 144115188075856391 2 4 0 30 2 144115188075856392 0 31 2 1224979098644774912 1224979098644774915 2133 2 144115188075856390 0 2133 2 144115188075856393 10 5 0 2106 2 144115188075856392 1 4 0 2147483678 2 144115188075856392 0 1 1 936748722493063852 5 0 2119 3 1224979098644774916 144115188075856392 5 1073741855 2 1224979098644774916 0 2147483680 2 144115188075856392 10 2133 2 72057594037927947 144115188075856392 2133 2 72057594037927948 1224979098644774912 2133 2 72057594037927949 1224979098644774915 2320 2 1 216172782113787685 1 1 936748722493063787 3 0 3 0 5 0 31 2 144115188075856390 0 4 0 2106 2 144115188075856393 1 30 2 144115188075856393 0 2119 3 1224979098644774917 144115188075856393 5 4 0 1073741855 2 1224979098644774917 0 2147483680 2 144115188075856393 10 2133 2 72057594037927950 144115188075856393 2320 2 1 216172782113787686 1 1 936748722493063787 3 0 3 0 3 0 4 0 1073741855 2 144115188075856390 1 30 2 144115188075856393 0 2370 1 144115188075856361 17 1 1224979098644774913 401 1 1224979098644774913 395 3 1224979098644774913 78 -9999 3 0 3 0 4 0 31 2 144115188075856394 1 2319 1 9 17 1 1224979098644774913 401 1 1224979098644774913 441 2 72057594037927957 1224979098644774913 2320 2 9 1585267068834414755 3 0 4220 3 10 9 1 2352 1 11 380 1 216172782113787680 5 0 31 2 144115188075856395 1 2319 1 9 6 3 1224979098644774918 0 144115188075856396 6 3 1224979098644774919 0 10 5008 4 72057594037927957 144115188075856397 1224979098644774918 1224979098644774919 2320 2 9 1585267068834414755 3 0 3 0 2133 2 72057594037927947 144115188075856398 2133 2 72057594037927948 144115188075856399 4220 3 10 9 1 2352 1 11 380 1 216172782113787681 3 0 2147483678 2 -1 31 
-25.000000 0.000000 0.000000  0  4 2071 1 1224979098644774912 1718 2 1224979098644774913 1224979098644774912 1 4 936748722493063580 1729382256910270468 1224979098644774912 1224979098644774913 2147483678 2 -1 32 
1.000000 5.000000 0.000000  9 417 0 31 2 144115188075856344 1 31 2 144115188075856345 0 2370 1 1224979098644774912 2120 3 1224979098644774913 144115188075856346 144115188075856347 1073741855 2 1224979098644774913 144115188075856348 1073741857 3 144115188075856349 1 3 32 2 1224979098644774912 144115188075856350 1 1 936748722493063258  9 2133 2 144115188075856344 0 4 0 1073741855 2 144115188075856351 0 31 2 144115188075856351 3 1 2 936748722493063266 144115188075856325 470 3 72057594037927936 144115188075856352 1 1 1 936748722493063174 3 0 2147483678 2 -1 33 
-15.000000 0.000000 0.000000  0  3 2071 1 1224979098644774912 1 2 936748722493063233 1224979098644774912 2147483678 2 -1 34 
-19.000000 0.000000 0.000000  0  16 2133 2 144115188075856325 2 1 1 936748722493063234 2133 2 144115188075856358 0 2133 2 144115188075856203 0 2133 2 144115188075856400 0 2133 2 144115188075856401 0 4 0 417 0 2133 2 144115188075856402 0 2133 2 144115188075856361 0 3 0 2133 2 144115188075856380 -1 1 1 936748722493063277 1 1 936748722493063276 1 1 936748722493063275 2147483678 2 -1 35 
-20.000000 0.000000 0.000000  0  33 1 2 936748722493063224 0 1 2 936748722493063224 1 426 2 0 -1 426 2 1 -1 4 0 417 0 2133 2 144115188075856333 1 1780 2 0 67 791 1 0 722 2 0 -2000 720 2 0 100 1970 1 0 1974 2 1080863910568919947 0 720 2 0 -200 1970 1 0 1974 2 1080863910568919947 0 1811 3 1224979098644774912 1080863910568919947 0 1850 2 0 1224979098644774912 1974 2 144115188075856366 0 722 2 0 100 1855 2 72057594037927936 0 1811 3 1224979098644774913 1080863910568919947 1 1850 2 0 1224979098644774913 1974 2 144115188075856367 0 722 2 0 100 1855 2 72057594037927936 0 2133 2 144115188075856353 144115188075856354 2133 2 144115188075856355 144115188075856356 3 0 1 1 936748722493063221 1 1 936748722493063272 1 1 936748722493063237 2147483678 2 -1 36 
-25.000000 0.000000 0.000000  0  38 2071 1 1224979098644774912 1 2 936748722493063232 1224979098644774912 4 0 2147483678 2 144115188075856380 0 415 1 1224979098644774913 30 2 1224979098644774913 0 406 2 1224979098644774914 1224979098644774913 31 2 1224979098644774914 1224979098644774912 30 2 1224979098644774914 0 1770 2 144115188075856380 1224979098644774914 3 0 505 3 1224979098644774912 26 -1 4 0 417 0 2147485352 1 1224979098644774912 1715 2 1224979098644774915 1224979098644774912 1712 1 1224979098644774915 2147485355 1 1224979098644774915 1724 2 1224979098644774916 1224979098644774915 2147484109 2 1224979098644774916 8 505 3 1224979098644774915 26 1224979098644774912 3 0 1 1 936748722493063246 4 0 2147484065 0 4 0 31 2 144115188075856203 1 2133 2 144115188075856203 0 1 1 936748722493063221 1 1 936748722493063272 1 1 936748722493063249 4 0 31 2 144115188075856385 1 2133 2 144115188075856385 0 3 0 3 0 3 0 2147483678 2 -1 37 
-26.000000 0.000000 0.000000  0  83 2071 1 1224979098644774912 2072 1 1224979098644774913 1 3 936748722493063235 1224979098644774912 1224979098644774913 4 0 2147483678 2 144115188075856380 0 415 1 1224979098644774914 30 2 1224979098644774914 0 406 2 1224979098644774915 1224979098644774914 30 2 1224979098644774915 0 1770 2 144115188075856380 1224979098644774915 3 0 4 0 1704 1 1224979098644774912 2133 2 1224979098644774916 0 2133 2 1224979098644774917 0 12 1 1224979098644774918 1704 1 1224979098644774918 4 0 1702 1 1224979098644774918 1770 2 1224979098644774919 1224979098644774918 4 0 31 2 1224979098644774919 0 2105 2 1224979098644774916 1 5 0 31 2 1224979098644774919 1 2105 2 1224979098644774917 1 3 0 3 0 3 0 4 0 31 2 144115188075856203 0 4 0 1073741855 2 1224979098644774916 0 31 2 1224979098644774917 0 2133 2 144115188075856382 -1 2133 2 72057594037927936 144115188075856343 4 0 31 2 1224979098644774916 0 4 0 2147483679 2 1224979098644774917 0 455 2 1224979098644774920 1 2105 2 1224979098644774920 1 456 2 1 1224979098644774920 2133 2 144115188075856382 1 3 0 1 1 936748722493063843 1 3 936748722493063250 12 144115188075856382 1 2 936748722493063253 144115188075856382 5 0 4 0 2147483679 2 1224979098644774916 0 455 2 1224979098644774921 0 2105 2 1224979098644774921 1 456 2 0 1224979098644774921 2133 2 144115188075856382 0 3 0 1 1 936748722493063843 1 3 936748722493063250 12 144115188075856382 1 2 936748722493063253 144115188075856382 3 0 2370 1 144115188075856362 2133 2 144115188075856203 1 3 0 3 0 3 0 4 0 417 0 1704 1 1224979098644774912 2147485355 1 1224979098644774912 30 2 1224979098644774912 0 1724 2 1224979098644774922 1224979098644774912 30 2 1224979098644774922 0 2124 1 100 1724 2 1224979098644774922 1224979098644774912 1710 2 0 1224979098644774912 726 2 1224979098644774923 0 727 2 1224979098644774924 0 728 2 1224979098644774925 0 508 3 1224979098644774922 29 1224979098644774923 508 3 1224979098644774922 30 1224979098644774924 508 3 1224979098644774922 31 1224979098644774925 3 0 2147483678 2 -1 38 
-16.000000 0.000000 0.000000  0  4 1 1 936748722493063278 2133 2 144115188075856334 0 900 1 1513209474796486674 2147483678 2 -1 39 
1.000000 0.000000 0.000000  42 417 0 31 2 144115188075856203 0 2370 1 1224979098644774912 2121 3 1224979098644774913 1224979098644774912 144115188075856361 30 2 1224979098644774913 144115188075856383 2133 2 1224979098644774914 0 4 0 31 2 144115188075856400 2 1811 3 1224979098644774915 1080863910568919947 0 1811 3 1224979098644774916 1080863910568919947 1 1811 3 1224979098644774917 144115188075856366 0 1811 3 1224979098644774918 144115188075856367 0 1850 2 1 1224979098644774915 1850 2 2 1224979098644774916 1850 2 3 1224979098644774917 1850 2 4 1224979098644774918 710 3 1224979098644774919 1 3 710 3 1224979098644774920 2 4 2120 3 1224979098644774921 1224979098644774919 50 2120 3 1224979098644774922 1224979098644774920 50 4 0 2147483680 2 1224979098644774919 1224979098644774922 1862 2 1224979098644774923 1224979098644774917 31 2 1224979098644774923 1 1863 2 5 1224979098644774917 728 2 1224979098644774924 5 728 2 1224979098644774925 3 30 2 1224979098644774924 1224979098644774925 2133 2 1224979098644774914 1 3 0 4 0 2147483680 2 1224979098644774920 1224979098644774921 1862 2 1224979098644774923 1224979098644774918 31 2 1224979098644774923 1 1863 2 5 1224979098644774918 728 2 1224979098644774924 5 728 2 1224979098644774926 4 30 2 1224979098644774924 1224979098644774926 2133 2 1224979098644774914 1 3 0 3 0 31 2 1224979098644774914 0  36 2370 1 144115188075856362 2133 2 144115188075856203 1 2133 2 144115188075856382 -1 4 0 31 2 144115188075856400 2 1811 3 1224979098644774912 1080863910568919947 0 1811 3 1224979098644774913 1080863910568919947 1 1811 3 1224979098644774914 144115188075856366 0 1811 3 1224979098644774915 144115188075856367 0 1850 2 1 1224979098644774912 1850 2 2 1224979098644774913 1850 2 3 1224979098644774914 1850 2 4 1224979098644774915 710 3 1224979098644774916 1 3 710 3 1224979098644774917 2 4 4 0 30 2 1224979098644774916 1224979098644774917 2121 3 1224979098644774918 1224979098644774916 1224979098644774917 30 2 1224979098644774918 50 2133 2 144115188075856382 0 5 0 2121 3 1224979098644774918 1224979098644774917 1224979098644774916 30 2 1224979098644774918 50 2133 2 144115188075856382 1 3 0 3 0 415 1 1224979098644774919 1 2 936748722493063252 144115188075856382 1 1 936748722493063843 400 1 1224979098644774920 6 3 1224979098644774921 1 1224979098644774920 401 1 1224979098644774921 2147483679 2 1224979098644774921 1224979098644774919 395 3 1224979098644774921 69 144115188075856382 3 0 2147483678 2 -1 40 
10.000000 0.000000 0.000000  1 417 0  41 2133 2 1224979098644774912 0 2133 2 1224979098644774913 0 400 1 1224979098644774914 6 3 1224979098644774915 0 1224979098644774914 401 1 1224979098644774915 402 2 1224979098644774916 1224979098644774915 4 0 31 2 1224979098644774916 0 2105 2 1224979098644774912 1 5 0 31 2 1224979098644774916 1 2105 2 1224979098644774913 1 3 0 3 0 2121 3 1224979098644774917 1224979098644774912 1224979098644774913 2133 2 1224979098644774918 0 4 0 4 0 2122 3 1224979098644774919 144115188075856384 -1 2147483680 2 1224979098644774917 1224979098644774919 2123 3 1224979098644774918 1224979098644774917 -2 5 0 30 2 1224979098644774917 144115188075856384 2123 3 1224979098644774918 1224979098644774917 2 3 0 3 0 4 0 32 2 1224979098644774918 0 4 0 31 2 144115188075856385 0 2133 2 144115188075856385 1 1 3 936748722493063250 3 0 400 1 1224979098644774914 6 3 1224979098644774920 1 1224979098644774914 401 1 1224979098644774920 395 3 1224979098644774920 68 3 3 0 1 1 936748722493063210 3 0 3 0 2147483678 2 -1 41 
1.000000 0.000000 0.000000  7 417 0 31 2 144115188075856203 0 31 2 144115188075856400 0 2370 1 1224979098644774912 2106 2 1224979098644774912 144115188075856361 2121 3 1224979098644774913 144115188075856383 1224979098644774912 2147483680 2 1224979098644774913 140  6 4 0 31 2 144115188075856403 2 1 1 936748722493063246 3 0 2133 2 144115188075856400 1 2147483678 2 -1 42 
1.000000 0.000000 0.000000  14 417 0 31 2 144115188075856203 0 31 2 144115188075856400 1 4 0 31 2 144115188075856403 2 2370 1 1224979098644774912 2106 2 1224979098644774912 144115188075856404 2120 3 1224979098644774913 144115188075856405 144115188075856401 30 2 1224979098644774912 1224979098644774913 2370 1 1224979098644774914 2121 3 1224979098644774915 1224979098644774914 144115188075856361 2121 3 1224979098644774916 144115188075856383 15 2147483678 2 1224979098644774915 1224979098644774916 3 0  35 2133 2 144115188075856400 2 1 1 936748722493063245 400 1 1224979098644774912 6 3 1224979098644774913 1 1224979098644774912 401 1 1224979098644774913 395 2 1224979098644774913 80 3 0 1811 3 1224979098644774914 1080863910568919947 0 1811 3 1224979098644774915 1080863910568919947 1 1811 3 1224979098644774916 144115188075856366 0 1811 3 1224979098644774917 144115188075856367 0 4 0 2147483678 2 144115188075856406 0 2136 3 144115188075856407 0 3 5 0 2136 3 144115188075856407 1 3 2105 2 144115188075856407 144115188075856406 2109 2 144115188075856407 3 3 0 2133 2 144115188075856406 144115188075856407 2105 2 144115188075856407 67 1780 2 0 144115188075856407 791 1 0 720 2 0 100 1855 2 1224979098644774914 0 720 2 0 -200 1855 2 1224979098644774915 0 1850 2 0 1224979098644774914 722 2 0 100 1855 2 1224979098644774916 0 1850 2 0 1224979098644774915 722 2 0 100 1855 2 1224979098644774917 0 900 1 1513209474796486671 2147483678 2 -1 43 
3.000000 0.000000 0.000000  8 417 0 31 2 144115188075856203 0 31 2 144115188075856400 1 2370 1 1224979098644774912 2106 2 1224979098644774912 144115188075856404 2120 3 1224979098644774913 144115188075856405 144115188075856401 2106 2 1224979098644774913 20 30 2 1224979098644774912 1224979098644774913  22 2133 2 1224979098644774912 0 12 1 1224979098644774913 31 2 1224979098644774912 0 1704 1 1224979098644774913 12 1 1224979098644774914 1704 1 1224979098644774914 2147483679 2 1224979098644774913 1224979098644774914 1770 2 1224979098644774915 1224979098644774913 1770 2 1224979098644774916 1224979098644774914 2147483679 2 1224979098644774915 1224979098644774916 1710 2 1 1224979098644774913 1710 2 2 1224979098644774914 713 3 1224979098644774917 1 2 2147483680 2 1224979098644774917 49 2133 2 1224979098644774912 1 3 0 3 0 4 0 31 2 1224979098644774912 1 2105 2 144115188075856401 3 3 0 2147483678 2 -1 44 
3.000000 0.000000 0.000000  11 417 0 31 2 144115188075856203 0 31 2 144115188075856400 1 2370 1 1224979098644774912 2121 3 1224979098644774913 1224979098644774912 144115188075856361 2121 3 1224979098644774914 144115188075856383 66 30 2 1224979098644774913 1224979098644774914 2370 1 1224979098644774912 2121 3 1224979098644774913 1224979098644774912 144115188075856361 2121 3 1224979098644774915 144115188075856383 24 2147483680 2 1224979098644774913 1224979098644774915  2 2105 2 144115188075856401 1 2147483678 2 -1 45 
0.000000 0.000000 0.000000  3 417 0 31 2 144115188075856203 0 31 2 144115188075856400 2  181 2124 1 100 1811 3 1224979098644774912 1080863910568919947 0 1811 3 1224979098644774913 1080863910568919947 1 1811 3 1224979098644774914 144115188075856366 0 1811 3 1224979098644774915 144115188075856367 0 1850 2 1 1224979098644774912 1850 2 2 1224979098644774913 1850 2 3 1224979098644774914 1850 2 4 1224979098644774915 700 2 7 1 722 2 7 100 700 2 8 2 722 2 8 100 710 3 1224979098644774916 1 3 710 3 1224979098644774917 2 4 2133 2 1224979098644774918 0 2133 2 1224979098644774919 0 400 1 1224979098644774920 6 3 1224979098644774921 0 1224979098644774920 401 1 1224979098644774921 406 2 1224979098644774922 1224979098644774921 30 2 1224979098644774922 0 1704 1 1224979098644774922 1702 1 1224979098644774922 1770 2 1224979098644774923 1224979098644774922 1710 2 0 1224979098644774922 1714 2 1224979098644774924 1224979098644774922 31 2 1224979098644774924 -1 4 0 31 2 1224979098644774923 0 4 0 712 3 1224979098644774925 0 1 2147483678 2 1224979098644774925 1600 4 0 1073741855 2 1224979098644774918 0 31 2 1224979098644774918 1 2133 2 1224979098644774918 1 5 0 2133 2 1224979098644774918 -2 3 0 3 0 4 0 712 3 1224979098644774925 0 2 2147483678 2 1224979098644774925 1600 4 0 31 2 1224979098644774919 0 2133 2 1224979098644774919 -1 5 0 31 2 1224979098644774919 1 2133 2 1224979098644774919 -2 3 0 3 0 5 0 31 2 1224979098644774923 1 4 0 712 3 1224979098644774925 0 2 2147483678 2 1224979098644774925 1600 4 0 1073741855 2 1224979098644774919 0 31 2 1224979098644774919 1 2133 2 1224979098644774919 1 5 0 2133 2 1224979098644774919 -2 3 0 3 0 4 0 712 3 1224979098644774925 0 1 2147483678 2 1224979098644774925 1600 4 0 31 2 1224979098644774918 0 2133 2 1224979098644774918 -1 5 0 31 2 1224979098644774918 1 2133 2 1224979098644774918 -2 3 0 3 0 3 0 3 0 4 0 30 2 1224979098644774916 800 2133 2 144115188075856382 0 400 1 1224979098644774920 1 2 936748722493063252 144115188075856382 1 1 936748722493063843 6 3 1224979098644774921 1 1224979098644774920 401 1 1224979098644774921 395 3 1224979098644774921 69 144115188075856382 3 0 455 2 1224979098644774926 0 1 3 936748722493063239 0 1224979098644774926 6 3 1224979098644774921 1 1224979098644774920 401 1 1224979098644774921 396 4 1224979098644774921 72 0 1224979098644774926 3 0 2370 1 144115188075856362 2133 2 144115188075856203 1 5 0 30 2 1224979098644774917 800 2133 2 144115188075856382 1 400 1 1224979098644774920 1 2 936748722493063252 144115188075856382 1 1 936748722493063843 6 3 1224979098644774921 1 1224979098644774920 401 1 1224979098644774921 395 3 1224979098644774921 69 144115188075856382 3 0 455 2 1224979098644774927 1 1 3 936748722493063239 1 1224979098644774927 6 3 1224979098644774921 1 1224979098644774920 401 1 1224979098644774921 396 4 1224979098644774921 72 1 1224979098644774927 3 0 1 3 936748722493063250 12 0 1 2 936748722493063253 144115188075856382 2370 1 144115188075856362 2133 2 144115188075856203 1 3 0 4 0 31 2 144115188075856203 0 728 2 1224979098644774928 3 1862 2 1224979098644774929 1224979098644774914 4 0 31 2 1224979098644774918 -2 31 2 1224979098644774929 1 1861 1 1224979098644774914 5 0 1073741855 2 1224979098644774918 0 31 2 1224979098644774918 -1 1863 2 9 1224979098644774914 728 2 1224979098644774930 9 1073741855 2 1224979098644774929 0 32 2 1224979098644774930 1224979098644774928 710 3 1224979098644774931 3 7 32 2 1224979098644774931 0 2107 2 1224979098644774931 16 1860 3 1224979098644774914 7 1224979098644774931 5 0 31 2 1224979098644774918 1 1863 2 9 1224979098644774914 728 2 1224979098644774930 9 1073741855 2 1224979098644774929 0 2147483678 2 1224979098644774930 1224979098644774928 700 2 5 1 722 2 5 800 710 3 1224979098644774931 3 5 32 2 1224979098644774931 0 2107 2 1224979098644774931 8 1860 3 1224979098644774914 5 1224979098644774931 3 0 728 2 1224979098644774932 4 1862 2 1224979098644774929 1224979098644774915 4 0 31 2 1224979098644774919 -2 31 2 1224979098644774929 1 1861 1 1224979098644774915 5 0 1073741855 2 1224979098644774919 0 31 2 1224979098644774919 -1 1863 2 9 1224979098644774915 728 2 1224979098644774933 9 1073741855 2 1224979098644774929 0 32 2 1224979098644774933 1224979098644774932 710 3 1224979098644774934 4 8 32 2 1224979098644774934 0 2107 2 1224979098644774934 16 1860 3 1224979098644774915 8 1224979098644774934 5 0 31 2 1224979098644774919 1 1863 2 9 1224979098644774915 728 2 1224979098644774933 9 1073741855 2 1224979098644774929 0 2147483678 2 1224979098644774933 1224979098644774932 700 2 6 2 722 2 6 800 710 3 1224979098644774934 4 6 32 2 1224979098644774934 0 2107 2 1224979098644774934 8 1860 3 1224979098644774915 6 1224979098644774934 3 0 3 0 2147483678 2 -1 46 
1.000000 0.000000 3.000000  5 417 0 31 2 144115188075856203 1 2370 1 1224979098644774912 2106 2 1224979098644774912 144115188075856362 30 2 1224979098644774912 144115188075856343  155 2133 2 1224979098644774912 0 2133 2 1224979098644774913 0 400 1 1224979098644774914 6 3 1224979098644774915 0 1224979098644774914 401 1 1224979098644774915 402 2 1224979098644774916 1224979098644774915 4 0 31 2 1224979098644774916 0 2105 2 1224979098644774912 1 5 0 31 2 1224979098644774916 1 2105 2 1224979098644774913 1 3 0 3 0 2121 3 1224979098644774917 1224979098644774912 1224979098644774913 2133 2 1224979098644774918 0 4 0 4 0 2122 3 1224979098644774919 144115188075856384 -1 2147483680 2 1224979098644774917 1224979098644774919 2123 3 1224979098644774918 1224979098644774917 -2 2133 2 1224979098644774920 1 2133 2 1224979098644774921 0 5 0 30 2 1224979098644774917 144115188075856384 2123 3 1224979098644774918 1224979098644774917 2 2133 2 1224979098644774920 0 2133 2 1224979098644774921 1 3 0 3 0 4 0 32 2 1224979098644774918 0 4 0 6 3 1224979098644774922 0 1224979098644774918 2133 2 1224979098644774923 0 2133 2 1224979098644774924 -1 400 1 1224979098644774914 6 3 1224979098644774925 0 1224979098644774914 401 1 1224979098644774925 402 2 1224979098644774916 1224979098644774925 31 2 1224979098644774916 1224979098644774920 528 3 1224979098644774926 1224979098644774925 21 4 0 32 2 1224979098644774926 1224979098644774923 2133 2 1224979098644774923 1224979098644774926 2133 2 1224979098644774924 1224979098644774925 3 0 3 0 4 0 30 2 1224979098644774924 0 4 0 406 2 1224979098644774927 1224979098644774924 30 2 1224979098644774927 0 1702 1 1224979098644774927 433 2 1224979098644774928 1224979098644774924 2105 2 1224979098644774928 1 434 2 1224979098644774924 1224979098644774928 435 2 1224979098644774929 1224979098644774924 2106 2 1224979098644774929 1 436 2 1224979098644774924 1224979098644774929 431 2 1224979098644774930 1224979098644774924 2105 2 1224979098644774930 1 432 2 1224979098644774924 1224979098644774930 6 3 1224979098644774925 1 1224979098644774914 401 1 1224979098644774925 398 6 1224979098644774925 86 1224979098644774924 1224979098644774930 1224979098644774928 1224979098644774929 3 0 460 2 1224979098644774931 1224979098644774924 407 2 1224979098644774932 1224979098644774924 2105 2 1224979098644774932 1224979098644774931 408 3 1224979098644774924 1224979098644774932 15000 3 0 405 2 1224979098644774924 -1 403 2 1224979098644774924 1224979098644774921 394 2 1224979098644774924 79 3 0 3 0 1 3 936748722493063250 2 0 415 1 1224979098644774933 400 1 1224979098644774914 6 3 1224979098644774925 0 1224979098644774914 401 1 1224979098644774925 2147483679 2 1224979098644774933 1224979098644774925 395 3 1224979098644774925 68 2 3 0 2133 2 144115188075856385 0 3 0 3 0 2133 2 144115188075856385 0 400 1 1224979098644774914 6 3 1224979098644774925 0 1224979098644774914 2147483679 2 1224979098644774925 -1 401 1 1224979098644774925 406 2 1224979098644774934 1224979098644774925 30 2 1224979098644774934 0 1702 1 1224979098644774934 459 1 1224979098644774925 2133 2 72057594037927936 0 404 2 1224979098644774935 1224979098644774925 1 4 936748722493063737 1224979098644774925 1224979098644774934 1224979098644774935 2133 2 1224979098644774931 72057594037927936 508 3 1224979098644774925 1 1224979098644774931 3 0 2133 2 1224979098644774936 500 2107 2 1224979098644774936 144115188075856386 2108 2 1224979098644774936 100 400 1 1224979098644774914 6 3 1224979098644774925 0 1224979098644774914 401 1 1224979098644774925 548 3 1224979098644774925 0 1 407 2 1224979098644774932 1224979098644774925 402 2 1224979098644774916 1224979098644774925 4 0 1073741855 2 1224979098644774916 0 31 2 1224979098644774916 1 2105 2 1224979098644774932 1224979098644774936 3 0 4 0 528 3 1224979098644774931 1224979098644774925 1 2120 3 1224979098644774937 1224979098644774932 1224979098644774931 2122 3 1224979098644774938 144115188075856387 10 2147483678 2 1224979098644774937 1224979098644774938 2121 3 1224979098644774939 1224979098644774938 1224979098644774937 2105 2 1224979098644774932 1224979098644774939 3 0 408 3 1224979098644774925 1224979098644774932 15000 3 0 6 3 1224979098644774925 0 1224979098644774914 401 1 1224979098644774925 508 3 1224979098644774925 0 0 3 0 2133 2 144115188075856380 -1 416 0 1 1 936748722493063272 4 0 31 2 144115188075856400 2 1 1 936748722493063226 3 0 2133 2 144115188075856400 0 2133 2 144115188075856401 0 1 1 936748722493063236 1 1 936748722493063824 1 1 936748722493063826 1 1 936748722493063237 2133 2 144115188075856203 0 2133 2 144115188075856353 144115188075856354 2133 2 144115188075856355 144115188075856356 2370 1 144115188075856361 1 1 936748722493063221 400 1 1224979098644774914 6 3 1224979098644774925 0 1224979098644774914 401 1 1224979098644774925 395 3 1224979098644774925 78 -9999 3 0 2147483678 2 -1 47 
0.000000 0.000000 0.000000  0  23 2133 2 1224979098644774912 144115188075856354 2133 2 1224979098644774913 144115188075856356 400 1 1224979098644774914 6 3 1224979098644774915 0 1224979098644774914 401 1 1224979098644774915 402 2 1224979098644774916 1224979098644774915 4 0 31 2 1224979098644774916 0 2105 2 1224979098644774912 1 5 0 31 2 1224979098644774916 1 2105 2 1224979098644774913 1 3 0 3 0 4 0 1073741855 2 1224979098644774912 0 31 2 1224979098644774913 0 2370 1 1224979098644774917 2106 2 1224979098644774917 144115188075856361 2147483680 2 1224979098644774917 2 2370 1 144115188075856361 3 0 2147483678 2 -1 48 
1.000000 0.000000 0.000000  0  95 417 0 31 2 144115188075856388 1 31 2 144115188075856390 0 2147483678 2 144115188075856393 0 400 1 1224979098644774912 6 3 1224979098644774913 0 1224979098644774912 401 1 1224979098644774913 2147484086 1 1224979098644774913 4 0 548 3 1224979098644774913 0 0 402 2 1224979098644774914 1224979098644774913 2147483678 2 1224979098644774914 2 404 2 1224979098644774915 1224979098644774913 30 2 1224979098644774915 0 2133 2 1224979098644774916 0 2133 2 1224979098644774917 0 2133 2 1224979098644774918 0 4 0 2133 2 1224979098644774919 0 400 1 1224979098644774912 6 3 1224979098644774920 0 1224979098644774912 401 1 1224979098644774920 2105 2 1224979098644774919 1 402 2 1224979098644774921 1224979098644774920 4 0 31 2 1224979098644774921 0 2105 2 1224979098644774917 1 5 0 31 2 1224979098644774921 1 2105 2 1224979098644774918 1 3 0 3 0 2122 3 1224979098644774922 1224979098644774917 1224979098644774918 2370 1 1224979098644774923 2106 2 1224979098644774923 144115188075856361 3221225502 2 1224979098644774923 30 3221225504 2 1224979098644774919 2 31 2 1224979098644774922 0 4 0 1 2 936748722493063816 1224979098644774915 2133 2 1224979098644774924 72057594037927936 4 0 31 2 1224979098644774924 3 2133 2 1224979098644774925 144115188075856361 2106 2 1224979098644774925 6 2147483680 2 1224979098644774923 1224979098644774925 31 2 144115188075856203 0 2133 2 1224979098644774916 1 5 0 31 2 144115188075856203 0 2133 2 1224979098644774916 1 3 0 3 0 3 0 31 2 1224979098644774916 1 4 0 31 2 1224979098644774914 0 2133 2 1224979098644774926 0 5 0 31 2 1224979098644774914 1 2133 2 1224979098644774926 32 3 0 1 2 936748722493063295 1224979098644774913 1 3 936748722493063842 1224979098644774913 1224979098644774924 409 2 1224979098644774913 1224979098644774926 508 3 1224979098644774913 0 1 5 0 31 2 144115188075856408 1 406 2 1224979098644774927 1224979098644774913 30 2 1224979098644774927 0 2147485350 1 1224979098644774927 1760 2 1224979098644774928 1224979098644774927 32 2 1224979098644774928 144115188075856343 402 2 1224979098644774914 1224979098644774913 2133 2 1224979098644774929 0 12 1 1224979098644774930 31 2 1224979098644774929 0 1702 1 1224979098644774930 1704 1 1224979098644774930 1707 1 1224979098644774930 1770 2 1224979098644774931 1224979098644774930 31 2 1224979098644774931 1224979098644774914 2133 2 1224979098644774929 1 3 0 4 0 31 2 1224979098644774929 1 1 2 936748722493063254 1224979098644774913 421 2 1224979098644774913 72057594037927936 528 3 1224979098644774932 1224979098644774913 0 2105 2 1224979098644774932 1 508 3 1224979098644774913 0 1224979098644774932 3 0 3 0 3 0 2147483678 2 -1 49 
0.000000 0.000000 0.000000  0  120 417 0 31 2 144115188075856333 1 2120 3 1224979098644774912 144115188075856353 144115188075856355 4 0 32 2 1224979098644774912 0 4 0 1073741855 2 144115188075856325 2 1073741855 2 144115188075856325 3 31 2 144115188075856325 6 455 2 1224979098644774913 0 455 2 1224979098644774914 1 2120 3 1224979098644774915 1224979098644774913 1224979098644774914 31 2 1224979098644774915 0 2370 1 1224979098644774916 2106 2 1224979098644774916 144115188075856361 2147483678 2 1224979098644774916 20 2133 2 1224979098644774917 0 5 0 2133 2 1224979098644774917 1 3 0 31 2 1224979098644774917 1 2136 3 1224979098644774918 0 1224979098644774912 2106 2 1224979098644774918 144115188075856353 4 0 2147483678 2 1224979098644774918 0 2133 2 1224979098644774919 0 5 0 2133 2 1224979098644774919 1 3 0 4 0 1073741855 2 144115188075856325 2 31 2 144115188075856325 3 2370 1 1224979098644774916 2106 2 1224979098644774916 144115188075856361 4 0 2147483680 2 1224979098644774916 20 2133 2 1224979098644774920 0 5 0 2133 2 1224979098644774920 1 3 0 5 0 2133 2 1224979098644774920 1 3 0 1 3 936748722493063291 1224979098644774919 1224979098644774920 2133 2 1224979098644774921 72057594037927936 2133 2 1224979098644774922 72057594037927937 458 2 1224979098644774923 1224979098644774919 2133 2 1224979098644774924 0 6 3 1224979098644774925 360287970189640531 360287970189640549 2173 2 1224979098644774926 1224979098644774925 31 2 1224979098644774926 1224979098644774923 2105 2 1224979098644774924 1 3 0 2133 2 1224979098644774927 0 400 1 1224979098644774928 6 3 1224979098644774929 0 1224979098644774928 401 1 1224979098644774929 402 2 1224979098644774930 1224979098644774929 31 2 1224979098644774919 1224979098644774930 2133 2 1224979098644774931 0 2120 3 1224979098644774932 35 1224979098644774924 6 3 1224979098644774933 35 1224979098644774932 568 3 1224979098644774929 1224979098644774933 1 2133 2 1224979098644774931 1 2133 2 1224979098644774932 0 3 0 30 2 1224979098644774931 1 2105 2 1224979098644774927 1 3 0 4 0 1073741854 2 1224979098644774922 0 31 2 1224979098644774927 0 1541 3 1224979098644774934 1224979098644774921 8 4 0 30 2 1224979098644774934 0 2133 2 1224979098644774935 1 5 0 2133 2 1224979098644774935 0 3 0 4 0 31 2 144115188075856325 6 2370 1 1224979098644774916 2106 2 1224979098644774916 144115188075856361 4 0 2147483678 2 1224979098644774916 20 4 0 31 2 1224979098644774919 0 1 4 936748722493063293 1224979098644774919 1 1224979098644774935 5 0 2133 2 72057594037927936 32 3 0 5 0 1 4 936748722493063293 1224979098644774919 0 1224979098644774935 3 0 5 0 1073741855 2 144115188075856325 2 31 2 144115188075856325 3 4 0 31 2 1224979098644774919 0 2133 2 72057594037927936 0 5 0 2133 2 72057594037927936 32 3 0 5 0 1 4 936748722493063293 1224979098644774919 0 1224979098644774935 3 0 2211 1 1224979098644774936 1261 1 1224979098644774936 1265 5 72057594037927936 1224979098644774921 1 1224979098644774919 1224979098644774922 2133 2 144115188075856333 0 4 0 31 2 1224979098644774919 0 2106 2 144115188075856353 1 5 0 31 2 1224979098644774919 1 2106 2 144115188075856355 1 3 0 3 0 3 0 2147483678 2 -1 50 
3.000000 0.000000 0.000000  0  17 417 0 12 1 1224979098644774912 1707 1 1224979098644774912 1704 1 1224979098644774912 1702 1 1224979098644774912 1765 2 1224979098644774913 1224979098644774912 4 0 2147484049 1 1224979098644774913 1 2 936748722493063292 1224979098644774912 5 0 402 2 1224979098644774914 1224979098644774913 1770 2 1224979098644774915 1224979098644774912 2147483679 2 1224979098644774914 1224979098644774915 1 2 936748722493063292 1224979098644774912 3 0 3 0 2147483678 2 -1 51 
-21.000000 0.000000 0.000000  0  6 4 0 31 2 144115188075856357 0 2133 2 144115188075856334 1 900 1 1513209474796486674 3 0 2147483678 2 -1 52 
0.000000 0.000000 100000000.000000  0  2 900 1 1513209474796486661 2147483678 2 -1 53 
-24.000000 0.000000 0.000000  0  7 900 1 1513209474796486668 900 1 1513209474796486669 4 0 31 2 144115188075856400 2 900 1 1513209474796486671 3 0 2147483678 2 -1 54 
-23.000000 0.000000 0.000000  0  5 2147484551 1 1513209474796486676 2147484551 1 1513209474796486674 31 2 144115188075856358 0 900 1 1513209474796486676 2147483678 2 -1 55 


mst_multiplayer_fd multiplayer_fd 2  -1
You_lead_your_men_to_battle. 

64 0 528400 0 16 1 0  
1 528400 0 16 1 0  
2 4112 0 16 1 0  
3 4112 0 16 1 0  
4 4112 0 16 1 0  
5 4112 0 16 1 0  
6 4112 0 16 1 0  
7 4112 0 16 1 0  
8 4112 0 16 1 0  
9 4112 0 16 1 0  
10 4112 0 16 1 0  
11 4112 0 16 1 0  
12 4112 0 16 1 0  
13 4112 0 16 1 0  
14 4112 0 16 1 0  
15 4112 0 16 1 0  
16 8208 0 16 1 0  
17 8208 0 16 1 0  
18 8208 0 16 1 0  
19 8208 0 16 1 0  
20 8208 0 16 1 0  
21 8208 0 16 1 0  
22 8208 0 16 1 0  
23 8208 0 16 1 0  
24 8208 0 16 1 0  
25 8208 0 16 1 0  
26 8208 0 16 1 0  
27 8208 0 16 1 0  
28 8208 0 16 1 0  
29 8208 0 16 1 0  
30 8208 0 16 1 0  
31 8208 0 16 1 0  
32 528400 0 16 1 0  
33 528400 0 16 1 0  
34 4112 0 16 1 0  
35 4112 0 16 1 0  
36 4112 0 16 1 0  
37 4112 0 16 1 0  
38 4112 0 16 1 0  
39 4112 0 16 1 0  
40 4112 0 16 1 0  
41 4112 0 16 1 0  
42 4112 0 16 1 0  
43 4112 0 16 1 0  
44 4112 0 16 1 0  
45 4112 0 16 1 0  
46 4112 0 16 1 0  
47 4112 0 16 1 0  
48 8208 0 16 1 0  
49 8208 0 16 1 0  
50 8208 0 16 1 0  
51 8208 0 16 1 0  
52 8208 0 16 1 0  
53 8208 0 16 1 0  
54 8208 0 16 1 0  
55 8208 0 16 1 0  
56 8208 0 16 1 0  
57 8208 0 16 1 0  
58 8208 0 16 1 0  
59 8208 0 16 1 0  
60 8208 0 16 1 0  
61 8208 0 16 1 0  
62 8208 0 16 1 0  
63 8208 0 16 1 0  
48
-24.000000 0.000000 0.000000  0  6 4 0 31 2 144115188075856314 1 2147484551 1 1513209474796486713 900 1 1513209474796486713 3 0 2147483678 2 -1 0 
0.000000 0.000000 0.000000  1 2147484066 0  8 4 0 71 1 62 31 2 144115188075856314 0 2147484551 1 1513209474796486713 2133 2 144115188075856314 1 900 1 1513209474796486713 3 0 2147483678 2 -1 1 
1.000000 0.000000 0.000000  2 417 0 31 2 144115188075856315 1  30 2105 2 144115188075856316 1 2122 3 1224979098644774912 60 144115188075856317 4 0 30 2 144115188075856316 1224979098644774912 4 0 31 2 144115188075856318 1 2320 2 1 216172782113787622 5 0 31 2 144115188075856318 2 2320 2 1 216172782113787623 5 0 31 2 144115188075856318 3 2320 2 1 216172782113787624 5 0 31 2 144115188075856318 4 2320 2 1 216172782113787625 5 0 31 2 144115188075856318 5 2320 2 1 216172782113787626 2133 2 144115188075856318 0 3 0 17 1 1224979098644774913 401 1 1224979098644774913 399 3 1224979098644774913 111 1 3 0 473 1 1 2133 2 144115188075856316 0 2105 2 144115188075856318 1 3 0 2147483678 2 -1 2 
5.000000 0.000000 0.000000  2 417 0 31 2 144115188075856319 1  6 12 1 1224979098644774912 1712 1 1224979098644774912 1702 1 1224979098644774912 1733 2 1224979098644774912 1 3 0 2147483678 2 -1 3 
5.000000 0.000000 0.000000  2 417 0 31 2 144115188075856320 1  5 17 1 1224979098644774912 401 1 1224979098644774912 440 3 1224979098644774912 1 1 3 0 2147483678 2 -1 4 
-16.000000 0.000000 0.000000  1 417 0  19 17 1 1224979098644774912 401 1 1224979098644774912 548 3 1224979098644774912 57 1 441 2 1224979098644774913 1224979098644774912 500 3 360287970189640760 1224979098644774912 1224979098644774913 3 0 17 1 1224979098644774912 401 1 1224979098644774912 548 3 1224979098644774912 58 1 441 2 1224979098644774913 1224979098644774912 500 3 360287970189640761 1224979098644774912 1224979098644774913 3 0 17 1 1224979098644774912 401 1 1224979098644774912 548 3 1224979098644774912 59 1 441 2 1224979098644774913 1224979098644774912 500 3 360287970189640762 1224979098644774912 1224979098644774913 3 0 2147483678 2 -1 5 
300.000000 0.000000 100000000.000000  1 417 0  6 6 3 1224979098644774912 0 256 500 3 360287970189640760 1224979098644774912 -1 500 3 360287970189640761 1224979098644774912 -1 500 3 360287970189640762 1224979098644774912 -1 3 0 2147483678 2 -1 6 
1.000000 0.000000 0.000000  2 31 2 144115188075856321 1 417 0  26 2121 3 1224979098644774912 144115188075856322 1 2133 2 144115188075856322 1224979098644774912 2133 2 72057594037927937 1224979098644774912 4 0 31 2 1224979098644774912 0 2320 2 1 216172782113787475 1 1 936748722493063787 5 0 31 2 1224979098644774912 2 2320 2 1 216172782113787474 1 1 936748722493063787 5 0 31 2 1224979098644774912 4 2320 2 1 216172782113787473 1 1 936748722493063787 5 0 2147483679 2 1224979098644774912 -1 2320 2 1 216172782113787469 1 1 936748722493063787 3 0 4 0 2147483680 2 1224979098644774912 -1 1973 1 288230376151711893 1740 2 72057594037927936 1801439850948198842 3 0 2147483678 2 -1 7 
-25.000000 0.000000 0.000000  2 417 0 31 2 144115188075856207 0  4 2071 1 1224979098644774912 1 2 936748722493063783 1224979098644774912 1 2 936748722493063805 1224979098644774912 2147483678 2 -1 8 
-53.000000 0.000000 0.000000  1 417 0  91 2071 1 1224979098644774912 2072 1 1224979098644774913 4 0 1712 1 1224979098644774912 1702 1 1224979098644774912 1704 1 1224979098644774912 2147485355 1 1224979098644774912 1073741855 2 1224979098644774913 288230376151711760 1073741855 2 1224979098644774913 288230376151711850 1073741855 2 1224979098644774913 288230376151711854 1073741855 2 1224979098644774913 288230376151711855 1073741855 2 1224979098644774913 288230376151711856 1073741855 2 1224979098644774913 288230376151711857 1073741855 2 1224979098644774913 288230376151711858 1073741855 2 1224979098644774913 288230376151711859 1073741855 2 1224979098644774913 288230376151711860 1073741855 2 1224979098644774913 288230376151711864 1073741855 2 1224979098644774913 288230376151711865 1073741855 2 1224979098644774913 288230376151711866 1073741855 2 1224979098644774913 288230376151711861 1073741855 2 1224979098644774913 288230376151711867 31 2 1224979098644774913 288230376151711868 1774 2 1224979098644774912 1224979098644774913 2133 2 1224979098644774914 0 4 0 31 2 144115188075856207 1 1720 3 1224979098644774915 1224979098644774912 1 4 0 31 2 1224979098644774913 288230376151711760 2105 2 1224979098644774914 6 5 0 31 2 1224979098644774913 288230376151711850 2105 2 1224979098644774914 3 5 0 31 2 1224979098644774913 288230376151711854 2105 2 1224979098644774914 5 5 0 31 2 1224979098644774913 288230376151711855 2105 2 1224979098644774914 7 5 0 31 2 1224979098644774913 288230376151711856 2105 2 1224979098644774914 4 5 0 31 2 1224979098644774913 288230376151711857 2105 2 1224979098644774914 8 5 0 31 2 1224979098644774913 288230376151711858 2105 2 1224979098644774914 4 5 0 31 2 1224979098644774913 288230376151711859 2105 2 1224979098644774914 5 5 0 31 2 1224979098644774913 288230376151711860 2105 2 1224979098644774914 5 5 0 31 2 1224979098644774913 288230376151711864 2105 2 1224979098644774914 5 5 0 31 2 1224979098644774913 288230376151711865 2105 2 1224979098644774914 7 5 0 31 2 1224979098644774913 288230376151711866 2105 2 1224979098644774914 8 5 0 31 2 1224979098644774913 288230376151711861 2105 2 1224979098644774914 4 5 0 31 2 1224979098644774913 288230376151711867 2105 2 1224979098644774914 10 3 0 4 0 2147483678 2 1224979098644774915 55 2105 2 1224979098644774915 1224979098644774914 2110 2 1224979098644774915 55 1721 3 1224979098644774912 1224979098644774915 1 3 0 5 0 1720 2 1224979098644774915 1224979098644774912 2105 2 1224979098644774914 5 2147483678 2 1224979098644774915 100 2105 2 1224979098644774915 1224979098644774914 2110 2 1224979098644774915 100 1721 2 1224979098644774912 1224979098644774915 3 0 1724 2 1224979098644774916 1224979098644774912 401 1 1224979098644774916 2325 2 1 1224979098644774913 2133 2 72057594037927937 1224979098644774914 399 3 1224979098644774916 111 216172782113787572 3 0 2147483678 2 -1 9 
1.500000 0.000000 0.000000  3 417 0 1073741855 2 144115188075856323 2 31 2 144115188075856323 4  34 12 1 1224979098644774912 1712 1 1224979098644774912 1702 1 1224979098644774912 1704 1 1224979098644774912 2147485355 1 1224979098644774912 1710 2 15 1224979098644774912 791 1 15 2124 1 100 722 2 15 180 700 2 16 15 700 2 17 15 4 0 31 2 144115188075856323 4 700 2 18 15 700 2 19 15 700 2 20 15 700 2 21 15 720 2 18 400 720 2 19 -400 721 2 20 400 721 2 21 -400 3 0 722 2 15 -170 722 2 17 2000 4 0 31 2 144115188075856323 4 1 1 936748722493063812 5 0 707 2 16 17 722 2 15 650 1969 3 1008806316530991105 15 140 3 0 3 0 2147483678 2 -1 10 
1.000000 0.000000 0.000000  3 417 0 1073741855 2 144115188075856323 1 31 2 144115188075856323 3  34 12 1 1224979098644774912 1712 1 1224979098644774912 1702 1 1224979098644774912 1704 1 1224979098644774912 2147485355 1 1224979098644774912 1710 2 15 1224979098644774912 791 1 15 2124 1 100 722 2 15 180 700 2 16 15 700 2 17 15 4 0 31 2 144115188075856323 3 700 2 18 15 700 2 19 15 700 2 20 15 700 2 21 15 720 2 18 600 720 2 19 -600 721 2 20 600 721 2 21 -600 3 0 722 2 15 -170 722 2 17 2000 4 0 31 2 144115188075856323 3 1 1 936748722493063811 5 0 707 2 16 17 722 2 15 470 1969 3 1008806316530991104 15 300 3 0 3 0 2147483678 2 -1 11 
-20.000000 0.000000 0.000000  2 417 0 31 2 144115188075856207 0  2 1 1 936748722493063825 2147483678 2 -1 12 
5.000000 0.000000 0.000000  2 417 0 31 2 144115188075856324 1  81 2124 1 100 12 1 1224979098644774912 1712 1 1224979098644774912 1702 1 1224979098644774912 1710 2 3 1224979098644774912 728 2 1224979098644774913 3 2133 2 1224979098644774914 -190 4 0 2147483678 2 1224979098644774913 1224979098644774914 4 0 1712 1 1224979098644774912 1702 1 1224979098644774912 1704 1 1224979098644774912 1714 2 1224979098644774915 1224979098644774912 1712 1 1224979098644774915 1702 1 1224979098644774915 2133 2 1224979098644774914 -280 5 0 1712 1 1224979098644774912 1702 1 1224979098644774912 2147485352 1 1224979098644774912 2133 2 1224979098644774914 -200 3 0 2133 2 1224979098644774916 1152921504606847103 4 0 1712 1 1224979098644774912 1704 1 1224979098644774912 4 0 1718 2 1224979098644774917 1224979098644774912 1506 2 1224979098644774918 1224979098644774917 4 0 1724 2 1224979098644774919 1224979098644774912 401 1 1224979098644774919 442 2 1224979098644774918 1224979098644774919 3 0 4 0 31 2 1224979098644774918 0 2133 2 1224979098644774916 1152921504606847103 5 0 31 2 1224979098644774918 1 2133 2 1224979098644774916 1152921504606847082 3 0 3 0 5 0 1712 1 1224979098644774912 2147485352 1 1224979098644774912 2133 2 1224979098644774916 1152921504606847125 3 0 4 0 2147483680 2 1224979098644774913 1224979098644774914 1712 1 1224979098644774912 1702 1 1224979098644774912 1704 1 1224979098644774912 1720 2 1224979098644774920 1224979098644774912 2121 3 1224979098644774921 1224979098644774920 10 1721 2 1224979098644774912 1224979098644774921 4 0 2147483680 2 1224979098644774921 0 1722 2 1224979098644774912 1224979098644774912 3 0 391 4 126 6 1224979098644774912 1224979098644774916 1724 2 1224979098644774919 1224979098644774912 401 1 1224979098644774919 399 3 1224979098644774919 111 216172782113787429 5 0 2147483680 2 1224979098644774913 1224979098644774914 1712 1 1224979098644774912 1702 1 1224979098644774912 2147485352 1 1224979098644774912 1720 2 1224979098644774920 1224979098644774912 2121 3 1224979098644774921 1224979098644774920 10 1721 2 1224979098644774912 1224979098644774921 4 0 2147483680 2 1224979098644774921 0 1722 2 1224979098644774912 1224979098644774912 3 0 391 4 126 6 1224979098644774912 1224979098644774916 3 0 3 0 3 0 2147483678 2 -1 13 
3.000000 0.000000 100000000.000000  2 417 0 31 2 0 1  35 4 0 2319 1 5 2319 1 6 2133 2 1224979098644774912 0 17 1 1224979098644774913 401 1 1224979098644774913 1073742372 3 1224979098644774913 57 1 1073742372 3 1224979098644774913 58 1 1073742372 3 1224979098644774913 59 1 430 1 1224979098644774913 2105 2 1224979098644774912 1 2350 2 5 1224979098644774913 4 0 31 2 1224979098644774912 1 2320 2 6 216172782113787383 5 0 32 2 1224979098644774912 1 2320 2 6 216172782113787384 3 0 3 0 4 0 31 2 1224979098644774912 0 2320 2 6 1585267068834414750 3 0 2211 1 1224979098644774914 1 2 936748722493063207 1224979098644774914 2320 2 2 216172782113783815 1 2 936748722493063266 144115188075856325 1 2 936748722493063208 72057594037927936 2320 2 3 216172782113783815 2352 1 4 2320 2 1 216172782113787387 1 1 936748722493063787 3 0 2147483678 2 -1 14 
-29.000000 0.000000 0.000000  1 417 0  3 2071 1 1224979098644774912 1 2 936748722493063798 1224979098644774912 2147483678 2 -1 15 
1.000000 0.000000 0.000000  0  15 12 1 1224979098644774912 1712 1 1224979098644774912 1702 1 1224979098644774912 2133 2 1224979098644774913 0 16 3 1224979098644774914 1080863910568919057 1 1840 2 1224979098644774915 1224979098644774914 31 2 1224979098644774915 1 1801 2 1224979098644774914 1224979098644774912 2133 2 1224979098644774913 1 3 0 31 2 1224979098644774913 1 1702 1 1224979098644774912 1755 1 1224979098644774912 3 0 2147483678 2 -1 16 
0.000000 0.000000 3.000000  19 2147484066 0 415 1 1224979098644774912 401 1 1224979098644774912 1073742372 3 1224979098644774912 59 1 430 1 1224979098644774912 406 2 1224979098644774913 1224979098644774912 1712 1 1224979098644774913 1702 1 1224979098644774913 70 1 25 70 1 24 70 1 184 1709 2 1 1224979098644774913 722 2 1 120 1 2 936748722493063821 50 2133 2 144115188075856326 1 1975 3 1008806316530991164 1 1 700 2 3 1 72 1 7 2133 2 144115188075856326 0  1 2147483678 2 -1 17 
0.000000 0.000000 0.000000  21 2147484066 0 2124 1 100 415 1 1224979098644774912 401 1 1224979098644774912 1073742372 3 1224979098644774912 59 1 430 1 1224979098644774912 406 2 1224979098644774913 1224979098644774912 1712 1 1224979098644774913 1702 1 1224979098644774913 31 2 144115188075856326 1 2147483718 1 25 2147483718 1 24 2147483718 1 184 2133 2 144115188075856326 0 4 0 726 2 1224979098644774914 3 727 2 1224979098644774915 3 728 2 1224979098644774916 3 392 5 126 19 1224979098644774914 1224979098644774915 1224979098644774916 600 1 1152921504606846985 3 0  1 2147483678 2 -1 18 
3.000000 0.000000 0.000000  1 417 0  8 17 2 1224979098644774912 1 401 1 1224979098644774912 548 3 1224979098644774912 56 1 2147484086 1 1224979098644774912 394 2 1224979098644774912 79 399 3 1224979098644774912 111 216172782113787534 3 0 2147483678 2 -1 19 
0.000000 0.000000 0.000000  2 2147484066 0 255 0  33 4 0 70 1 29 70 1 56 71 1 63 4 0 31 2 144115188075856327 0 2133 2 144115188075856327 1 1106 1 1585267068834414751 5 0 2133 2 144115188075856327 0 1106 1 1585267068834414752 3 0 3 0 4 0 70 1 29 70 1 56 71 1 64 4 0 31 2 144115188075856327 1 2133 2 144115188075856327 2 1106 1 1585267068834414753 5 0 31 2 144115188075856327 2 2133 2 144115188075856327 1 1106 1 1585267068834414754 3 0 3 0 4 0 31 2 144115188075856327 2 2147484551 1 1513209474796486712 900 1 1513209474796486712 3 0 2147483678 2 -1 20 
0.000000 0.000000 0.000000  2 2147484066 0 1 1 936748722493063808  95 4 0 1073741895 1 22 1073741895 1 23 71 1 65 415 1 1224979098644774912 401 1 1224979098644774912 1073742372 3 1224979098644774912 57 1 1073742372 3 1224979098644774912 58 1 1073742372 3 1224979098644774912 59 1 430 1 1224979098644774912 4 0 71 1 22 2147484551 1 1513209474796486707 900 1 1513209474796486707 5 0 71 1 23 2147484551 1 1513209474796486708 900 1 1513209474796486708 5 0 71 1 65 2147484551 1 1513209474796486706 2147484551 1 1513209474796486682 900 1 1513209474796486706 3 0 3 0 4 0 71 1 25 415 1 1224979098644774912 401 1 1224979098644774912 2147484196 3 1224979098644774912 57 1 2147484196 3 1224979098644774912 58 1 2147484196 3 1224979098644774912 59 1 2147484078 1 1224979098644774912 2147484551 1 1513209474796486706 2147484551 1 1513209474796486682 900 1 1513209474796486711 3 0 4 0 70 1 29 70 1 56 71 1 66 415 1 1224979098644774912 415 1 1224979098644774912 401 1 1224979098644774912 1073742372 3 1224979098644774912 59 1 430 1 1224979098644774912 406 2 1224979098644774913 1224979098644774912 1712 1 1224979098644774913 1702 1 1224979098644774913 390 3 126 22 50 2093 2 1224979098644774913 50 3 0 4 0 70 1 29 70 1 56 71 1 67 415 1 1224979098644774912 401 1 1224979098644774912 1073742372 3 1224979098644774912 59 1 430 1 1224979098644774912 406 2 1224979098644774913 1224979098644774912 1712 1 1224979098644774913 1702 1 1224979098644774913 390 3 126 22 100 2093 2 1224979098644774913 100 3 0 4 0 70 1 29 70 1 56 71 1 68 415 1 1224979098644774912 401 1 1224979098644774912 1073742372 3 1224979098644774912 59 1 430 1 1224979098644774912 406 2 1224979098644774913 1224979098644774912 1712 1 1224979098644774913 1702 1 1224979098644774913 390 3 126 22 200 2093 2 1224979098644774913 200 3 0 4 0 70 1 29 70 1 56 71 1 87 415 1 1224979098644774912 401 1 1224979098644774912 1073742372 3 1224979098644774912 59 1 430 1 1224979098644774912 406 2 1224979098644774913 1224979098644774912 1712 1 1224979098644774913 1702 1 1224979098644774913 390 3 126 22 1000 2093 2 1224979098644774913 1000 3 0 2147483678 2 -1 21 
-28.000000 0.000000 0.000000  3 417 0 2147483679 2 144115188075856325 7 2147483679 2 144115188075856325 0  43 2071 1 1224979098644774912 2072 1 1224979098644774913 2073 1 1224979098644774914 4 0 1712 1 1224979098644774912 1712 1 1224979098644774913 1702 1 1224979098644774912 1702 1 1224979098644774913 4 0 1704 1 1224979098644774912 1704 1 1224979098644774913 1724 2 1224979098644774915 1224979098644774912 1724 2 1224979098644774916 1224979098644774913 401 1 1224979098644774915 401 1 1224979098644774916 2350 2 1 1224979098644774915 2350 2 2 1224979098644774916 402 2 1224979098644774917 1224979098644774915 402 2 1224979098644774918 1224979098644774916 31 2 1224979098644774917 1224979098644774918 2133 2 72057594037927937 1224979098644774914 473 1 216172782113787606 5 0 2133 2 1224979098644774919 1224979098644774912 2147485352 1 1224979098644774919 1704 1 1224979098644774913 1715 2 1224979098644774912 1224979098644774919 1712 1 1224979098644774912 1702 1 1224979098644774912 1724 2 1224979098644774915 1224979098644774912 1724 2 1224979098644774916 1224979098644774913 401 1 1224979098644774915 401 1 1224979098644774916 2350 2 1 1224979098644774915 2350 2 2 1224979098644774916 402 2 1224979098644774917 1224979098644774915 402 2 1224979098644774918 1224979098644774916 31 2 1224979098644774917 1224979098644774918 2133 2 72057594037927937 1224979098644774914 473 1 216172782113787607 3 0 3 0 2147483678 2 -1 22 
10.000000 0.000000 0.000000  2 417 0 31 2 144115188075856328 1  19 12 1 1224979098644774912 1712 1 1224979098644774912 1702 1 1224979098644774912 2147485352 1 1224979098644774912 1715 2 1224979098644774913 1224979098644774912 2147485360 1 1224979098644774913 2370 1 1224979098644774914 4 0 2147484213 3 1224979098644774912 50 1 505 3 1224979098644774912 50 1224979098644774914 5 0 565 3 1224979098644774912 50 1 525 3 1224979098644774915 1224979098644774912 50 2120 3 1224979098644774916 1224979098644774915 144115188075856329 30 2 1224979098644774914 1224979098644774916 1749 1 1224979098644774912 3 0 3 0 2147483678 2 -1 23 
-55.000000 0.000000 0.000000  2 417 0 31 2 144115188075856328 1  8 2072 1 1224979098644774912 4 0 1712 1 1224979098644774912 1702 1 1224979098644774912 2147485352 1 1224979098644774912 505 3 1224979098644774912 50 0 3 0 2147483678 2 -1 24 
0.000000 0.000000 100000000.000000  4 417 0 31 2 144115188075856359 1 2147483679 2 144115188075856325 7 2147483679 2 144115188075856325 0  8 6 3 1224979098644774912 0 1000000 500 3 360287970189640756 1224979098644774912 0 500 3 360287970189640757 1224979098644774912 0 500 3 360287970189640758 1224979098644774912 0 500 3 360287970189640759 1224979098644774912 0 3 0 2133 2 144115188075856360 0 2147483678 2 -1 25 
-25.000000 0.000000 0.000000  0  4 2071 1 1224979098644774912 1718 2 1224979098644774913 1224979098644774912 1 4 936748722493063580 1729382256910270468 1224979098644774912 1224979098644774913 2147483678 2 -1 26 
1.000000 5.000000 0.000000  9 417 0 31 2 144115188075856344 1 31 2 144115188075856345 0 2370 1 1224979098644774912 2120 3 1224979098644774913 144115188075856346 144115188075856347 1073741855 2 1224979098644774913 144115188075856348 1073741857 3 144115188075856349 1 3 32 2 1224979098644774912 144115188075856350 1 1 936748722493063258  9 2133 2 144115188075856344 0 4 0 1073741855 2 144115188075856351 0 31 2 144115188075856351 3 1 2 936748722493063266 144115188075856325 470 3 72057594037927936 144115188075856352 1 1 1 936748722493063174 3 0 2147483678 2 -1 27 
-15.000000 0.000000 0.000000  0  3 2071 1 1224979098644774912 1 2 936748722493063233 1224979098644774912 2147483678 2 -1 28 
-19.000000 0.000000 0.000000  0  13 2133 2 144115188075856325 3 1 1 936748722493063234 2133 2 144115188075856358 0 2133 2 144115188075856203 0 2133 2 144115188075856401 0 4 0 417 0 2133 2 144115188075856361 0 3 0 2133 2 144115188075856380 -1 1 1 936748722493063277 1 1 936748722493063275 2147483678 2 -1 29 
-20.000000 0.000000 0.000000  0  40 1 2 936748722493063224 0 1 2 936748722493063224 1 426 2 0 -1 426 2 1 -1 1 1 936748722493063221 1 1 936748722493063272 1 1 936748722493063237 2133 2 144115188075856205 1080863910568919104 2133 2 144115188075856409 1080863910568919727 1810 2 1224979098644774912 144115188075856205 6 3 1224979098644774913 0 1224979098644774912 1811 3 1224979098644774914 144115188075856205 1224979098644774913 30 2 1224979098644774914 0 1818 2 1224979098644774914 0 3 0 1810 2 1224979098644774915 144115188075856409 6 3 1224979098644774916 0 1224979098644774915 1811 3 1224979098644774917 144115188075856409 1224979098644774916 30 2 1224979098644774917 0 1818 2 1224979098644774917 0 3 0 4 0 1810 2 1224979098644774918 1080863910568919104 30 2 1224979098644774918 1 1811 3 1224979098644774919 1080863910568919104 0 1817 2 144115188075856410 1224979098644774919 5 0 1810 2 1224979098644774920 1080863910568919727 30 2 1224979098644774920 1 1811 3 1224979098644774921 1080863910568919727 0 1817 2 144115188075856410 1224979098644774921 3 0 2133 2 144115188075856204 0 4 0 2133 2 144115188075856353 144115188075856354 2133 2 144115188075856355 144115188075856356 3 0 900 1 1513209474796486672 2133 2 144115188075856333 1 2147483678 2 -1 30 
-25.000000 0.000000 0.000000  0  27 2071 1 1224979098644774912 1 2 936748722493063232 1224979098644774912 4 0 2147483678 2 144115188075856380 0 415 1 1224979098644774913 30 2 1224979098644774913 0 406 2 1224979098644774914 1224979098644774913 31 2 1224979098644774914 1224979098644774912 30 2 1224979098644774914 0 1770 2 144115188075856380 1224979098644774914 3 0 4 0 2147484065 0 4 0 31 2 144115188075856203 1 2133 2 144115188075856203 0 1 1 936748722493063221 1 1 936748722493063272 1 1 936748722493063249 900 1 1513209474796486672 4 0 31 2 144115188075856385 1 2133 2 144115188075856385 0 3 0 3 0 3 0 2147483678 2 -1 31 
-26.000000 0.000000 0.000000  0  117 2071 1 1224979098644774912 2072 1 1224979098644774913 1 3 936748722493063235 1224979098644774912 1224979098644774913 4 0 2147483678 2 144115188075856380 0 415 1 1224979098644774914 30 2 1224979098644774914 0 406 2 1224979098644774915 1224979098644774914 30 2 1224979098644774915 0 1770 2 144115188075856380 1224979098644774915 3 0 4 0 1704 1 1224979098644774912 2133 2 1224979098644774916 0 2133 2 1224979098644774917 0 12 1 1224979098644774918 1704 1 1224979098644774918 4 0 1702 1 1224979098644774918 1770 2 1224979098644774919 1224979098644774918 4 0 31 2 1224979098644774919 0 2105 2 1224979098644774916 1 5 0 31 2 1224979098644774919 1 2105 2 1224979098644774917 1 3 0 3 0 3 0 4 0 31 2 144115188075856203 0 4 0 1073741855 2 1224979098644774916 0 31 2 1224979098644774917 0 2133 2 144115188075856382 -1 2133 2 72057594037927936 144115188075856343 4 0 31 2 1224979098644774916 0 4 0 2147483679 2 1224979098644774917 0 2133 2 144115188075856382 1 3 0 4 0 31 2 144115188075856382 -1 5 0 31 2 144115188075856410 1 4 0 2147484065 0 1 1 936748722493063247 3 0 2121 3 1224979098644774920 2 144115188075856204 1 3 936748722493063250 16 1224979098644774920 5 0 1 3 936748722493063250 17 0 3 0 5 0 4 0 2147483679 2 1224979098644774916 0 2133 2 144115188075856382 0 3 0 4 0 31 2 144115188075856382 -1 5 0 31 2 144115188075856410 0 4 0 2147484065 0 1 1 936748722493063247 3 0 2121 3 1224979098644774920 2 144115188075856204 1 3 936748722493063250 16 1224979098644774920 5 0 1 3 936748722493063250 17 0 3 0 3 0 2370 1 144115188075856362 2133 2 144115188075856203 1 4 0 417 0 30 2 144115188075856382 0 2147483678 2 144115188075856382 2 2147483679 2 144115188075856382 -1 455 2 1224979098644774921 144115188075856382 2121 3 1224979098644774922 2 144115188075856204 2105 2 1224979098644774921 1224979098644774922 1 3 936748722493063239 144115188075856382 1224979098644774921 400 1 1224979098644774923 6 3 1224979098644774924 1 1224979098644774923 401 1 1224979098644774924 396 4 1224979098644774924 72 144115188075856382 1224979098644774921 3 0 3 0 4 0 2147483679 2 144115188075856410 144115188075856382 2147483679 2 144115188075856382 -1 2133 2 144115188075856204 2 3 0 3 0 3 0 3 0 4 0 417 0 1704 1 1224979098644774912 2147485355 1 1224979098644774912 30 2 1224979098644774912 0 1724 2 1224979098644774925 1224979098644774912 30 2 1224979098644774925 0 2124 1 100 1724 2 1224979098644774925 1224979098644774912 1710 2 0 1224979098644774912 726 2 1224979098644774926 0 727 2 1224979098644774927 0 728 2 1224979098644774928 0 508 3 1224979098644774925 29 1224979098644774926 508 3 1224979098644774925 30 1224979098644774927 508 3 1224979098644774925 31 1224979098644774928 3 0 2147483678 2 -1 32 
-16.000000 0.000000 0.000000  0  4 1 1 936748722493063278 2133 2 144115188075856334 0 900 1 1513209474796486674 2147483678 2 -1 33 
1.000000 0.000000 0.000000  3 417 0 31 2 144115188075856203 0 31 2 144115188075856204 2  11 2370 1 144115188075856362 2133 2 144115188075856203 1 415 1 1224979098644774912 1 2 936748722493063252 -9 400 1 1224979098644774913 6 3 1224979098644774914 1 1224979098644774913 401 1 1224979098644774914 2147483679 2 1224979098644774914 1224979098644774912 395 3 1224979098644774914 69 -9 3 0 2147483678 2 -1 34 
1.000000 0.000000 0.000000  5 417 0 31 2 144115188075856203 0 2370 1 1224979098644774912 2121 3 1224979098644774913 1224979098644774912 144115188075856361 30 2 1224979098644774913 144115188075856383  31 2370 1 144115188075856362 2133 2 144115188075856203 1 2133 2 144115188075856382 -9 415 1 1224979098644774912 2121 3 1224979098644774913 2 144115188075856204 1 3 936748722493063250 16 1224979098644774913 400 1 1224979098644774914 6 3 1224979098644774915 1 1224979098644774914 401 1 1224979098644774915 396 4 1224979098644774915 68 16 1224979098644774913 3 0 1 2 936748722493063252 144115188075856382 400 1 1224979098644774914 6 3 1224979098644774915 1 1224979098644774914 401 1 1224979098644774915 2147483679 2 1224979098644774915 1224979098644774912 395 3 1224979098644774915 69 144115188075856382 3 0 4 0 417 0 2133 2 144115188075856382 144115188075856410 455 2 1224979098644774916 144115188075856382 2121 3 1224979098644774917 2 144115188075856204 2105 2 1224979098644774916 1224979098644774917 1 3 936748722493063239 144115188075856382 1224979098644774916 6 3 1224979098644774915 1 1224979098644774914 401 1 1224979098644774915 396 4 1224979098644774915 72 144115188075856382 1224979098644774916 3 0 3 0 2147483678 2 -1 35 
10.000000 0.000000 0.000000  1 417 0  41 2133 2 1224979098644774912 0 2133 2 1224979098644774913 0 400 1 1224979098644774914 6 3 1224979098644774915 0 1224979098644774914 401 1 1224979098644774915 402 2 1224979098644774916 1224979098644774915 4 0 31 2 1224979098644774916 0 2105 2 1224979098644774912 1 5 0 31 2 1224979098644774916 1 2105 2 1224979098644774913 1 3 0 3 0 2121 3 1224979098644774917 1224979098644774912 1224979098644774913 2133 2 1224979098644774918 0 4 0 4 0 2122 3 1224979098644774919 144115188075856384 -1 2147483680 2 1224979098644774917 1224979098644774919 2123 3 1224979098644774918 1224979098644774917 -2 5 0 30 2 1224979098644774917 144115188075856384 2123 3 1224979098644774918 1224979098644774917 2 3 0 3 0 4 0 32 2 1224979098644774918 0 4 0 31 2 144115188075856385 0 2133 2 144115188075856385 1 1 3 936748722493063250 3 0 400 1 1224979098644774914 6 3 1224979098644774920 1 1224979098644774914 401 1 1224979098644774920 395 3 1224979098644774920 68 3 3 0 1 1 936748722493063210 3 0 3 0 2147483678 2 -1 36 
0.000000 0.000000 0.000000  3 417 0 31 2 144115188075856203 0 31 2 144115188075856400 2  178 2124 1 100 1811 3 1224979098644774912 1080863910568919947 0 1811 3 1224979098644774913 1080863910568919947 1 1811 3 1224979098644774914 144115188075856366 0 1811 3 1224979098644774915 144115188075856367 0 1850 2 1 1224979098644774912 1850 2 2 1224979098644774913 1850 2 3 1224979098644774914 1850 2 4 1224979098644774915 700 2 7 1 722 2 7 100 700 2 8 2 722 2 8 100 710 3 1224979098644774916 1 3 710 3 1224979098644774917 2 4 2133 2 1224979098644774918 0 2133 2 1224979098644774919 0 400 1 1224979098644774920 6 3 1224979098644774921 0 1224979098644774920 401 1 1224979098644774921 406 2 1224979098644774922 1224979098644774921 30 2 1224979098644774922 0 1704 1 1224979098644774922 1702 1 1224979098644774922 1770 2 1224979098644774923 1224979098644774922 1710 2 0 1224979098644774922 1714 2 1224979098644774924 1224979098644774922 31 2 1224979098644774924 -1 4 0 31 2 1224979098644774923 0 4 0 712 3 1224979098644774925 0 1 2147483678 2 1224979098644774925 1600 4 0 31 2 1224979098644774918 0 2133 2 1224979098644774918 1 5 0 31 2 1224979098644774918 -1 2133 2 1224979098644774918 -2 3 0 3 0 4 0 712 3 1224979098644774925 0 2 2147483678 2 1224979098644774925 1600 4 0 31 2 1224979098644774919 0 2133 2 1224979098644774919 -1 5 0 31 2 1224979098644774919 1 2133 2 1224979098644774919 -2 3 0 3 0 5 0 31 2 1224979098644774923 1 4 0 712 3 1224979098644774925 0 2 2147483678 2 1224979098644774925 1600 4 0 31 2 1224979098644774919 0 2133 2 1224979098644774919 1 5 0 2133 2 1224979098644774919 -2 3 0 3 0 4 0 712 3 1224979098644774925 0 1 2147483678 2 1224979098644774925 1600 4 0 31 2 1224979098644774918 0 2133 2 1224979098644774918 -1 5 0 31 2 1224979098644774918 1 2133 2 1224979098644774918 -2 3 0 3 0 3 0 3 0 4 0 30 2 1224979098644774916 800 2133 2 144115188075856382 0 400 1 1224979098644774920 1 2 936748722493063252 144115188075856382 6 3 1224979098644774921 1 1224979098644774920 401 1 1224979098644774921 395 3 1224979098644774921 69 144115188075856382 3 0 455 2 1224979098644774926 0 1 3 936748722493063239 0 1224979098644774926 6 3 1224979098644774921 1 1224979098644774920 401 1 1224979098644774921 396 4 1224979098644774921 72 0 1224979098644774926 3 0 2370 1 144115188075856362 2133 2 144115188075856203 1 5 0 30 2 1224979098644774917 800 2133 2 144115188075856382 1 400 1 1224979098644774920 1 2 936748722493063252 144115188075856382 6 3 1224979098644774921 1 1224979098644774920 401 1 1224979098644774921 395 3 1224979098644774921 69 144115188075856382 3 0 455 2 1224979098644774927 1 1 3 936748722493063239 1 1224979098644774927 6 3 1224979098644774921 1 1224979098644774920 401 1 1224979098644774921 396 4 1224979098644774921 72 1 1224979098644774927 3 0 1 3 936748722493063250 12 0 1 2 936748722493063253 144115188075856382 2370 1 144115188075856362 2133 2 144115188075856203 1 3 0 4 0 31 2 144115188075856203 0 728 2 1224979098644774928 3 1862 2 1224979098644774929 1224979098644774914 4 0 31 2 1224979098644774918 -2 31 2 1224979098644774929 1 1861 1 1224979098644774914 5 0 1073741855 2 1224979098644774918 0 31 2 1224979098644774918 -1 1863 2 9 1224979098644774914 728 2 1224979098644774930 9 1073741855 2 1224979098644774929 0 32 2 1224979098644774930 1224979098644774928 710 3 1224979098644774931 3 7 32 2 1224979098644774931 0 2107 2 1224979098644774931 16 1860 3 1224979098644774914 7 1224979098644774931 5 0 31 2 1224979098644774918 1 1863 2 9 1224979098644774914 728 2 1224979098644774930 9 1073741855 2 1224979098644774929 0 2147483678 2 1224979098644774930 1224979098644774928 700 2 5 1 722 2 5 800 710 3 1224979098644774931 3 5 32 2 1224979098644774931 0 2107 2 1224979098644774931 8 1860 3 1224979098644774914 5 1224979098644774931 3 0 728 2 1224979098644774932 4 1862 2 1224979098644774929 1224979098644774915 4 0 31 2 1224979098644774919 -2 31 2 1224979098644774929 1 1861 1 1224979098644774915 5 0 1073741855 2 1224979098644774919 0 31 2 1224979098644774919 -1 1863 2 9 1224979098644774915 728 2 1224979098644774933 9 1073741855 2 1224979098644774929 0 32 2 1224979098644774933 1224979098644774932 710 3 1224979098644774934 4 8 32 2 1224979098644774934 0 2107 2 1224979098644774934 16 1860 3 1224979098644774915 8 1224979098644774934 5 0 31 2 1224979098644774919 1 1863 2 9 1224979098644774915 728 2 1224979098644774933 9 1073741855 2 1224979098644774929 0 2147483678 2 1224979098644774933 1224979098644774932 700 2 6 2 722 2 6 800 710 3 1224979098644774934 4 6 32 2 1224979098644774934 0 2107 2 1224979098644774934 8 1860 3 1224979098644774915 6 1224979098644774934 3 0 3 0 2147483678 2 -1 37 
1.000000 0.000000 3.000000  5 417 0 31 2 144115188075856203 1 2370 1 1224979098644774912 2106 2 1224979098644774912 144115188075856362 30 2 1224979098644774912 144115188075856343  165 2133 2 1224979098644774912 0 2133 2 1224979098644774913 0 400 1 1224979098644774914 6 3 1224979098644774915 0 1224979098644774914 401 1 1224979098644774915 402 2 1224979098644774916 1224979098644774915 4 0 31 2 1224979098644774916 0 2105 2 1224979098644774912 1 5 0 31 2 1224979098644774916 1 2105 2 1224979098644774913 1 3 0 3 0 2121 3 1224979098644774917 1224979098644774912 1224979098644774913 2133 2 1224979098644774918 0 4 0 4 0 2122 3 1224979098644774919 144115188075856384 -1 2147483680 2 1224979098644774917 1224979098644774919 2123 3 1224979098644774918 1224979098644774917 -2 2133 2 1224979098644774920 1 2133 2 1224979098644774921 0 5 0 30 2 1224979098644774917 144115188075856384 2123 3 1224979098644774918 1224979098644774917 2 2133 2 1224979098644774920 0 2133 2 1224979098644774921 1 3 0 3 0 4 0 32 2 1224979098644774918 0 4 0 6 3 1224979098644774922 0 1224979098644774918 2133 2 1224979098644774923 0 2133 2 1224979098644774924 -1 400 1 1224979098644774914 6 3 1224979098644774925 0 1224979098644774914 401 1 1224979098644774925 402 2 1224979098644774916 1224979098644774925 31 2 1224979098644774916 1224979098644774920 528 3 1224979098644774926 1224979098644774925 21 4 0 32 2 1224979098644774926 1224979098644774923 2133 2 1224979098644774923 1224979098644774926 2133 2 1224979098644774924 1224979098644774925 3 0 3 0 4 0 30 2 1224979098644774924 0 4 0 406 2 1224979098644774927 1224979098644774924 30 2 1224979098644774927 0 1702 1 1224979098644774927 433 2 1224979098644774928 1224979098644774924 2105 2 1224979098644774928 1 434 2 1224979098644774924 1224979098644774928 435 2 1224979098644774929 1224979098644774924 2106 2 1224979098644774929 1 436 2 1224979098644774924 1224979098644774929 431 2 1224979098644774930 1224979098644774924 2105 2 1224979098644774930 1 432 2 1224979098644774924 1224979098644774930 6 3 1224979098644774925 1 1224979098644774914 401 1 1224979098644774925 398 6 1224979098644774925 86 1224979098644774924 1224979098644774930 1224979098644774928 1224979098644774929 3 0 460 2 1224979098644774931 1224979098644774924 407 2 1224979098644774932 1224979098644774924 2105 2 1224979098644774932 1224979098644774931 408 3 1224979098644774924 1224979098644774932 15000 3 0 405 2 1224979098644774924 -1 403 2 1224979098644774924 1224979098644774921 394 2 1224979098644774924 79 3 0 3 0 1 3 936748722493063250 2 0 415 1 1224979098644774933 400 1 1224979098644774914 6 3 1224979098644774925 0 1224979098644774914 401 1 1224979098644774925 2147483679 2 1224979098644774933 1224979098644774925 395 3 1224979098644774925 68 2 3 0 2133 2 144115188075856385 0 3 0 3 0 2133 2 144115188075856385 0 400 1 1224979098644774914 6 3 1224979098644774925 0 1224979098644774914 401 1 1224979098644774925 406 2 1224979098644774934 1224979098644774925 30 2 1224979098644774934 0 1702 1 1224979098644774934 459 1 1224979098644774925 460 2 1224979098644774931 1224979098644774925 508 3 1224979098644774925 1 1224979098644774931 3 0 2133 2 1224979098644774935 500 2107 2 1224979098644774935 144115188075856386 2108 2 1224979098644774935 100 2121 3 1224979098644774936 2 144115188075856204 2122 3 1224979098644774937 1224979098644774936 100 2122 3 1224979098644774938 144115188075856204 100 2105 2 1224979098644774937 100 2106 2 1224979098644774938 100 400 1 1224979098644774914 2107 2 1224979098644774937 144115188075856386 2108 2 1224979098644774937 100 2107 2 1224979098644774938 144115188075856386 2108 2 1224979098644774938 100 6 3 1224979098644774925 0 1224979098644774914 401 1 1224979098644774925 548 3 1224979098644774925 0 1 407 2 1224979098644774932 1224979098644774925 402 2 1224979098644774916 1224979098644774925 2105 2 1224979098644774932 1224979098644774935 4 0 31 2 1224979098644774916 144115188075856410 2105 2 1224979098644774932 1224979098644774937 5 0 2105 2 1224979098644774932 1224979098644774938 3 0 4 0 528 3 1224979098644774931 1224979098644774925 1 2120 3 1224979098644774939 1224979098644774932 1224979098644774931 2122 3 1224979098644774940 144115188075856387 10 2147483678 2 1224979098644774939 1224979098644774940 2121 3 1224979098644774941 1224979098644774940 1224979098644774939 2105 2 1224979098644774932 1224979098644774941 3 0 408 3 1224979098644774925 1224979098644774932 15000 3 0 6 3 1224979098644774925 0 1224979098644774914 401 1 1224979098644774925 508 3 1224979098644774925 0 0 3 0 2133 2 144115188075856380 -1 416 0 1 1 936748722493063830 400 1 1224979098644774914 6 3 1224979098644774925 1 1224979098644774914 401 1 1224979098644774925 508 3 1224979098644774925 32 0 508 3 1224979098644774925 33 0 3 0 1 1 936748722493063272 1 1 936748722493063236 1 1 936748722493063824 1 1 936748722493063826 1 1 936748722493063237 2133 2 144115188075856203 0 2133 2 144115188075856353 144115188075856354 2133 2 144115188075856355 144115188075856356 900 1 1513209474796486672 1 1 936748722493063248 2370 1 144115188075856361 1 1 936748722493063221 400 1 1224979098644774914 6 3 1224979098644774925 0 1224979098644774914 401 1 1224979098644774925 395 3 1224979098644774925 78 -9999 3 0 2147483678 2 -1 38 
0.000000 0.000000 0.000000  0  23 2133 2 1224979098644774912 144115188075856354 2133 2 1224979098644774913 144115188075856356 400 1 1224979098644774914 6 3 1224979098644774915 0 1224979098644774914 401 1 1224979098644774915 402 2 1224979098644774916 1224979098644774915 4 0 31 2 1224979098644774916 0 2105 2 1224979098644774912 1 5 0 31 2 1224979098644774916 1 2105 2 1224979098644774913 1 3 0 3 0 4 0 1073741855 2 1224979098644774912 0 31 2 1224979098644774913 0 2370 1 1224979098644774917 2106 2 1224979098644774917 144115188075856361 2147483680 2 1224979098644774917 2 2370 1 144115188075856361 3 0 2147483678 2 -1 39 
1.000000 0.000000 0.000000  0  78 417 0 400 1 1224979098644774912 6 3 1224979098644774913 0 1224979098644774912 401 1 1224979098644774913 2147484086 1 1224979098644774913 4 0 548 3 1224979098644774913 0 0 402 2 1224979098644774914 1224979098644774913 2147483678 2 1224979098644774914 2 404 2 1224979098644774915 1224979098644774913 30 2 1224979098644774915 0 2133 2 1224979098644774916 0 2133 2 1224979098644774917 0 2133 2 1224979098644774918 0 4 0 2133 2 1224979098644774919 0 400 1 1224979098644774912 6 3 1224979098644774920 0 1224979098644774912 401 1 1224979098644774920 2105 2 1224979098644774919 1 402 2 1224979098644774921 1224979098644774920 4 0 31 2 1224979098644774921 0 2105 2 1224979098644774917 1 5 0 31 2 1224979098644774921 1 2105 2 1224979098644774918 1 3 0 3 0 2122 3 1224979098644774922 1224979098644774917 1224979098644774918 2370 1 1224979098644774923 2106 2 1224979098644774923 144115188075856361 3221225502 2 1224979098644774923 30 3221225504 2 1224979098644774919 2 31 2 1224979098644774922 0 31 2 144115188075856203 0 2133 2 1224979098644774916 1 3 0 31 2 1224979098644774916 1 4 0 31 2 1224979098644774914 0 2133 2 1224979098644774924 0 5 0 31 2 1224979098644774914 1 2133 2 1224979098644774924 32 3 0 1 2 936748722493063295 1224979098644774913 409 2 1224979098644774913 1224979098644774924 508 3 1224979098644774913 0 1 5 0 31 2 144115188075856408 1 406 2 1224979098644774925 1224979098644774913 30 2 1224979098644774925 0 2147485350 1 1224979098644774925 1760 2 1224979098644774926 1224979098644774925 32 2 1224979098644774926 144115188075856343 402 2 1224979098644774914 1224979098644774913 2133 2 1224979098644774927 0 12 1 1224979098644774928 31 2 1224979098644774927 0 1702 1 1224979098644774928 1704 1 1224979098644774928 1707 1 1224979098644774928 1770 2 1224979098644774929 1224979098644774928 31 2 1224979098644774929 1224979098644774914 2133 2 1224979098644774927 1 3 0 4 0 31 2 1224979098644774927 1 1 2 936748722493063254 1224979098644774913 421 2 1224979098644774913 72057594037927936 528 3 1224979098644774930 1224979098644774913 0 2105 2 1224979098644774930 1 508 3 1224979098644774913 0 1224979098644774930 3 0 3 0 3 0 2147483678 2 -1 40 
0.000000 0.000000 0.000000  0  120 417 0 31 2 144115188075856333 1 2120 3 1224979098644774912 144115188075856353 144115188075856355 4 0 32 2 1224979098644774912 0 4 0 1073741855 2 144115188075856325 2 1073741855 2 144115188075856325 3 31 2 144115188075856325 6 455 2 1224979098644774913 0 455 2 1224979098644774914 1 2120 3 1224979098644774915 1224979098644774913 1224979098644774914 31 2 1224979098644774915 0 2370 1 1224979098644774916 2106 2 1224979098644774916 144115188075856361 2147483678 2 1224979098644774916 20 2133 2 1224979098644774917 0 5 0 2133 2 1224979098644774917 1 3 0 31 2 1224979098644774917 1 2136 3 1224979098644774918 0 1224979098644774912 2106 2 1224979098644774918 144115188075856353 4 0 2147483678 2 1224979098644774918 0 2133 2 1224979098644774919 0 5 0 2133 2 1224979098644774919 1 3 0 4 0 1073741855 2 144115188075856325 2 31 2 144115188075856325 3 2370 1 1224979098644774916 2106 2 1224979098644774916 144115188075856361 4 0 2147483680 2 1224979098644774916 20 2133 2 1224979098644774920 0 5 0 2133 2 1224979098644774920 1 3 0 5 0 2133 2 1224979098644774920 1 3 0 1 3 936748722493063291 1224979098644774919 1224979098644774920 2133 2 1224979098644774921 72057594037927936 2133 2 1224979098644774922 72057594037927937 458 2 1224979098644774923 1224979098644774919 2133 2 1224979098644774924 0 6 3 1224979098644774925 360287970189640531 360287970189640549 2173 2 1224979098644774926 1224979098644774925 31 2 1224979098644774926 1224979098644774923 2105 2 1224979098644774924 1 3 0 2133 2 1224979098644774927 0 400 1 1224979098644774928 6 3 1224979098644774929 0 1224979098644774928 401 1 1224979098644774929 402 2 1224979098644774930 1224979098644774929 31 2 1224979098644774919 1224979098644774930 2133 2 1224979098644774931 0 2120 3 1224979098644774932 35 1224979098644774924 6 3 1224979098644774933 35 1224979098644774932 568 3 1224979098644774929 1224979098644774933 1 2133 2 1224979098644774931 1 2133 2 1224979098644774932 0 3 0 30 2 1224979098644774931 1 2105 2 1224979098644774927 1 3 0 4 0 1073741854 2 1224979098644774922 0 31 2 1224979098644774927 0 1541 3 1224979098644774934 1224979098644774921 8 4 0 30 2 1224979098644774934 0 2133 2 1224979098644774935 1 5 0 2133 2 1224979098644774935 0 3 0 4 0 31 2 144115188075856325 6 2370 1 1224979098644774916 2106 2 1224979098644774916 144115188075856361 4 0 2147483678 2 1224979098644774916 20 4 0 31 2 1224979098644774919 0 1 4 936748722493063293 1224979098644774919 1 1224979098644774935 5 0 2133 2 72057594037927936 32 3 0 5 0 1 4 936748722493063293 1224979098644774919 0 1224979098644774935 3 0 5 0 1073741855 2 144115188075856325 2 31 2 144115188075856325 3 4 0 31 2 1224979098644774919 0 2133 2 72057594037927936 0 5 0 2133 2 72057594037927936 32 3 0 5 0 1 4 936748722493063293 1224979098644774919 0 1224979098644774935 3 0 2211 1 1224979098644774936 1261 1 1224979098644774936 1265 5 72057594037927936 1224979098644774921 1 1224979098644774919 1224979098644774922 2133 2 144115188075856333 0 4 0 31 2 1224979098644774919 0 2106 2 144115188075856353 1 5 0 31 2 1224979098644774919 1 2106 2 144115188075856355 1 3 0 3 0 3 0 2147483678 2 -1 41 
3.000000 0.000000 0.000000  0  17 417 0 12 1 1224979098644774912 1707 1 1224979098644774912 1704 1 1224979098644774912 1702 1 1224979098644774912 1765 2 1224979098644774913 1224979098644774912 4 0 2147484049 1 1224979098644774913 1 2 936748722493063292 1224979098644774912 5 0 402 2 1224979098644774914 1224979098644774913 1770 2 1224979098644774915 1224979098644774912 2147483679 2 1224979098644774914 1224979098644774915 1 2 936748722493063292 1224979098644774912 3 0 3 0 2147483678 2 -1 42 
1.000000 0.000000 0.000000  0  75 417 0 2133 2 1224979098644774912 0 4 0 31 2 144115188075856325 8 4 0 31 2 144115188075856203 1 2133 2 1224979098644774912 1 3 0 5 0 1073741855 2 144115188075856325 2 1073741855 2 144115188075856325 3 31 2 144115188075856325 6 4 0 31 2 144115188075856203 1 2370 1 1224979098644774913 2106 2 1224979098644774913 144115188075856362 2121 3 1224979098644774914 144115188075856343 1 30 2 1224979098644774913 1224979098644774914 2370 1 1224979098644774915 4 0 1073741855 2 144115188075856325 2 31 2 144115188075856325 3 2133 2 1224979098644774916 90 5 0 2133 2 1224979098644774916 120 3 0 2122 3 1224979098644774917 144115188075856330 60 2121 3 1224979098644774918 1224979098644774917 1224979098644774916 32 2 1224979098644774915 1224979098644774918 2133 2 1224979098644774912 1 3 0 31 2 1224979098644774912 1 5 0 2147483679 2 144115188075856325 2 2147483679 2 144115188075856325 3 2147483679 2 144115188075856325 6 2147483679 2 144115188075856325 5 2370 1 1224979098644774915 2122 3 1224979098644774917 144115188075856330 60 32 2 1224979098644774915 1224979098644774917 2133 2 1224979098644774912 1 5 0 455 2 1224979098644774919 0 455 2 1224979098644774920 1 4 0 2147483679 2 144115188075856325 5 4 0 1073741854 2 1224979098644774919 144115188075856363 30 2 1224979098644774920 144115188075856363 2133 2 1224979098644774912 1 3 0 5 0 2133 2 1224979098644774921 0 400 1 1224979098644774922 6 3 1224979098644774923 0 1224979098644774922 401 1 1224979098644774923 406 2 1224979098644774924 1224979098644774923 30 2 1224979098644774924 0 2147485355 1 1224979098644774924 2133 2 1224979098644774921 1 2133 2 1224979098644774922 0 3 0 31 2 1224979098644774921 1 3221225504 2 1224979098644774919 0 2147483680 2 1224979098644774920 0 2133 2 1224979098644774912 1 3 0 3 0 4 0 31 2 1224979098644774912 1 1 2 936748722493063266 144115188075856325 470 3 72057594037927936 144115188075856332 0 1 1 936748722493063174 3 0 2147483678 2 -1 43 
-21.000000 0.000000 0.000000  0  6 4 0 31 2 144115188075856357 0 2133 2 144115188075856334 1 900 1 1513209474796486674 3 0 2147483678 2 -1 44 
0.000000 0.000000 100000000.000000  0  2 900 1 1513209474796486661 2147483678 2 -1 45 
-24.000000 0.000000 0.000000  0  3 900 1 1513209474796486668 900 1 1513209474796486669 2147483678 2 -1 46 
-23.000000 0.000000 0.000000  0  5 2147484551 1 1513209474796486676 2147484551 1 1513209474796486674 31 2 144115188075856358 0 900 1 1513209474796486676 2147483678 2 -1 47 


mst_multiplayer_ccoop multiplayer_ccoop 2  -1
You_lead_your_men_to_battle. 

88 0 4112 0 16 1 0  
1 4112 0 16 1 0  
2 4112 0 16 1 0  
3 4112 0 16 1 0  
4 4112 0 16 1 0  
5 4112 0 16 1 0  
6 4112 0 16 1 0  
7 4112 0 16 1 0  
8 4112 0 16 1 0  
9 4112 0 16 1 0  
10 4112 0 16 1 0  
11 4112 0 16 1 0  
12 4112 0 16 1 0  
13 4112 0 16 1 0  
14 4112 0 16 1 0  
15 4112 0 16 1 0  
16 4112 0 16 1 0  
17 4112 0 16 1 0  
18 4112 0 16 1 0  
19 4112 0 16 1 0  
20 4112 0 16 1 0  
21 4112 0 16 1 0  
22 4112 0 16 1 0  
23 4112 0 16 1 0  
24 4112 0 16 1 0  
25 4112 0 16 1 0  
26 4112 0 16 1 0  
27 4112 0 16 1 0  
28 4112 0 16 1 0  
29 4112 0 16 1 0  
30 4112 0 16 1 0  
31 4112 0 16 1 0  
32 8208 0 16 1 0  
33 8208 0 16 1 0  
34 8208 0 16 1 0  
35 8208 0 16 1 0  
36 8208 0 16 1 0  
37 8208 0 16 1 0  
38 8208 0 16 1 0  
39 8208 0 16 1 0  
40 8208 0 16 1 0  
41 8208 0 16 1 0  
42 8208 0 16 1 0  
43 8208 0 16 1 0  
44 8208 0 16 1 0  
45 8208 0 16 1 0  
46 8208 0 16 1 0  
47 8208 0 16 1 0  
48 8208 0 16 1 0  
49 8208 0 16 1 0  
50 8208 0 16 1 0  
51 8208 0 16 1 0  
52 8208 0 16 1 0  
53 8208 0 16 1 0  
54 8208 0 16 1 0  
55 8208 0 16 1 0  
56 8208 0 16 1 0  
57 8208 0 16 1 0  
58 8208 0 16 1 0  
59 8208 0 16 1 0  
60 8208 0 16 1 0  
61 8208 0 16 1 0  
62 8208 0 16 1 0  
63 8208 0 16 1 0  
64 8208 0 16 1 0  
65 8208 0 16 1 0  
66 8208 0 16 1 0  
67 8208 0 16 1 0  
68 8208 0 16 1 0  
69 8208 0 16 1 0  
70 8208 0 16 1 0  
71 8208 0 16 1 0  
72 8208 0 16 1 0  
73 8208 0 16 1 0  
74 8208 0 16 1 0  
75 8208 0 16 1 0  
76 8208 0 16 1 0  
77 8208 0 16 1 0  
78 8208 0 16 1 0  
79 8208 0 16 1 0  
80 8208 0 16 1 0  
81 8208 0 16 1 0  
82 8208 0 16 1 0  
83 8208 0 16 1 0  
84 8208 0 16 1 0  
85 8208 0 16 1 0  
86 8208 0 16 1 0  
87 8208 0 16 1 0  
46
-24.000000 0.000000 0.000000  0  6 4 0 31 2 144115188075856314 1 2147484551 1 1513209474796486713 900 1 1513209474796486713 3 0 2147483678 2 -1 0 
0.000000 0.000000 0.000000  1 2147484066 0  8 4 0 71 1 62 31 2 144115188075856314 0 2147484551 1 1513209474796486713 2133 2 144115188075856314 1 900 1 1513209474796486713 3 0 2147483678 2 -1 1 
1.000000 0.000000 0.000000  2 417 0 31 2 144115188075856315 1  30 2105 2 144115188075856316 1 2122 3 1224979098644774912 60 144115188075856317 4 0 30 2 144115188075856316 1224979098644774912 4 0 31 2 144115188075856318 1 2320 2 1 216172782113787622 5 0 31 2 144115188075856318 2 2320 2 1 216172782113787623 5 0 31 2 144115188075856318 3 2320 2 1 216172782113787624 5 0 31 2 144115188075856318 4 2320 2 1 216172782113787625 5 0 31 2 144115188075856318 5 2320 2 1 216172782113787626 2133 2 144115188075856318 0 3 0 17 1 1224979098644774913 401 1 1224979098644774913 399 3 1224979098644774913 111 1 3 0 473 1 1 2133 2 144115188075856316 0 2105 2 144115188075856318 1 3 0 2147483678 2 -1 2 
5.000000 0.000000 0.000000  2 417 0 31 2 144115188075856319 1  6 12 1 1224979098644774912 1712 1 1224979098644774912 1702 1 1224979098644774912 1733 2 1224979098644774912 1 3 0 2147483678 2 -1 3 
5.000000 0.000000 0.000000  2 417 0 31 2 144115188075856320 1  5 17 1 1224979098644774912 401 1 1224979098644774912 440 3 1224979098644774912 1 1 3 0 2147483678 2 -1 4 
-16.000000 0.000000 0.000000  1 417 0  19 17 1 1224979098644774912 401 1 1224979098644774912 548 3 1224979098644774912 57 1 441 2 1224979098644774913 1224979098644774912 500 3 360287970189640760 1224979098644774912 1224979098644774913 3 0 17 1 1224979098644774912 401 1 1224979098644774912 548 3 1224979098644774912 58 1 441 2 1224979098644774913 1224979098644774912 500 3 360287970189640761 1224979098644774912 1224979098644774913 3 0 17 1 1224979098644774912 401 1 1224979098644774912 548 3 1224979098644774912 59 1 441 2 1224979098644774913 1224979098644774912 500 3 360287970189640762 1224979098644774912 1224979098644774913 3 0 2147483678 2 -1 5 
300.000000 0.000000 100000000.000000  1 417 0  6 6 3 1224979098644774912 0 256 500 3 360287970189640760 1224979098644774912 -1 500 3 360287970189640761 1224979098644774912 -1 500 3 360287970189640762 1224979098644774912 -1 3 0 2147483678 2 -1 6 
1.000000 0.000000 0.000000  2 31 2 144115188075856321 1 417 0  26 2121 3 1224979098644774912 144115188075856322 1 2133 2 144115188075856322 1224979098644774912 2133 2 72057594037927937 1224979098644774912 4 0 31 2 1224979098644774912 0 2320 2 1 216172782113787475 1 1 936748722493063787 5 0 31 2 1224979098644774912 2 2320 2 1 216172782113787474 1 1 936748722493063787 5 0 31 2 1224979098644774912 4 2320 2 1 216172782113787473 1 1 936748722493063787 5 0 2147483679 2 1224979098644774912 -1 2320 2 1 216172782113787469 1 1 936748722493063787 3 0 4 0 2147483680 2 1224979098644774912 -1 1973 1 288230376151711893 1740 2 72057594037927936 1801439850948198842 3 0 2147483678 2 -1 7 
-25.000000 0.000000 0.000000  2 417 0 31 2 144115188075856207 0  4 2071 1 1224979098644774912 1 2 936748722493063783 1224979098644774912 1 2 936748722493063805 1224979098644774912 2147483678 2 -1 8 
-53.000000 0.000000 0.000000  1 417 0  91 2071 1 1224979098644774912 2072 1 1224979098644774913 4 0 1712 1 1224979098644774912 1702 1 1224979098644774912 1704 1 1224979098644774912 2147485355 1 1224979098644774912 1073741855 2 1224979098644774913 288230376151711760 1073741855 2 1224979098644774913 288230376151711850 1073741855 2 1224979098644774913 288230376151711854 1073741855 2 1224979098644774913 288230376151711855 1073741855 2 1224979098644774913 288230376151711856 1073741855 2 1224979098644774913 288230376151711857 1073741855 2 1224979098644774913 288230376151711858 1073741855 2 1224979098644774913 288230376151711859 1073741855 2 1224979098644774913 288230376151711860 1073741855 2 1224979098644774913 288230376151711864 1073741855 2 1224979098644774913 288230376151711865 1073741855 2 1224979098644774913 288230376151711866 1073741855 2 1224979098644774913 288230376151711861 1073741855 2 1224979098644774913 288230376151711867 31 2 1224979098644774913 288230376151711868 1774 2 1224979098644774912 1224979098644774913 2133 2 1224979098644774914 0 4 0 31 2 144115188075856207 1 1720 3 1224979098644774915 1224979098644774912 1 4 0 31 2 1224979098644774913 288230376151711760 2105 2 1224979098644774914 6 5 0 31 2 1224979098644774913 288230376151711850 2105 2 1224979098644774914 3 5 0 31 2 1224979098644774913 288230376151711854 2105 2 1224979098644774914 5 5 0 31 2 1224979098644774913 288230376151711855 2105 2 1224979098644774914 7 5 0 31 2 1224979098644774913 288230376151711856 2105 2 1224979098644774914 4 5 0 31 2 1224979098644774913 288230376151711857 2105 2 1224979098644774914 8 5 0 31 2 1224979098644774913 288230376151711858 2105 2 1224979098644774914 4 5 0 31 2 1224979098644774913 288230376151711859 2105 2 1224979098644774914 5 5 0 31 2 1224979098644774913 288230376151711860 2105 2 1224979098644774914 5 5 0 31 2 1224979098644774913 288230376151711864 2105 2 1224979098644774914 5 5 0 31 2 1224979098644774913 288230376151711865 2105 2 1224979098644774914 7 5 0 31 2 1224979098644774913 288230376151711866 2105 2 1224979098644774914 8 5 0 31 2 1224979098644774913 288230376151711861 2105 2 1224979098644774914 4 5 0 31 2 1224979098644774913 288230376151711867 2105 2 1224979098644774914 10 3 0 4 0 2147483678 2 1224979098644774915 55 2105 2 1224979098644774915 1224979098644774914 2110 2 1224979098644774915 55 1721 3 1224979098644774912 1224979098644774915 1 3 0 5 0 1720 2 1224979098644774915 1224979098644774912 2105 2 1224979098644774914 5 2147483678 2 1224979098644774915 100 2105 2 1224979098644774915 1224979098644774914 2110 2 1224979098644774915 100 1721 2 1224979098644774912 1224979098644774915 3 0 1724 2 1224979098644774916 1224979098644774912 401 1 1224979098644774916 2325 2 1 1224979098644774913 2133 2 72057594037927937 1224979098644774914 399 3 1224979098644774916 111 216172782113787572 3 0 2147483678 2 -1 9 
1.500000 0.000000 0.000000  3 417 0 1073741855 2 144115188075856323 2 31 2 144115188075856323 4  34 12 1 1224979098644774912 1712 1 1224979098644774912 1702 1 1224979098644774912 1704 1 1224979098644774912 2147485355 1 1224979098644774912 1710 2 15 1224979098644774912 791 1 15 2124 1 100 722 2 15 180 700 2 16 15 700 2 17 15 4 0 31 2 144115188075856323 4 700 2 18 15 700 2 19 15 700 2 20 15 700 2 21 15 720 2 18 400 720 2 19 -400 721 2 20 400 721 2 21 -400 3 0 722 2 15 -170 722 2 17 2000 4 0 31 2 144115188075856323 4 1 1 936748722493063812 5 0 707 2 16 17 722 2 15 650 1969 3 1008806316530991105 15 140 3 0 3 0 2147483678 2 -1 10 
1.000000 0.000000 0.000000  3 417 0 1073741855 2 144115188075856323 1 31 2 144115188075856323 3  34 12 1 1224979098644774912 1712 1 1224979098644774912 1702 1 1224979098644774912 1704 1 1224979098644774912 2147485355 1 1224979098644774912 1710 2 15 1224979098644774912 791 1 15 2124 1 100 722 2 15 180 700 2 16 15 700 2 17 15 4 0 31 2 144115188075856323 3 700 2 18 15 700 2 19 15 700 2 20 15 700 2 21 15 720 2 18 600 720 2 19 -600 721 2 20 600 721 2 21 -600 3 0 722 2 15 -170 722 2 17 2000 4 0 31 2 144115188075856323 3 1 1 936748722493063811 5 0 707 2 16 17 722 2 15 470 1969 3 1008806316530991104 15 300 3 0 3 0 2147483678 2 -1 11 
-20.000000 0.000000 0.000000  2 417 0 31 2 144115188075856207 0  2 1 1 936748722493063825 2147483678 2 -1 12 
5.000000 0.000000 0.000000  2 417 0 31 2 144115188075856324 1  81 2124 1 100 12 1 1224979098644774912 1712 1 1224979098644774912 1702 1 1224979098644774912 1710 2 3 1224979098644774912 728 2 1224979098644774913 3 2133 2 1224979098644774914 -190 4 0 2147483678 2 1224979098644774913 1224979098644774914 4 0 1712 1 1224979098644774912 1702 1 1224979098644774912 1704 1 1224979098644774912 1714 2 1224979098644774915 1224979098644774912 1712 1 1224979098644774915 1702 1 1224979098644774915 2133 2 1224979098644774914 -280 5 0 1712 1 1224979098644774912 1702 1 1224979098644774912 2147485352 1 1224979098644774912 2133 2 1224979098644774914 -200 3 0 2133 2 1224979098644774916 1152921504606847103 4 0 1712 1 1224979098644774912 1704 1 1224979098644774912 4 0 1718 2 1224979098644774917 1224979098644774912 1506 2 1224979098644774918 1224979098644774917 4 0 1724 2 1224979098644774919 1224979098644774912 401 1 1224979098644774919 442 2 1224979098644774918 1224979098644774919 3 0 4 0 31 2 1224979098644774918 0 2133 2 1224979098644774916 1152921504606847103 5 0 31 2 1224979098644774918 1 2133 2 1224979098644774916 1152921504606847082 3 0 3 0 5 0 1712 1 1224979098644774912 2147485352 1 1224979098644774912 2133 2 1224979098644774916 1152921504606847125 3 0 4 0 2147483680 2 1224979098644774913 1224979098644774914 1712 1 1224979098644774912 1702 1 1224979098644774912 1704 1 1224979098644774912 1720 2 1224979098644774920 1224979098644774912 2121 3 1224979098644774921 1224979098644774920 10 1721 2 1224979098644774912 1224979098644774921 4 0 2147483680 2 1224979098644774921 0 1722 2 1224979098644774912 1224979098644774912 3 0 391 4 126 6 1224979098644774912 1224979098644774916 1724 2 1224979098644774919 1224979098644774912 401 1 1224979098644774919 399 3 1224979098644774919 111 216172782113787429 5 0 2147483680 2 1224979098644774913 1224979098644774914 1712 1 1224979098644774912 1702 1 1224979098644774912 2147485352 1 1224979098644774912 1720 2 1224979098644774920 1224979098644774912 2121 3 1224979098644774921 1224979098644774920 10 1721 2 1224979098644774912 1224979098644774921 4 0 2147483680 2 1224979098644774921 0 1722 2 1224979098644774912 1224979098644774912 3 0 391 4 126 6 1224979098644774912 1224979098644774916 3 0 3 0 3 0 2147483678 2 -1 13 
3.000000 0.000000 100000000.000000  2 417 0 31 2 0 1  35 4 0 2319 1 5 2319 1 6 2133 2 1224979098644774912 0 17 1 1224979098644774913 401 1 1224979098644774913 1073742372 3 1224979098644774913 57 1 1073742372 3 1224979098644774913 58 1 1073742372 3 1224979098644774913 59 1 430 1 1224979098644774913 2105 2 1224979098644774912 1 2350 2 5 1224979098644774913 4 0 31 2 1224979098644774912 1 2320 2 6 216172782113787383 5 0 32 2 1224979098644774912 1 2320 2 6 216172782113787384 3 0 3 0 4 0 31 2 1224979098644774912 0 2320 2 6 1585267068834414750 3 0 2211 1 1224979098644774914 1 2 936748722493063207 1224979098644774914 2320 2 2 216172782113783815 1 2 936748722493063266 144115188075856325 1 2 936748722493063208 72057594037927936 2320 2 3 216172782113783815 2352 1 4 2320 2 1 216172782113787387 1 1 936748722493063787 3 0 2147483678 2 -1 14 
-29.000000 0.000000 0.000000  1 417 0  3 2071 1 1224979098644774912 1 2 936748722493063798 1224979098644774912 2147483678 2 -1 15 
1.000000 0.000000 0.000000  0  15 12 1 1224979098644774912 1712 1 1224979098644774912 1702 1 1224979098644774912 2133 2 1224979098644774913 0 16 3 1224979098644774914 1080863910568919057 1 1840 2 1224979098644774915 1224979098644774914 31 2 1224979098644774915 1 1801 2 1224979098644774914 1224979098644774912 2133 2 1224979098644774913 1 3 0 31 2 1224979098644774913 1 1702 1 1224979098644774912 1755 1 1224979098644774912 3 0 2147483678 2 -1 16 
0.000000 0.000000 3.000000  19 2147484066 0 415 1 1224979098644774912 401 1 1224979098644774912 1073742372 3 1224979098644774912 59 1 430 1 1224979098644774912 406 2 1224979098644774913 1224979098644774912 1712 1 1224979098644774913 1702 1 1224979098644774913 70 1 25 70 1 24 70 1 184 1709 2 1 1224979098644774913 722 2 1 120 1 2 936748722493063821 50 2133 2 144115188075856326 1 1975 3 1008806316530991164 1 1 700 2 3 1 72 1 7 2133 2 144115188075856326 0  1 2147483678 2 -1 17 
0.000000 0.000000 0.000000  21 2147484066 0 2124 1 100 415 1 1224979098644774912 401 1 1224979098644774912 1073742372 3 1224979098644774912 59 1 430 1 1224979098644774912 406 2 1224979098644774913 1224979098644774912 1712 1 1224979098644774913 1702 1 1224979098644774913 31 2 144115188075856326 1 2147483718 1 25 2147483718 1 24 2147483718 1 184 2133 2 144115188075856326 0 4 0 726 2 1224979098644774914 3 727 2 1224979098644774915 3 728 2 1224979098644774916 3 392 5 126 19 1224979098644774914 1224979098644774915 1224979098644774916 600 1 1152921504606846985 3 0  1 2147483678 2 -1 18 
3.000000 0.000000 0.000000  1 417 0  8 17 2 1224979098644774912 1 401 1 1224979098644774912 548 3 1224979098644774912 56 1 2147484086 1 1224979098644774912 394 2 1224979098644774912 79 399 3 1224979098644774912 111 216172782113787534 3 0 2147483678 2 -1 19 
0.000000 0.000000 0.000000  2 2147484066 0 255 0  33 4 0 70 1 29 70 1 56 71 1 63 4 0 31 2 144115188075856327 0 2133 2 144115188075856327 1 1106 1 1585267068834414751 5 0 2133 2 144115188075856327 0 1106 1 1585267068834414752 3 0 3 0 4 0 70 1 29 70 1 56 71 1 64 4 0 31 2 144115188075856327 1 2133 2 144115188075856327 2 1106 1 1585267068834414753 5 0 31 2 144115188075856327 2 2133 2 144115188075856327 1 1106 1 1585267068834414754 3 0 3 0 4 0 31 2 144115188075856327 2 2147484551 1 1513209474796486712 900 1 1513209474796486712 3 0 2147483678 2 -1 20 
0.000000 0.000000 0.000000  2 2147484066 0 1 1 936748722493063808  95 4 0 1073741895 1 22 1073741895 1 23 71 1 65 415 1 1224979098644774912 401 1 1224979098644774912 1073742372 3 1224979098644774912 57 1 1073742372 3 1224979098644774912 58 1 1073742372 3 1224979098644774912 59 1 430 1 1224979098644774912 4 0 71 1 22 2147484551 1 1513209474796486707 900 1 1513209474796486707 5 0 71 1 23 2147484551 1 1513209474796486708 900 1 1513209474796486708 5 0 71 1 65 2147484551 1 1513209474796486706 2147484551 1 1513209474796486682 900 1 1513209474796486706 3 0 3 0 4 0 71 1 25 415 1 1224979098644774912 401 1 1224979098644774912 2147484196 3 1224979098644774912 57 1 2147484196 3 1224979098644774912 58 1 2147484196 3 1224979098644774912 59 1 2147484078 1 1224979098644774912 2147484551 1 1513209474796486706 2147484551 1 1513209474796486682 900 1 1513209474796486711 3 0 4 0 70 1 29 70 1 56 71 1 66 415 1 1224979098644774912 415 1 1224979098644774912 401 1 1224979098644774912 1073742372 3 1224979098644774912 59 1 430 1 1224979098644774912 406 2 1224979098644774913 1224979098644774912 1712 1 1224979098644774913 1702 1 1224979098644774913 390 3 126 22 50 2093 2 1224979098644774913 50 3 0 4 0 70 1 29 70 1 56 71 1 67 415 1 1224979098644774912 401 1 1224979098644774912 1073742372 3 1224979098644774912 59 1 430 1 1224979098644774912 406 2 1224979098644774913 1224979098644774912 1712 1 1224979098644774913 1702 1 1224979098644774913 390 3 126 22 100 2093 2 1224979098644774913 100 3 0 4 0 70 1 29 70 1 56 71 1 68 415 1 1224979098644774912 401 1 1224979098644774912 1073742372 3 1224979098644774912 59 1 430 1 1224979098644774912 406 2 1224979098644774913 1224979098644774912 1712 1 1224979098644774913 1702 1 1224979098644774913 390 3 126 22 200 2093 2 1224979098644774913 200 3 0 4 0 70 1 29 70 1 56 71 1 87 415 1 1224979098644774912 401 1 1224979098644774912 1073742372 3 1224979098644774912 59 1 430 1 1224979098644774912 406 2 1224979098644774913 1224979098644774912 1712 1 1224979098644774913 1702 1 1224979098644774913 390 3 126 22 1000 2093 2 1224979098644774913 1000 3 0 2147483678 2 -1 21 
-28.000000 0.000000 0.000000  3 417 0 2147483679 2 144115188075856325 7 2147483679 2 144115188075856325 0  43 2071 1 1224979098644774912 2072 1 1224979098644774913 2073 1 1224979098644774914 4 0 1712 1 1224979098644774912 1712 1 1224979098644774913 1702 1 1224979098644774912 1702 1 1224979098644774913 4 0 1704 1 1224979098644774912 1704 1 1224979098644774913 1724 2 1224979098644774915 1224979098644774912 1724 2 1224979098644774916 1224979098644774913 401 1 1224979098644774915 401 1 1224979098644774916 2350 2 1 1224979098644774915 2350 2 2 1224979098644774916 402 2 1224979098644774917 1224979098644774915 402 2 1224979098644774918 1224979098644774916 31 2 1224979098644774917 1224979098644774918 2133 2 72057594037927937 1224979098644774914 473 1 216172782113787606 5 0 2133 2 1224979098644774919 1224979098644774912 2147485352 1 1224979098644774919 1704 1 1224979098644774913 1715 2 1224979098644774912 1224979098644774919 1712 1 1224979098644774912 1702 1 1224979098644774912 1724 2 1224979098644774915 1224979098644774912 1724 2 1224979098644774916 1224979098644774913 401 1 1224979098644774915 401 1 1224979098644774916 2350 2 1 1224979098644774915 2350 2 2 1224979098644774916 402 2 1224979098644774917 1224979098644774915 402 2 1224979098644774918 1224979098644774916 31 2 1224979098644774917 1224979098644774918 2133 2 72057594037927937 1224979098644774914 473 1 216172782113787607 3 0 3 0 2147483678 2 -1 22 
10.000000 0.000000 0.000000  2 417 0 31 2 144115188075856328 1  19 12 1 1224979098644774912 1712 1 1224979098644774912 1702 1 1224979098644774912 2147485352 1 1224979098644774912 1715 2 1224979098644774913 1224979098644774912 2147485360 1 1224979098644774913 2370 1 1224979098644774914 4 0 2147484213 3 1224979098644774912 50 1 505 3 1224979098644774912 50 1224979098644774914 5 0 565 3 1224979098644774912 50 1 525 3 1224979098644774915 1224979098644774912 50 2120 3 1224979098644774916 1224979098644774915 144115188075856329 30 2 1224979098644774914 1224979098644774916 1749 1 1224979098644774912 3 0 3 0 2147483678 2 -1 23 
-55.000000 0.000000 0.000000  2 417 0 31 2 144115188075856328 1  8 2072 1 1224979098644774912 4 0 1712 1 1224979098644774912 1702 1 1224979098644774912 2147485352 1 1224979098644774912 505 3 1224979098644774912 50 0 3 0 2147483678 2 -1 24 
0.000000 0.000000 100000000.000000  4 417 0 31 2 144115188075856359 1 2147483679 2 144115188075856325 7 2147483679 2 144115188075856325 0  8 6 3 1224979098644774912 0 1000000 500 3 360287970189640756 1224979098644774912 0 500 3 360287970189640757 1224979098644774912 0 500 3 360287970189640758 1224979098644774912 0 500 3 360287970189640759 1224979098644774912 0 3 0 2133 2 144115188075856360 0 2147483678 2 -1 25 
-25.000000 0.000000 0.000000  0  4 2071 1 1224979098644774912 1718 2 1224979098644774913 1224979098644774912 1 4 936748722493063580 1729382256910270468 1224979098644774912 1224979098644774913 2147483678 2 -1 26 
1.000000 5.000000 0.000000  9 417 0 31 2 144115188075856344 1 31 2 144115188075856345 0 2370 1 1224979098644774912 2120 3 1224979098644774913 144115188075856346 144115188075856347 1073741855 2 1224979098644774913 144115188075856348 1073741857 3 144115188075856349 1 3 32 2 1224979098644774912 144115188075856350 1 1 936748722493063258  9 2133 2 144115188075856344 0 4 0 1073741855 2 144115188075856351 0 31 2 144115188075856351 3 1 2 936748722493063266 144115188075856325 470 3 72057594037927936 144115188075856352 1 1 1 936748722493063174 3 0 2147483678 2 -1 27 
-25.000000 0.000000 0.000000  0  57 2071 1 1224979098644774912 1 2 936748722493063232 1224979098644774912 1770 2 1224979098644774913 1224979098644774912 4 0 417 0 31 2 1224979098644774913 1 4 0 31 2 144115188075856411 0 2133 2 1224979098644774914 50 2133 2 1224979098644774915 50 2090 2 1224979098644774912 1224979098644774914 2091 2 1224979098644774912 1224979098644774915 5 0 30 2 144115188075856412 1 2122 3 1224979098644774914 144115188075856412 35 2105 2 1224979098644774914 100 2122 3 1224979098644774915 144115188075856412 25 2105 2 1224979098644774915 100 2090 2 1224979098644774912 1224979098644774914 2091 2 1224979098644774912 1224979098644774915 3 0 3 0 4 0 417 0 31 2 1224979098644774913 0 1712 1 1224979098644774912 1702 1 1224979098644774912 1707 1 1224979098644774912 1765 2 1224979098644774916 1224979098644774912 401 1 1224979098644774916 1718 2 1224979098644774917 1224979098644774912 4 0 520 3 1224979098644774918 1224979098644774917 155 32 2 1224979098644774918 0 1530 2 1224979098644774917 1224979098644774918 3 0 1 2 936748722493063771 1224979098644774912 1506 2 1224979098644774919 1224979098644774917 4 0 31 2 1224979098644774919 0 1710 2 60 1224979098644774912 2136 3 1224979098644774920 1152921504606847154 1152921504606847158 1 2 936748722493063744 1224979098644774920 3 0 3 0 4 0 417 0 31 2 1224979098644774913 0 1712 1 1224979098644774912 1702 1 1224979098644774912 1704 1 1224979098644774912 2147485355 1 1224979098644774912 1724 2 1224979098644774921 1224979098644774912 508 3 1224979098644774921 42 1 396 4 1224979098644774921 48 1 1 3 0 2147483678 2 -1 28 
-15.000000 0.000000 0.000000  0  25 2071 1 1224979098644774912 1 2 936748722493063233 1224979098644774912 508 3 1224979098644774912 24 -1 508 3 1224979098644774912 42 0 396 4 1224979098644774912 48 1 0 1 2 936748722493063740 1224979098644774912 4 0 32 2 144115188075856413 0 4 0 2147483680 2 144115188075856414 45 397 5 1224979098644774912 48 3 144115188075856414 144115188075856415 5 0 397 5 1224979098644774912 48 4 144115188075856414 144115188075856415 3 0 3 0 4 0 417 0 6 3 1224979098644774913 47 49 508 3 1224979098644774912 1224979098644774913 0 3 0 6 3 1224979098644774913 50 60 508 3 1224979098644774912 1224979098644774913 0 3 0 3 0 2147483678 2 -1 29 
-19.000000 0.000000 0.000000  0  18 2133 2 144115188075856325 8 2211 1 1224979098644774912 523 3 144115188075856416 1224979098644774912 1 4 0 31 2 144115188075856416 1 6 3 1224979098644774913 0 100 1940 3 792633534417207340 1224979098644774913 256 3 0 5 0 6 3 1224979098644774913 0 100 1940 3 792633534417207340 1224979098644774913 0 3 0 3 0 1 1 936748722493063234 1 1 936748722493063277 1 1 936748722493063276 1 1 936748722493063275 2147483678 2 -1 30 
-20.000000 0.000000 0.000000  0  62 426 2 0 -1 426 2 1 -1 1 1 936748722493063221 1 1 936748722493063237 2136 3 144115188075856417 360287970189640683 360287970189640699 2136 3 144115188075856418 360287970189640683 360287970189640699 4 0 31 2 144115188075856418 144115188075856417 2105 2 144115188075856418 1 3 0 4 0 30 2 144115188075856418 360287970189640699 2133 2 144115188075856418 360287970189640683 3 0 2121 3 1224979098644774912 144115188075856417 360287970189640683 2105 2 1224979098644774912 360287970189640683 2133 2 144115188075856419 1224979098644774912 2121 3 1224979098644774912 144115188075856418 360287970189640683 2105 2 1224979098644774912 360287970189640683 2133 2 144115188075856420 1224979098644774912 6 3 1224979098644774913 360287970189639896 360287970189640016 500 3 1224979098644774913 155 0 3 0 6 3 1224979098644774913 360287970189640577 360287970189640588 500 3 1224979098644774913 155 0 3 0 2133 2 144115188075856421 0 2133 2 144115188075856412 0 2133 2 144115188075856422 0 4 0 417 0 400 1 1224979098644774914 6 3 1224979098644774915 0 1224979098644774914 401 1 1224979098644774915 6 3 1224979098644774916 47 49 508 3 1224979098644774915 1224979098644774916 0 397 5 1224979098644774915 48 13 1224979098644774916 0 3 0 6 3 1224979098644774916 50 60 508 3 1224979098644774915 1224979098644774916 0 3 0 3 0 3 0 4 0 417 0 2133 2 144115188075856423 0 2133 2 144115188075856424 0 2133 2 144115188075856425 -1 3 0 2133 2 144115188075856415 0 2133 2 144115188075856413 0 2133 2 144115188075856426 0 2133 2 144115188075856427 0 2133 2 144115188075856203 0 1 1 936748722493063758 400 1 1224979098644774914 6 3 1224979098644774915 0 1224979098644774914 401 1 1224979098644774915 508 3 1224979098644774915 42 0 396 4 1224979098644774915 48 1 0 3 0 2147483678 2 -1 31 
-16.000000 0.000000 0.000000  0  6 2133 2 144115188075856426 0 2133 2 144115188075856414 100000 2133 2 144115188075856413 0 2133 2 144115188075856334 0 900 1 1513209474796486675 2147483678 2 -1 32 
-29.000000 0.000000 0.000000  0  3 2071 1 1224979098644774912 1 2 936748722493063753 1224979098644774912 2147483678 2 -1 33 
-26.000000 0.000000 0.000000  0  223 2071 1 1224979098644774912 2072 1 1224979098644774913 1 3 936748722493063235 1224979098644774912 1224979098644774913 1770 2 1224979098644774914 1224979098644774912 4 0 417 0 1707 1 1224979098644774912 1765 2 1224979098644774915 1224979098644774912 401 1 1224979098644774915 1718 2 1224979098644774916 1224979098644774912 6 3 1224979098644774917 43 45 528 3 1224979098644774918 1224979098644774915 1224979098644774917 31 2 1224979098644774916 1224979098644774918 2106 2 1224979098644774917 43 2105 2 1224979098644774917 47 528 3 1224979098644774919 1224979098644774915 1224979098644774917 2106 2 1224979098644774919 1 2111 2 1224979098644774919 0 508 3 1224979098644774915 1224979098644774917 1224979098644774919 397 5 1224979098644774915 48 13 1224979098644774917 1224979098644774919 3 0 3 0 1718 2 1224979098644774920 1224979098644774912 4 0 2147483679 2 1224979098644774920 -1 31 2 1224979098644774920 144115188075856428 2133 2 144115188075856422 144115188075856415 2105 2 144115188075856412 1 3 0 4 0 417 0 4 0 4 0 31 2 1224979098644774914 1 2136 3 1224979098644774921 0 15 5 0 2133 2 1224979098644774921 0 3 0 1073741855 2 1224979098644774921 14 1073741857 3 1224979098644774920 360287970189639896 360287970189640016 1073741857 3 1224979098644774920 360287970189639890 360287970189639896 33 3 1224979098644774920 360287970189640577 360287970189640588 1710 2 0 1224979098644774912 1970 1 0 1974 1 1080863910568920085 1811 3 1224979098644774922 1080863910568920082 0 2133 2 1224979098644774923 1 6 3 1224979098644774917 7 17 31 2 1224979098644774923 1 530 3 1224979098644774924 1224979098644774922 1224979098644774917 31 2 1224979098644774924 0 510 3 1224979098644774922 1224979098644774917 72057594037927936 2133 2 1224979098644774923 0 3 0 4 0 31 2 1224979098644774923 1 530 3 1224979098644774925 1224979098644774922 7 1850 2 1 1224979098644774925 722 2 1 -2000 1855 2 1224979098644774925 1 6 3 1224979098644774917 7 17 2120 3 1224979098644774926 1224979098644774917 1 4 0 31 2 1224979098644774926 17 2133 2 1224979098644774927 72057594037927936 5 0 530 3 1224979098644774927 1224979098644774922 1224979098644774926 3 0 510 3 1224979098644774922 1224979098644774917 1224979098644774927 3 0 400 1 1224979098644774928 6 3 1224979098644774929 0 1224979098644774928 401 1 1224979098644774929 6 3 1224979098644774917 50 60 548 3 1224979098644774929 1224979098644774917 1224979098644774925 508 3 1224979098644774929 1224979098644774917 0 396 4 1224979098644774929 121 1224979098644774917 0 3 0 3 0 3 0 3 0 3 0 4 0 30 2 1224979098644774913 0 1704 1 1224979098644774912 1704 1 1224979098644774913 1770 2 1224979098644774930 1224979098644774913 2147483680 2 1224979098644774930 1 455 2 1224979098644774931 1224979098644774930 2147483679 2 1224979098644774930 1224979098644774914 2105 2 1224979098644774931 1 456 2 1224979098644774930 1224979098644774931 3 0 4 0 417 0 31 2 1224979098644774914 1 2133 2 1224979098644774932 0 12 1 1224979098644774933 4 0 1704 1 1224979098644774933 1702 1 1224979098644774933 1770 2 1224979098644774934 1224979098644774933 31 2 1224979098644774934 1 2105 2 1224979098644774932 1 3 0 32 2 1224979098644774932 0 3 0 31 2 1224979098644774932 0 4 0 1704 1 1224979098644774912 600 1 1152921504606847152 3 0 4 0 2147483679 2 144115188075856411 2 31 2 144115188075856415 144115188075856422 2133 2 144115188075856427 10 2379 1 1 400 1 1224979098644774928 458 2 1224979098644774935 1 2335 2 0 1224979098644774935 2120 3 1224979098644774936 216172782113787272 144115188075856411 2320 2 1 1224979098644774936 4 0 33 3 1224979098644774935 432345564227567630 432345564227567637 2133 2 72057594037927937 0 5 0 2133 2 72057594037927937 1 3 0 2320 2 2 216172782113787277 6 3 1224979098644774929 0 1224979098644774928 401 1 1224979098644774929 395 3 1224979098644774929 123 1224979098644774936 3 0 5 0 2133 2 144115188075856414 32 12 1 1224979098644774933 1702 1 1224979098644774933 1704 1 1224979098644774933 1721 2 1224979098644774933 100 1692 1 1224979098644774933 1728 1 1224979098644774933 4 0 1707 1 1224979098644774933 1765 2 1224979098644774937 1224979098644774933 32 2 1224979098644774937 -1 1718 2 1224979098644774938 1224979098644774933 6 3 1224979098644774917 43 45 528 3 1224979098644774918 1224979098644774937 1224979098644774917 31 2 1224979098644774938 1224979098644774918 2106 2 1224979098644774917 43 2105 2 1224979098644774917 47 528 3 1224979098644774919 1224979098644774937 1224979098644774917 2105 2 1224979098644774919 1 2110 2 1224979098644774919 3 508 3 1224979098644774937 1224979098644774917 1224979098644774919 397 5 1224979098644774937 48 13 1224979098644774917 1224979098644774919 1 2 936748722493063771 1224979098644774933 3 0 3 0 4 0 1714 2 1224979098644774939 1224979098644774933 32 2 1224979098644774939 -1 1702 1 1224979098644774939 1721 2 1224979098644774939 100 3 0 3 0 4 0 31 2 144115188075856411 2 31 2 144115188075856415 144115188075856422 2105 2 144115188075856414 10 400 1 1224979098644774928 458 2 1224979098644774935 1 2335 2 0 1224979098644774935 2133 2 72057594037927936 144115188075856412 4 0 33 3 1224979098644774935 432345564227567630 432345564227567637 2133 2 72057594037927937 0 5 0 2133 2 72057594037927937 1 3 0 2320 2 2 216172782113787278 6 3 1224979098644774929 0 1224979098644774928 401 1 1224979098644774929 399 3 1224979098644774929 123 -1 3 0 3 0 3 0 5 0 417 0 31 2 1224979098644774914 0 2133 2 1224979098644774932 0 12 1 1224979098644774933 4 0 1704 1 1224979098644774933 1702 1 1224979098644774933 1770 2 1224979098644774934 1224979098644774933 31 2 1224979098644774934 0 2105 2 1224979098644774932 1 3 0 32 2 1224979098644774932 0 3 0 31 2 1224979098644774932 0 2133 2 144115188075856427 5 2379 1 1 5 0 2147484065 0 31 2 1224979098644774914 1 1704 1 1224979098644774912 2133 2 1224979098644774932 0 12 1 1224979098644774933 4 0 1704 1 1224979098644774933 1702 1 1224979098644774933 1770 2 1224979098644774934 1224979098644774933 31 2 1224979098644774934 1 2105 2 1224979098644774932 1 3 0 32 2 1224979098644774932 0 3 0 31 2 1224979098644774932 0 600 1 1152921504606847152 3 0 2147483678 2 -1 34 
0.000000 0.000000 100000000.000000  0  2 2379 1 0 2147483678 2 -1 35 
1.000000 0.000000 0.000000  1 32 2 144115188075856426 0  47 4 0 32 2 144115188075856427 0 4 0 31 2 144115188075856427 4 1 1 936748722493063758 3 0 2106 2 144115188075856427 1 31 2 144115188075856427 0 2133 2 144115188075856426 0 2133 2 144115188075856203 1 5 0 32 2 144115188075856414 0 2106 2 144115188075856414 1 4 0 32 2 144115188075856414 59 2119 3 1224979098644774912 144115188075856414 60 31 2 1224979098644774912 0 2123 3 72057594037927936 144115188075856414 60 2147484066 0 1106 2 216172782113787227 4292764416 3 0 4 0 31 2 144115188075856414 30 417 0 1 1 936748722493063757 2105 2 144115188075856415 1 1 1 936748722493063758 1 2 936748722493063769 1 400 1 1224979098644774913 2121 3 1224979098644774914 144115188075856414 1 6 3 1224979098644774915 1 1224979098644774913 401 1 1224979098644774915 397 5 1224979098644774915 48 3 1224979098644774914 144115188075856415 3 0 1 1 936748722493063738 2370 1 144115188075856429 2105 2 144115188075856429 144115188075856414 900 1 1513209474796486704 900 1 1513209474796486702 5 0 2147483678 2 144115188075856414 1 417 0 1 1 936748722493063739 1 2 936748722493063741 1000 3 0 3 0 2147483678 2 -1 36 
1.000000 0.000000 0.000000  1 417 0  129 400 1 1224979098644774912 4 0 32 2 144115188075856430 0 2370 1 1224979098644774913 2121 3 1224979098644774914 144115188075856430 1224979098644774913 4 0 2147483680 2 1224979098644774914 0 1104 1 1585267068834414756 2124 1 100 1811 3 1224979098644774915 1080863910568920082 0 1811 3 1224979098644774916 1080863910568920084 0 1811 3 1224979098644774917 1080863910568920083 0 1850 2 1 1224979098644774915 731 2 1 -4000 1855 2 1224979098644774915 1 1855 2 1224979098644774916 1 1855 2 1224979098644774917 1 2133 2 144115188075856430 0 3 0 5 0 32 2 144115188075856431 0 1811 3 1224979098644774916 1080863910568920084 0 1815 2 1224979098644774918 1224979098644774916 1811 3 1224979098644774917 1080863910568920083 0 1815 2 1224979098644774919 1224979098644774917 4 0 3221225502 2 1224979098644774918 1 2147483678 2 1224979098644774919 1 1 1 936748722493063758 1 2 936748722493063769 0 3 0 2133 2 1224979098644774920 0 6 3 1224979098644774921 0 1224979098644774912 31 2 1224979098644774920 0 401 1 1224979098644774921 402 2 1224979098644774922 1224979098644774921 31 2 1224979098644774922 0 406 2 1224979098644774923 1224979098644774921 4 0 30 2 1224979098644774923 0 4 0 2147485350 1 1224979098644774923 2133 2 1224979098644774920 1 3 0 5 0 2133 2 1224979098644774920 1 3 0 3 0 4 0 31 2 1224979098644774920 0 1 1 936748722493063758 3 0 5 0 2133 2 1224979098644774920 0 6 3 1224979098644774921 0 1224979098644774912 31 2 1224979098644774920 0 401 1 1224979098644774921 402 2 1224979098644774922 1224979098644774921 31 2 1224979098644774922 0 406 2 1224979098644774923 1224979098644774921 30 2 1224979098644774923 0 2147485350 1 1224979098644774923 2133 2 1224979098644774920 1 3 0 4 0 31 2 1224979098644774920 1 31 2 144115188075856425 1 2147483680 2 144115188075856424 0 31 2 144115188075856423 0 2133 2 144115188075856423 5 1104 1 1585267068834414757 3 0 4 0 32 2 144115188075856423 0 2106 2 144115188075856423 1 1104 1 1585267068834414758 4 0 31 2 144115188075856423 0 1 1 936748722493063759 3 0 3 0 3 0 4 0 417 0 32 2 144115188075856424 0 2106 2 144115188075856424 1 4 0 2147483678 2 144115188075856424 25 400 1 1224979098644774912 6 3 1224979098644774921 0 1224979098644774912 401 1 1224979098644774921 402 2 1224979098644774922 1224979098644774921 2147483678 2 1224979098644774922 2 406 2 1224979098644774923 1224979098644774921 4 0 3221225502 2 1224979098644774923 0 2147485350 1 1224979098644774923 4 0 528 3 1224979098644774924 1224979098644774921 24 31 2 1224979098644774924 1 1 2 936748722493063765 1224979098644774921 4 0 31 2 72057594037927936 1 508 3 1224979098644774921 24 0 3 0 3 0 5 0 2133 2 72057594037927936 144115188075856425 1104 1 1585267068834414759 31 2 144115188075856425 1 2147484086 1 1224979098644774921 404 2 1224979098644774925 1224979098644774921 30 2 1224979098644774925 0 1 4 936748722493063748 1224979098644774921 0 72057594037927936 1 2 936748722493063770 1224979098644774921 12 1 1224979098644774926 1712 1 1224979098644774926 1702 1 1224979098644774926 1707 1 1224979098644774926 1765 2 1224979098644774927 1224979098644774926 31 2 1224979098644774927 1224979098644774921 1 2 936748722493063771 1224979098644774926 3 0 1 2 936748722493063750 1224979098644774921 3 0 3 0 3 0 3 0 2147483678 2 -1 37 
1.000000 0.000000 0.000000  2 31 2 144115188075856413 0 417 0  19 2133 2 1224979098644774912 0 400 1 1224979098644774913 6 3 1224979098644774914 0 1224979098644774913 401 1 1224979098644774914 1 2 936748722493063765 1224979098644774914 4 0 31 2 1224979098644774912 0 32 2 72057594037927936 0 2133 2 1224979098644774912 1 3 0 3 0 4 0 30 2 1224979098644774912 1 2133 2 144115188075856413 1 2133 2 144115188075856414 31 2133 2 144115188075856426 1 1 2 936748722493063769 1 3 0 2147483678 2 -1 38 
1.000000 0.000000 0.000000  0  75 417 0 2133 2 1224979098644774912 0 4 0 31 2 144115188075856325 8 4 0 31 2 144115188075856203 1 2133 2 1224979098644774912 1 3 0 5 0 1073741855 2 144115188075856325 2 1073741855 2 144115188075856325 3 31 2 144115188075856325 6 4 0 31 2 144115188075856203 1 2370 1 1224979098644774913 2106 2 1224979098644774913 144115188075856362 2121 3 1224979098644774914 144115188075856343 1 30 2 1224979098644774913 1224979098644774914 2370 1 1224979098644774915 4 0 1073741855 2 144115188075856325 2 31 2 144115188075856325 3 2133 2 1224979098644774916 90 5 0 2133 2 1224979098644774916 120 3 0 2122 3 1224979098644774917 144115188075856330 60 2121 3 1224979098644774918 1224979098644774917 1224979098644774916 32 2 1224979098644774915 1224979098644774918 2133 2 1224979098644774912 1 3 0 31 2 1224979098644774912 1 5 0 2147483679 2 144115188075856325 2 2147483679 2 144115188075856325 3 2147483679 2 144115188075856325 6 2147483679 2 144115188075856325 5 2370 1 1224979098644774915 2122 3 1224979098644774917 144115188075856330 60 32 2 1224979098644774915 1224979098644774917 2133 2 1224979098644774912 1 5 0 455 2 1224979098644774919 0 455 2 1224979098644774920 1 4 0 2147483679 2 144115188075856325 5 4 0 1073741854 2 1224979098644774919 144115188075856363 30 2 1224979098644774920 144115188075856363 2133 2 1224979098644774912 1 3 0 5 0 2133 2 1224979098644774921 0 400 1 1224979098644774922 6 3 1224979098644774923 0 1224979098644774922 401 1 1224979098644774923 406 2 1224979098644774924 1224979098644774923 30 2 1224979098644774924 0 2147485355 1 1224979098644774924 2133 2 1224979098644774921 1 2133 2 1224979098644774922 0 3 0 31 2 1224979098644774921 1 3221225504 2 1224979098644774919 0 2147483680 2 1224979098644774920 0 2133 2 1224979098644774912 1 3 0 3 0 4 0 31 2 1224979098644774912 1 1 2 936748722493063266 144115188075856325 470 3 72057594037927936 144115188075856332 0 1 1 936748722493063174 3 0 2147483678 2 -1 39 
-21.000000 0.000000 0.000000  0  6 4 0 31 2 144115188075856357 0 2133 2 144115188075856334 1 900 1 1513209474796486675 3 0 2147483678 2 -1 40 
0.000000 0.000000 100000000.000000  0  2 900 1 1513209474796486661 2147483678 2 -1 41 
-24.000000 0.000000 0.000000  0  4 900 1 1513209474796486701 900 1 1513209474796486702 900 1 1513209474796486704 2147483678 2 -1 42 
-23.000000 0.000000 0.000000  0  5 2147484551 1 1513209474796486676 2147484551 1 1513209474796486675 31 2 144115188075856358 0 900 1 1513209474796486676 2147483678 2 -1 43 
-28.000000 0.000000 0.000000  1 417 0  164 417 0 2071 1 1224979098644774912 2072 1 1224979098644774913 2073 1 1224979098644774914 1718 2 1224979098644774915 1224979098644774912 4 0 1073741857 3 1224979098644774915 360287970189639896 360287970189640016 33 3 1224979098644774915 360287970189639890 360287970189639896 2136 3 1224979098644774916 0 10 4 0 31 2 1224979098644774916 0 1710 2 60 1224979098644774913 1 2 936748722493063744 1152921504606847158 3 0 5 0 33 3 1224979098644774915 360287970189640683 360287970189640699 2136 3 1224979098644774916 0 30 4 0 31 2 1224979098644774916 0 1710 2 60 1224979098644774913 2136 3 1224979098644774917 1152921504606847154 1152921504606847158 1 2 936748722493063744 1224979098644774917 3 0 5 0 1073741855 2 1224979098644774915 360287970189639798 31 2 1224979098644774915 360287970189640605 2136 3 1224979098644774916 0 30 4 0 31 2 1224979098644774916 0 1710 2 60 1224979098644774913 2136 3 1224979098644774917 1152921504606847171 1152921504606847175 1 2 936748722493063744 1224979098644774917 3 0 5 0 31 2 1224979098644774915 360287970189639793 2136 3 1224979098644774916 0 20 4 0 31 2 1224979098644774916 0 1710 2 60 1224979098644774913 2136 3 1224979098644774917 1152921504606847159 1152921504606847164 1 2 936748722493063744 1224979098644774917 3 0 5 0 33 3 1224979098644774915 360287970189639794 360287970189639802 2136 3 1224979098644774916 0 60 4 0 31 2 1224979098644774916 0 1710 2 60 1224979098644774913 2136 3 1224979098644774917 1152921504606847164 1152921504606847171 1 2 936748722493063744 1224979098644774917 3 0 3 0 4 0 31 2 72057594037927936 288230376151712348 1704 1 1224979098644774912 1714 2 1224979098644774918 1224979098644774912 2147483680 2 1224979098644774918 -1 1740 2 1224979098644774912 1801439850948198840 5 0 31 2 72057594037927936 288230376151712349 1720 3 1224979098644774919 1224979098644774913 1 2105 2 1224979098644774919 1224979098644774914 1721 3 1224979098644774913 1224979098644774919 1 1720 3 1224979098644774919 1224979098644774913 0 30 2 1224979098644774919 100 1721 3 1224979098644774913 1224979098644774919 100 5 0 31 2 72057594037927936 288230376151712352 1721 2 1224979098644774912 0 5 0 31 2 72057594037927936 288230376151712353 4 0 1767 2 1224979098644774920 1224979098644774913 31 2 1224979098644774920 0 1710 2 0 1224979098644774912 1710 2 1 1224979098644774913 714 2 1 0 1721 2 1224979098644774912 0 3 0 5 0 31 2 72057594037927936 288230376151712351 4 0 1704 1 1224979098644774912 6 3 1224979098644774921 0 2 1726 3 1224979098644774922 1224979098644774912 1224979098644774921 2147483679 2 1224979098644774922 -1 1774 2 1224979098644774912 1224979098644774922 1710 2 0 1224979098644774912 1970 1 0 1971 1 1224979098644774922 3 0 3 0 5 0 31 2 72057594037927936 -1 4 0 1704 1 1224979098644774913 1704 1 1224979098644774912 1804 3 1224979098644774923 1224979098644774913 6 31 2 1224979098644774923 288230376151712360 1720 3 1224979098644774919 1224979098644774912 1 2133 2 72057594037927938 1224979098644774919 2111 2 1224979098644774914 2 2107 2 1224979098644774914 6 2106 2 1224979098644774919 1224979098644774914 2111 2 1224979098644774919 0 1721 3 1224979098644774912 1224979098644774919 1 1719 2 1224979098644774918 1224979098644774912 31 2 1224979098644774918 -1 1740 2 1224979098644774912 1801439850948198840 3 0 5 0 31 2 72057594037927936 288230376151712350 525 3 1224979098644774924 1224979098644774912 27 2105 2 1224979098644774924 1 505 3 1224979098644774912 27 1224979098644774924 5 0 31 2 72057594037927936 288230376151712355 4 0 1707 1 1224979098644774912 1770 2 1224979098644774925 1224979098644774912 2133 2 1224979098644774926 0 12 1 1224979098644774927 2147483679 2 1224979098644774927 1224979098644774912 1712 1 1224979098644774927 1702 1 1224979098644774927 1704 1 1224979098644774927 1770 2 1224979098644774928 1224979098644774927 31 2 1224979098644774928 1 2133 2 1224979098644774926 1 3 0 31 2 1224979098644774926 1 4 0 31 2 1224979098644774925 0 1771 2 1224979098644774912 1 5 0 31 2 1224979098644774925 1 1771 2 1224979098644774912 0 3 0 4 0 1707 1 1224979098644774913 1765 2 1224979098644774929 1224979098644774913 5 0 1724 2 1224979098644774929 1224979098644774913 3 0 4 0 401 1 1224979098644774929 1766 2 1224979098644774912 1224979098644774929 3 0 1770 2 1224979098644774930 1224979098644774912 400 1 1224979098644774931 6 3 1224979098644774932 1 1224979098644774931 401 1 1224979098644774932 398 6 1224979098644774932 48 18 1224979098644774912 1224979098644774930 1224979098644774913 3 0 1732 1 1224979098644774912 3 0 5 0 31 2 72057594037927936 288230376151712354 1753 2 1224979098644774912 1000 2093 2 1224979098644774912 150 2091 2 1224979098644774912 200 1721 3 1224979098644774912 10 0 3 0 2147483678 2 -1 44 
2.000000 0.000000 0.000000  1 417 0  32 417 0 12 1 1224979098644774912 1712 1 1224979098644774912 1702 1 1224979098644774912 1704 1 1224979098644774912 1804 3 1224979098644774913 1224979098644774912 5 4 0 31 2 1224979098644774913 288230376151712361 1720 3 1224979098644774914 1224979098644774912 1 2105 2 1224979098644774914 5 1721 3 1224979098644774912 1224979098644774914 1 1720 3 1224979098644774914 1224979098644774912 0 2110 2 1224979098644774914 100 1721 3 1224979098644774912 1224979098644774914 0 3 0 525 3 1224979098644774915 1224979098644774912 27 4 0 32 2 1224979098644774915 0 2133 2 72057594037927937 1224979098644774915 2122 3 1224979098644774916 1224979098644774915 5 1720 3 1224979098644774914 1224979098644774912 1 2133 2 72057594037927938 1224979098644774914 2106 2 1224979098644774914 1224979098644774916 2111 2 1224979098644774914 0 1721 3 1224979098644774912 1224979098644774914 1 4 0 31 2 1224979098644774914 0 1722 3 1224979098644774912 1224979098644774912 1 3 0 3 0 3 0 2147483678 2 -1 45 


mst_bandit_lair bandit_lair 65538  8
Ambushing_a_bandit_lair 

11 0 33558528 256 16 7 0  
1 8208 256 16 20 0  
2 8208 256 16 20 0  
3 8208 256 16 20 0  
4 8208 256 16 20 0  
5 8208 256 16 20 0  
6 8208 256 16 20 0  
7 8208 256 16 20 0  
8 8208 256 16 20 0  
9 8208 256 16 20 0  
10 8208 256 16 20 0  
14
-25.000000 0.000000 0.000000  0  4 2071 1 1224979098644774912 1718 2 1224979098644774913 1224979098644774912 1 4 936748722493063580 1729382256910270468 1224979098644774912 1224979098644774913 2147483678 2 -1 0 
-22.000000 0.000000 0.000000  1 1106 1 216172782113783919  1 2147483678 2 -1 1 
-25.000000 0.000000 0.000000  0  17 2071 1 1224979098644774912 2133 2 144115188075856035 0 4 0 1704 1 1224979098644774912 1702 1 1224979098644774912 1770 2 1224979098644774913 1224979098644774912 31 2 1224979098644774913 1 1710 2 4 1224979098644774912 1730 3 1224979098644774912 4 1 3 0 4 0 1718 2 1224979098644774914 1224979098644774912 33 3 1224979098644774914 360287970189640608 360287970189640609 1771 2 1224979098644774912 7 1796 3 0 7 0 3 0 2147483678 2 -1 2 
0.000000 0.000000 0.000000  4 1609 2 1224979098644774912 144115188075855894 31 2 1224979098644774912 576460752303423548 200 1 504403158265495640 31 2 144115188075856035 0  12 1700 1 1224979098644774912 1710 2 0 1224979098644774912 12 1 1224979098644774913 1718 2 1224979098644774914 1224979098644774913 33 3 1224979098644774914 360287970189640608 360287970189640609 1730 2 1224979098644774913 0 1710 2 1 1224979098644774913 710 3 1224979098644774915 0 1 2147483680 2 1224979098644774915 200 1920 1 360287970189640608 3 0 2147483678 2 -1 3 
-21.000000 0.000000 0.000000  1 1106 1 216172782113787002  1 2147483678 2 -1 4 
1.000000 0.000000 100000000.000000  0  3 2133 2 144115188075856225 0 2133 2 144115188075856432 0 2147483678 2 -1 5 
1.000000 0.000000 0.000000  0  55 12 1 1224979098644774912 1702 1 1224979098644774912 1770 2 1224979098644774913 1224979098644774912 31 2 1224979098644774913 1 1693 1 1224979098644774912 1704 1 1224979098644774912 1710 2 0 1224979098644774912 12 1 1224979098644774914 1702 1 1224979098644774914 1770 2 1224979098644774915 1224979098644774914 31 2 1224979098644774915 0 1704 1 1224979098644774914 1720 2 1224979098644774916 1224979098644774912 2133 2 1224979098644774917 0 4 0 2147483678 2 1224979098644774916 100 12 1 1224979098644774918 1702 1 1224979098644774918 1770 2 1224979098644774919 1224979098644774918 31 2 1224979098644774919 1 2147483679 2 1224979098644774912 1224979098644774918 1693 1 1224979098644774918 1704 1 1224979098644774918 1710 2 1 1224979098644774912 1710 2 2 1224979098644774918 710 3 1224979098644774920 1 2 2147483680 2 1224979098644774920 1000 1735 1 1224979098644774918 3 0 2133 2 1224979098644774917 1 5 0 1710 2 1 1224979098644774912 1710 2 2 1224979098644774914 710 3 1224979098644774920 1 2 2147483680 2 1224979098644774920 4000 12 1 1224979098644774918 1702 1 1224979098644774918 1770 2 1224979098644774919 1224979098644774918 31 2 1224979098644774919 1 2147483679 2 1224979098644774912 1224979098644774918 1693 1 1224979098644774918 1704 1 1224979098644774918 1710 2 1 1224979098644774912 1710 2 2 1224979098644774918 710 3 1224979098644774920 1 2 2147483680 2 1224979098644774920 1000 1735 1 1224979098644774918 3 0 2133 2 1224979098644774917 1 3 0 31 2 1224979098644774917 1 1735 1 1224979098644774912 3 0 3 0 2147483678 2 -1 6 
30.000000 0.000000 0.000000  1 2147483680 2 144115188075856225 1  41 2171 2 1224979098644774912 360287970189639680 2120 3 1224979098644774913 5 1224979098644774912 2108 2 1224979098644774913 3 2147483678 2 144115188075856432 1224979098644774913 2105 2 144115188075856432 1 1609 2 1224979098644774914 144115188075855894 2136 3 1224979098644774915 0 2 4 0 31 2 1224979098644774914 576460752303423547 31 2 1224979098644774915 0 2133 2 1224979098644774916 360287970189639798 5 0 31 2 1224979098644774914 576460752303423545 31 2 1224979098644774915 0 2133 2 1224979098644774916 360287970189639797 5 0 31 2 1224979098644774914 576460752303423544 31 2 1224979098644774915 0 2133 2 1224979098644774916 360287970189639801 5 0 31 2 1224979098644774914 576460752303423546 31 2 1224979098644774915 0 2133 2 1224979098644774916 360287970189639796 5 0 31 2 1224979098644774914 576460752303423543 31 2 1224979098644774915 0 2133 2 1224979098644774916 360287970189639800 5 0 31 2 1224979098644774914 576460752303423542 31 2 1224979098644774915 0 2133 2 1224979098644774916 360287970189639799 5 0 1073741855 2 1224979098644774914 576460752303423548 2147483679 2 1224979098644774915 0 2133 2 1224979098644774916 360287970189639793 3 0 2211 1 1224979098644774917 1261 1 1224979098644774917 2136 3 1224979098644774918 2 11 1265 3 1224979098644774918 1224979098644774916 1 2147483678 2 -1 7 
-26.000000 0.000000 0.000000  0  77 2071 1 1224979098644774912 2073 1 1224979098644774913 4 0 30 2 1224979098644774912 0 1704 1 1224979098644774912 1718 2 1224979098644774914 1224979098644774912 2322 2 6 1224979098644774914 4 0 2147485354 1 1224979098644774912 1610 3 648518346341351442 1224979098644774914 1 4 0 31 2 1224979098644774913 1 1618 3 648518346341351442 1224979098644774914 1 3 0 3 0 1610 3 648518346341351428 1224979098644774914 1 31 2 1224979098644774913 1 1618 3 648518346341351428 1224979098644774914 1 3 0 2133 2 1224979098644774915 0 12 1 1224979098644774916 1707 1 1224979098644774916 1704 1 1224979098644774916 1702 1 1224979098644774916 2147485354 1 1224979098644774916 2105 2 1224979098644774915 1 3 0 4 0 2147483680 2 1224979098644774915 2 2147483680 2 144115188075856225 1 2105 2 144115188075856225 1 2171 2 1224979098644774917 360287970189639680 2120 3 1224979098644774918 5 1224979098644774917 2108 2 1224979098644774918 3 4 0 30 2 144115188075856225 2 2106 2 1224979098644774918 144115188075856432 3 0 1609 2 1224979098644774919 144115188075855894 2136 3 1224979098644774920 0 2 4 0 31 2 1224979098644774919 576460752303423547 31 2 1224979098644774920 0 2133 2 1224979098644774921 360287970189639798 5 0 31 2 1224979098644774919 576460752303423545 31 2 1224979098644774920 0 2133 2 1224979098644774921 360287970189639797 5 0 31 2 1224979098644774919 576460752303423544 31 2 1224979098644774920 0 2133 2 1224979098644774921 360287970189639801 5 0 31 2 1224979098644774919 576460752303423546 31 2 1224979098644774920 0 2133 2 1224979098644774921 360287970189639796 5 0 31 2 1224979098644774919 576460752303423543 31 2 1224979098644774920 0 2133 2 1224979098644774921 360287970189639800 5 0 31 2 1224979098644774919 576460752303423542 31 2 1224979098644774920 0 2133 2 1224979098644774921 360287970189639799 5 0 1073741855 2 1224979098644774919 576460752303423548 2147483679 2 1224979098644774920 0 2133 2 1224979098644774921 360287970189639793 3 0 2211 1 1224979098644774922 1261 1 1224979098644774922 6 3 1224979098644774923 0 1224979098644774918 2136 3 1224979098644774924 2 11 1265 3 1224979098644774924 1224979098644774921 1 3 0 3 0 2147483678 2 -1 8 
0.000000 0.000000 100000000.000000  0  3 1 2 936748722493063651 4096 1020 0 2147483678 2 -1 9 
2.000000 0.000000 100000000.000000  2 2147484654 0 1005 1 1  38 1609 2 1224979098644774912 144115188075855894 4 0 31 2 1224979098644774912 576460752303423548 200 1 504403158265495640 2204 2 1224979098644774913 144115188075856034 4 0 31 2 1224979098644774913 432345564227567631 2133 2 1224979098644774914 360287970189640608 5 0 31 2 1224979098644774913 432345564227567632 2133 2 1224979098644774914 360287970189640608 5 0 31 2 1224979098644774913 432345564227567633 2133 2 1224979098644774914 360287970189640608 5 0 31 2 1224979098644774913 432345564227567634 2133 2 1224979098644774914 360287970189640608 5 0 31 2 1224979098644774913 432345564227567635 2133 2 1224979098644774914 360287970189640608 5 0 31 2 1224979098644774913 432345564227567636 2133 2 1224979098644774914 360287970189640608 3 0 1700 1 1224979098644774915 1710 2 0 1224979098644774915 2133 2 1224979098644774916 100000 6 3 1224979098644774917 1 10 1780 2 1 1224979098644774917 710 3 1224979098644774918 0 1 2147483680 2 1224979098644774918 1224979098644774916 30 2 1224979098644774918 1000 2133 2 1224979098644774919 1224979098644774917 2133 2 1224979098644774916 1224979098644774918 3 0 1265 4 1224979098644774919 1224979098644774914 1 0 3 0 2147483678 2 -1 10 
0.000000 0.000000 0.000000  0  4 73 1 22 2147484551 1 1513209474796486694 900 1 1513209474796486694 2147483678 2 -1 11 
0.100000 0.000000 0.000000  0  3 903 1 1513209474796486694 1 1 936748722493063538 2147483678 2 -1 12 
1.000000 4.000000 100000000.000000  18 2133 2 1224979098644774912 0 1609 2 1224979098644774913 144115188075855894 4 0 31 2 1224979098644774913 576460752303423548 200 1 504403158265495640 1073742830 0 31 2 144115188075856035 1 2133 2 1224979098644774912 1 5 0 3221225503 2 1224979098644774913 576460752303423548 2147483848 1 504403158265495640 2370 1 1224979098644774914 30 2 1224979098644774914 5 1073742830 0 1005 1 1 2133 2 1224979098644774912 1 3 0 31 2 1224979098644774912 1  7 4 0 1006 0 5 0 501 3 144115188075855894 8 2 3 0 1907 0 2147483678 2 -1 13 


mst_alley_fight alley_fight 2  8
Alley_fight 

4 0 33558528 256 16 7 0  
1 8208 256 16 20 0  
2 8208 256 16 20 0  
3 8208 256 16 20 0  
10
-25.000000 0.000000 0.000000  0  4 2071 1 1224979098644774912 1718 2 1224979098644774913 1224979098644774912 1 4 936748722493063580 1729382256910270468 1224979098644774912 1224979098644774913 2147483678 2 -1 0 
-22.000000 0.000000 0.000000  1 1106 1 216172782113783919  1 2147483678 2 -1 1 
-25.000000 0.000000 0.000000  0  12 2071 1 1224979098644774912 1700 1 1224979098644774913 2147483679 2 1224979098644774912 1224979098644774913 2133 2 144115188075856022 1224979098644774912 1753 2 1224979098644774912 199 4 0 1718 2 1224979098644774914 1224979098644774912 33 3 1224979098644774914 360287970189640598 360287970189640604 1771 2 1224979098644774912 7 1796 3 0 7 0 3 0 2147483678 2 -1 2 
0.000000 0.000000 0.000000  1 31 2 144115188075856037 0  13 1700 1 1224979098644774912 1710 2 0 1224979098644774912 12 1 1224979098644774913 1718 2 1224979098644774914 1224979098644774913 33 3 1224979098644774914 360287970189640598 360287970189640604 1730 2 1224979098644774913 0 1710 2 1 1224979098644774913 710 3 1224979098644774915 0 1 2147483680 2 1224979098644774915 200 2133 2 144115188075855893 11 1920 1 1224979098644774914 3 0 2147483678 2 -1 3 
1.000000 0.000000 0.000000  0  11 1700 1 1224979098644774912 30 2 144115188075856022 0 30 2 1224979098644774912 0 1712 1 144115188075856022 1712 1 1224979098644774912 1710 2 0 1224979098644774912 1710 2 1 144115188075856022 710 3 1224979098644774913 0 1 30 2 1224979098644774913 5 1730 2 144115188075856022 0 2147483678 2 -1 4 
-21.000000 0.000000 0.000000  0  2 1106 1 216172782113787002 2147483678 2 -1 5 
0.000000 0.000000 100000000.000000  0  3 1 2 936748722493063651 4096 1020 0 2147483678 2 -1 6 
0.000000 0.000000 100000000.000000  2 2147484654 0 1005 1 1  22 2204 2 1224979098644774912 144115188075856034 4 0 31 2 1224979098644774912 432345564227567631 2133 2 1224979098644774913 360287970189640598 5 0 31 2 1224979098644774912 432345564227567632 2133 2 1224979098644774913 360287970189640599 5 0 31 2 1224979098644774912 432345564227567633 2133 2 1224979098644774913 360287970189640600 5 0 31 2 1224979098644774912 432345564227567634 2133 2 1224979098644774913 360287970189640601 5 0 31 2 1224979098644774912 432345564227567635 2133 2 1224979098644774913 360287970189640602 5 0 31 2 1224979098644774912 432345564227567636 2133 2 1224979098644774913 360287970189640603 3 0 1265 4 3 1224979098644774913 1 0 2147483678 2 -1 7 
1.000000 0.000000 100000000.000000  1 31 2 144115188075856037 1  19 4 0 1006 0 2133 2 144115188075856201 0 5 0 2133 2 144115188075856201 1 3 0 1907 0 2133 2 144115188075856022 0 2133 2 144115188075856037 1 2133 2 144115188075856038 1 2040 0 2075 1 1 1700 1 1224979098644774912 1720 2 1224979098644774913 1224979098644774912 4 0 2147483678 2 1224979098644774913 90 1721 2 1224979098644774912 90 3 0 2147483678 2 -1 8 
1.000000 3.000000 100000000.000000  1 1006 0  19 4 0 1006 0 2133 2 144115188075856201 0 5 0 2133 2 144115188075856201 1 3 0 1907 0 2133 2 144115188075856022 0 2133 2 144115188075856037 1 2133 2 144115188075856038 1 2040 0 2075 1 1 1700 1 1224979098644774912 1720 2 1224979098644774913 1224979098644774912 4 0 2147483678 2 1224979098644774913 90 1721 2 1224979098644774912 90 3 0 2147483678 2 -1 9 


mst_meeting_merchant meeting_merchant 0  -1
Meeting_with_the_merchant 

10 0 4096 256 0 1 0  
1 4112 256 0 1 0  
2 4112 256 0 1 0  
3 4112 256 0 1 0  
4 4112 256 0 1 0  
5 4112 256 0 1 0  
6 4112 256 0 1 0  
7 4112 256 0 1 0  
8 4112 256 0 1 0  
9 4112 256 0 1 0  
6
-25.000000 0.000000 0.000000  0  8 2071 1 1224979098644774912 4 0 1718 2 1224979098644774913 1224979098644774912 33 3 1224979098644774913 360287970189640598 360287970189640604 1771 2 1224979098644774912 7 1796 3 0 7 0 3 0 2147483678 2 -1 0 
1.000000 0.000000 100000000.000000  0  13 2133 2 144115188075856039 0 2211 1 1224979098644774912 503 3 1224979098644774912 0 1 4 0 31 2 144115188075856142 1 1 2 936748722493063651 16384 5 0 31 2 144115188075855893 14 1 2 936748722493063651 512 5 0 1 2 936748722493063651 8192 3 0 2147483678 2 -1 1 
1.000000 0.000000 0.000000  21 2133 2 1224979098644774912 0 4 0 30 2 144115188075856039 6 2133 2 1224979098644774912 1 5 0 30 2 144115188075856039 1 2147483690 0 4 0 31 2 144115188075856039 1 200 1 504403158265495638 1120 2 216172782113787012 1585267068834414749 3 0 2105 2 144115188075856039 1 2133 2 1224979098644774912 0 3 0 4 0 42 0 1122 1 -1 2133 2 1224979098644774912 0 3 0 31 2 1224979098644774912 1  6 1124 2 17 17 1123 2 500 650 1125 1 0 1126 1 1 1122 1 216172782113787003 2147483678 2 -1 2 
-19.000000 0.000000 0.000000  0  1 2147483678 2 -1 3 
-22.000000 0.000000 0.000000  1 2075 1 1  1 2147483678 2 -1 4 
-21.000000 0.000000 0.000000  30 4 0 32 2 144115188075856039 0 2133 2 1224979098644774912 0 1625 2 1 144115188075855982 6 3 1224979098644774913 0 10 1627 3 0 1 2 710 3 1224979098644774914 0 1 30 2 1224979098644774914 1224979098644774912 2133 2 1224979098644774912 1224979098644774914 700 2 2 0 3 0 1626 2 648518346341351424 2 1907 0 2133 2 144115188075856038 2 1122 1 -1 1126 1 0 2052 0 4 0 201 1 504403158265495641 2133 2 144115188075856040 1 5 0 1103 1 50 6 3 1224979098644774913 0 20 1100 2 648518346341351424 576460752303423494 3 0 3 0 2075 1 1 5 0 1106 1 216172782113787002 3 0  1 2147483678 2 -1 5 


mst_town_fight town_fight 0  -1
Town_Fight 

48 0 4100 256 0 1 0  
1 4100 256 0 1 0  
2 4112 256 0 1 0  
3 4112 256 0 1 0  
4 4112 256 0 1 0  
5 4112 256 0 1 0  
6 4112 256 0 1 0  
7 4112 256 0 1 0  
8 4112 256 0 1 0  
9 16 256 0 1 0  
10 16 256 0 1 0  
11 8208 256 0 1 0  
12 8208 256 0 1 0  
13 8208 256 0 1 0  
14 16 256 0 1 0  
15 16 256 0 1 0  
16 16 256 0 1 0  
17 16 256 0 1 0  
18 16 256 0 1 0  
19 16 256 0 1 0  
20 16 256 0 1 0  
21 8208 256 0 1 0  
22 8208 256 0 1 0  
23 4112 256 0 1 0  
24 4112 256 0 1 0  
25 4112 256 0 1 0  
26 4112 256 0 1 0  
27 4112 256 0 1 0  
28 4112 256 0 1 0  
29 16 256 0 1 0  
30 16 256 0 1 0  
31 16 256 0 1 0  
32 4112 256 0 1 0  
33 4112 256 0 1 0  
34 4112 256 0 1 0  
35 4112 256 0 1 0  
36 4112 256 0 1 0  
37 4112 256 0 1 0  
38 4112 256 0 1 0  
39 4112 256 0 1 0  
40 8208 256 16 1 0  
41 8208 256 16 1 0  
42 8208 256 16 1 0  
43 8208 256 16 1 0  
44 8208 256 16 1 0  
45 8208 256 16 1 0  
46 8208 256 16 1 0  
47 8208 256 16 1 0  
13
-25.000000 0.000000 0.000000  0  4 2071 1 1224979098644774912 1718 2 1224979098644774913 1224979098644774912 1 4 936748722493063580 1729382256910270468 1224979098644774912 1224979098644774913 2147483678 2 -1 0 
-25.000000 0.000000 0.000000  0  3 2071 1 1224979098644774912 1771 2 1224979098644774912 0 2147483678 2 -1 1 
-19.000000 0.000000 0.000000  0  7 1936 0 2133 2 144115188075856022 0 1020 0 2133 2 144115188075856202 0 2133 2 144115188075856200 0 2124 1 100 2147483678 2 -1 2 
1.000000 0.000000 100000000.000000  1 1 1 936748722493063518  1 2147483678 2 -1 3 
-26.000000 0.000000 0.000000  0  13 2071 1 1224979098644774912 2072 1 1224979098644774913 4 0 1770 2 1224979098644774914 1224979098644774912 31 2 1224979098644774914 1 1700 1 1224979098644774915 31 2 1224979098644774915 1224979098644774913 2105 2 144115188075856202 1 5 0 31 2 1224979098644774914 0 2105 2 144115188075856200 1 3 0 2147483678 2 -1 4 
1.000000 0.000000 0.000000  39 2147483678 2 144115188075856433 8 2105 2 144115188075856433 1 4 0 31 2 144115188075856433 2 1700 1 1224979098644774912 12 1 1224979098644774913 1718 2 1224979098644774914 1224979098644774913 30 2 1224979098644774914 360287970189640598 2147483678 2 1224979098644774914 360287970189640604 2133 2 144115188075856434 1224979098644774914 2133 2 144115188075856435 1224979098644774913 1710 2 0 1224979098644774912 1710 2 1 1224979098644774913 2133 2 1224979098644774915 -1000 6 3 1224979098644774916 0 64 1780 2 6 1224979098644774916 710 3 1224979098644774917 0 6 710 3 1224979098644774918 1 6 2121 3 1224979098644774919 1224979098644774918 1224979098644774917 30 2 1224979098644774918 15 30 2 1224979098644774919 1224979098644774915 700 2 2 6 2133 2 1224979098644774915 1224979098644774919 3 0 1730 3 1224979098644774913 2 0 1736 2 1224979098644774913 10 3 0 5 0 31 2 144115188075856433 5 1700 1 1224979098644774912 1710 2 0 1224979098644774912 1730 3 144115188075856435 0 0 1736 2 144115188075856435 10 5 0 31 2 144115188075856433 7 1735 1 144115188075856435 2133 2 144115188075855893 0 1920 1 144115188075856434 3 0  1 2147483678 2 -1 5 
1.000000 0.000000 0.000000  0  29 30 2 144115188075856433 8 1700 1 1224979098644774912 12 1 1224979098644774913 2147483679 2 1224979098644774913 1224979098644774912 1702 1 1224979098644774913 1770 2 1224979098644774914 1224979098644774913 31 2 1224979098644774914 0 1710 2 0 1224979098644774913 2133 2 1224979098644774915 10000 12 1 1224979098644774916 1702 1 1224979098644774916 1770 2 1224979098644774917 1224979098644774916 31 2 1224979098644774917 1 1710 2 1 1224979098644774916 710 3 1224979098644774918 0 1 2147483680 2 1224979098644774918 1224979098644774915 2133 2 1224979098644774915 1224979098644774918 700 2 2 1 3 0 2133 2 72057594037927937 1224979098644774918 4 0 2147483680 2 1224979098644774915 500 1735 1 1224979098644774913 5 0 2147483678 2 1224979098644774915 10000 1730 3 1224979098644774913 2 0 3 0 3 0 2147483678 2 -1 6 
3.000000 0.000000 0.000000  2 2147483678 2 144115188075856433 8 1 1 936748722493063521  1 2147483678 2 -1 7 
2.000000 0.000000 0.000000  1 1 1 936748722493063511  1 2147483678 2 -1 8 
-19.000000 0.000000 0.000000  0  2 1 1 936748722493063507 2147483678 2 -1 9 
1.000000 4.000000 100000000.000000  3 1073742830 0 1005 1 1 30 2 144115188075856433 8  13 4 0 1006 0 2133 2 144115188075856201 0 5 0 2133 2 144115188075856201 1 3 0 2133 2 144115188075856038 4 1935 0 1907 0 372 1 6 2040 0 2075 1 1 2147483678 2 -1 10 
-22.000000 0.000000 0.000000  9 4 0 31 2 144115188075856193 0 2075 1 1 5 0 31 2 144115188075856193 1 1106 1 216172782113783921 5 0 1106 1 216172782113783919 3 0  1 2147483678 2 -1 11 
-21.000000 0.000000 0.000000  1 1106 1 216172782113787002  1 2147483678 2 -1 12 


mst_multiplayer_duel multiplayer_duel 2  -1
You_lead_your_men_to_battle. 

64 0 4112 0 16 1 0  
1 4112 0 16 1 0  
2 4112 0 16 1 0  
3 4112 0 16 1 0  
4 4112 0 16 1 0  
5 4112 0 16 1 0  
6 4112 0 16 1 0  
7 4112 0 16 1 0  
8 4112 0 16 1 0  
9 4112 0 16 1 0  
10 4112 0 16 1 0  
11 4112 0 16 1 0  
12 4112 0 16 1 0  
13 4112 0 16 1 0  
14 4112 0 16 1 0  
15 4112 0 16 1 0  
16 4112 0 16 1 0  
17 4112 0 16 1 0  
18 4112 0 16 1 0  
19 4112 0 16 1 0  
20 4112 0 16 1 0  
21 4112 0 16 1 0  
22 4112 0 16 1 0  
23 4112 0 16 1 0  
24 4112 0 16 1 0  
25 4112 0 16 1 0  
26 4112 0 16 1 0  
27 4112 0 16 1 0  
28 4112 0 16 1 0  
29 4112 0 16 1 0  
30 4112 0 16 1 0  
31 4112 0 16 1 0  
32 8208 0 16 1 0  
33 8208 0 16 1 0  
34 8208 0 16 1 0  
35 8208 0 16 1 0  
36 8208 0 16 1 0  
37 8208 0 16 1 0  
38 8208 0 16 1 0  
39 8208 0 16 1 0  
40 8208 0 16 1 0  
41 8208 0 16 1 0  
42 8208 0 16 1 0  
43 8208 0 16 1 0  
44 8208 0 16 1 0  
45 8208 0 16 1 0  
46 8208 0 16 1 0  
47 8208 0 16 1 0  
48 8208 0 16 1 0  
49 8208 0 16 1 0  
50 8208 0 16 1 0  
51 8208 0 16 1 0  
52 8208 0 16 1 0  
53 8208 0 16 1 0  
54 8208 0 16 1 0  
55 8208 0 16 1 0  
56 8208 0 16 1 0  
57 8208 0 16 1 0  
58 8208 0 16 1 0  
59 8208 0 16 1 0  
60 8208 0 16 1 0  
61 8208 0 16 1 0  
62 8208 0 16 1 0  
63 8208 0 16 1 0  
40
-24.000000 0.000000 0.000000  0  6 4 0 31 2 144115188075856314 1 2147484551 1 1513209474796486713 900 1 1513209474796486713 3 0 2147483678 2 -1 0 
0.000000 0.000000 0.000000  1 2147484066 0  8 4 0 71 1 62 31 2 144115188075856314 0 2147484551 1 1513209474796486713 2133 2 144115188075856314 1 900 1 1513209474796486713 3 0 2147483678 2 -1 1 
-26.000000 0.000000 0.000000  2 417 0 31 2 144115188075856325 7  7 2071 1 1224979098644774912 2072 1 1224979098644774913 4 0 1704 1 1224979098644774912 1 2 936748722493063786 1224979098644774913 3 0 2147483678 2 -1 2 
5.000000 0.000000 0.000000  2 417 0 31 2 144115188075856319 1  6 12 1 1224979098644774912 1712 1 1224979098644774912 1702 1 1224979098644774912 1733 2 1224979098644774912 1 3 0 2147483678 2 -1 3 
5.000000 0.000000 0.000000  2 417 0 31 2 144115188075856320 1  5 17 1 1224979098644774912 401 1 1224979098644774912 440 3 1224979098644774912 1 1 3 0 2147483678 2 -1 4 
-20.000000 0.000000 0.000000  2 417 0 31 2 144115188075856207 0  2 1 1 936748722493063825 2147483678 2 -1 5 
1.000000 0.000000 0.000000  2 417 0 31 2 144115188075856325 7  38 12 1 1224979098644774912 1712 1 1224979098644774912 1704 1 1224979098644774912 1702 1 1224979098644774912 1714 2 1224979098644774913 1224979098644774912 525 3 1224979098644774914 1224979098644774912 21 2147485360 1 1224979098644774914 1710 2 1 1224979098644774912 12 1 1224979098644774915 2147483679 2 1224979098644774915 1224979098644774912 1712 1 1224979098644774915 1704 1 1224979098644774915 1702 1 1224979098644774915 525 3 1224979098644774916 1224979098644774915 21 1712 1 1224979098644774916 1702 1 1224979098644774916 2147483679 2 1224979098644774916 1224979098644774912 1710 2 2 1224979098644774915 711 3 1224979098644774917 1 2 4 0 33 3 1224979098644774917 3 5 2147485355 1 1224979098644774912 1724 2 1224979098644774918 1224979098644774912 399 3 1224979098644774918 111 216172782113787569 5 0 2147483678 2 1224979098644774917 3 2136 3 1224979098644774919 0 65 1780 2 3 1224979098644774919 4 0 1712 1 1224979098644774913 1702 1 1224979098644774913 2133 2 1224979098644774912 1224979098644774913 3 0 1711 2 1224979098644774912 3 3 0 3 0 3 0 2147483678 2 -1 6 
1.000000 0.000000 0.000000  2 417 0 31 2 144115188075856315 1  30 2105 2 144115188075856316 1 2122 3 1224979098644774912 60 144115188075856317 4 0 30 2 144115188075856316 1224979098644774912 4 0 31 2 144115188075856318 1 2320 2 1 216172782113787622 5 0 31 2 144115188075856318 2 2320 2 1 216172782113787623 5 0 31 2 144115188075856318 3 2320 2 1 216172782113787624 5 0 31 2 144115188075856318 4 2320 2 1 216172782113787625 5 0 31 2 144115188075856318 5 2320 2 1 216172782113787626 2133 2 144115188075856318 0 3 0 17 1 1224979098644774913 401 1 1224979098644774913 399 3 1224979098644774913 111 1 3 0 473 1 1 2133 2 144115188075856316 0 2105 2 144115188075856318 1 3 0 2147483678 2 -1 7 
-16.000000 0.000000 0.000000  1 417 0  19 17 1 1224979098644774912 401 1 1224979098644774912 548 3 1224979098644774912 57 1 441 2 1224979098644774913 1224979098644774912 500 3 360287970189640760 1224979098644774912 1224979098644774913 3 0 17 1 1224979098644774912 401 1 1224979098644774912 548 3 1224979098644774912 58 1 441 2 1224979098644774913 1224979098644774912 500 3 360287970189640761 1224979098644774912 1224979098644774913 3 0 17 1 1224979098644774912 401 1 1224979098644774912 548 3 1224979098644774912 59 1 441 2 1224979098644774913 1224979098644774912 500 3 360287970189640762 1224979098644774912 1224979098644774913 3 0 2147483678 2 -1 8 
300.000000 0.000000 100000000.000000  1 417 0  6 6 3 1224979098644774912 0 256 500 3 360287970189640760 1224979098644774912 -1 500 3 360287970189640761 1224979098644774912 -1 500 3 360287970189640762 1224979098644774912 -1 3 0 2147483678 2 -1 9 
1.000000 0.000000 0.000000  2 31 2 144115188075856321 1 417 0  26 2121 3 1224979098644774912 144115188075856322 1 2133 2 144115188075856322 1224979098644774912 2133 2 72057594037927937 1224979098644774912 4 0 31 2 1224979098644774912 0 2320 2 1 216172782113787475 1 1 936748722493063787 5 0 31 2 1224979098644774912 2 2320 2 1 216172782113787474 1 1 936748722493063787 5 0 31 2 1224979098644774912 4 2320 2 1 216172782113787473 1 1 936748722493063787 5 0 2147483679 2 1224979098644774912 -1 2320 2 1 216172782113787469 1 1 936748722493063787 3 0 4 0 2147483680 2 1224979098644774912 -1 1973 1 288230376151711893 1740 2 72057594037927936 1801439850948198842 3 0 2147483678 2 -1 10 
-25.000000 0.000000 0.000000  2 417 0 31 2 144115188075856207 0  4 2071 1 1224979098644774912 1 2 936748722493063783 1224979098644774912 1 2 936748722493063805 1224979098644774912 2147483678 2 -1 11 
-53.000000 0.000000 0.000000  1 417 0  91 2071 1 1224979098644774912 2072 1 1224979098644774913 4 0 1712 1 1224979098644774912 1702 1 1224979098644774912 1704 1 1224979098644774912 2147485355 1 1224979098644774912 1073741855 2 1224979098644774913 288230376151711760 1073741855 2 1224979098644774913 288230376151711850 1073741855 2 1224979098644774913 288230376151711854 1073741855 2 1224979098644774913 288230376151711855 1073741855 2 1224979098644774913 288230376151711856 1073741855 2 1224979098644774913 288230376151711857 1073741855 2 1224979098644774913 288230376151711858 1073741855 2 1224979098644774913 288230376151711859 1073741855 2 1224979098644774913 288230376151711860 1073741855 2 1224979098644774913 288230376151711864 1073741855 2 1224979098644774913 288230376151711865 1073741855 2 1224979098644774913 288230376151711866 1073741855 2 1224979098644774913 288230376151711861 1073741855 2 1224979098644774913 288230376151711867 31 2 1224979098644774913 288230376151711868 1774 2 1224979098644774912 1224979098644774913 2133 2 1224979098644774914 0 4 0 31 2 144115188075856207 1 1720 3 1224979098644774915 1224979098644774912 1 4 0 31 2 1224979098644774913 288230376151711760 2105 2 1224979098644774914 6 5 0 31 2 1224979098644774913 288230376151711850 2105 2 1224979098644774914 3 5 0 31 2 1224979098644774913 288230376151711854 2105 2 1224979098644774914 5 5 0 31 2 1224979098644774913 288230376151711855 2105 2 1224979098644774914 7 5 0 31 2 1224979098644774913 288230376151711856 2105 2 1224979098644774914 4 5 0 31 2 1224979098644774913 288230376151711857 2105 2 1224979098644774914 8 5 0 31 2 1224979098644774913 288230376151711858 2105 2 1224979098644774914 4 5 0 31 2 1224979098644774913 288230376151711859 2105 2 1224979098644774914 5 5 0 31 2 1224979098644774913 288230376151711860 2105 2 1224979098644774914 5 5 0 31 2 1224979098644774913 288230376151711864 2105 2 1224979098644774914 5 5 0 31 2 1224979098644774913 288230376151711865 2105 2 1224979098644774914 7 5 0 31 2 1224979098644774913 288230376151711866 2105 2 1224979098644774914 8 5 0 31 2 1224979098644774913 288230376151711861 2105 2 1224979098644774914 4 5 0 31 2 1224979098644774913 288230376151711867 2105 2 1224979098644774914 10 3 0 4 0 2147483678 2 1224979098644774915 55 2105 2 1224979098644774915 1224979098644774914 2110 2 1224979098644774915 55 1721 3 1224979098644774912 1224979098644774915 1 3 0 5 0 1720 2 1224979098644774915 1224979098644774912 2105 2 1224979098644774914 5 2147483678 2 1224979098644774915 100 2105 2 1224979098644774915 1224979098644774914 2110 2 1224979098644774915 100 1721 2 1224979098644774912 1224979098644774915 3 0 1724 2 1224979098644774916 1224979098644774912 401 1 1224979098644774916 2325 2 1 1224979098644774913 2133 2 72057594037927937 1224979098644774914 399 3 1224979098644774916 111 216172782113787572 3 0 2147483678 2 -1 12 
1.500000 0.000000 0.000000  3 417 0 1073741855 2 144115188075856323 2 31 2 144115188075856323 4  34 12 1 1224979098644774912 1712 1 1224979098644774912 1702 1 1224979098644774912 1704 1 1224979098644774912 2147485355 1 1224979098644774912 1710 2 15 1224979098644774912 791 1 15 2124 1 100 722 2 15 180 700 2 16 15 700 2 17 15 4 0 31 2 144115188075856323 4 700 2 18 15 700 2 19 15 700 2 20 15 700 2 21 15 720 2 18 400 720 2 19 -400 721 2 20 400 721 2 21 -400 3 0 722 2 15 -170 722 2 17 2000 4 0 31 2 144115188075856323 4 1 1 936748722493063812 5 0 707 2 16 17 722 2 15 650 1969 3 1008806316530991105 15 140 3 0 3 0 2147483678 2 -1 13 
1.000000 0.000000 0.000000  3 417 0 1073741855 2 144115188075856323 1 31 2 144115188075856323 3  34 12 1 1224979098644774912 1712 1 1224979098644774912 1702 1 1224979098644774912 1704 1 1224979098644774912 2147485355 1 1224979098644774912 1710 2 15 1224979098644774912 791 1 15 2124 1 100 722 2 15 180 700 2 16 15 700 2 17 15 4 0 31 2 144115188075856323 3 700 2 18 15 700 2 19 15 700 2 20 15 700 2 21 15 720 2 18 600 720 2 19 -600 721 2 20 600 721 2 21 -600 3 0 722 2 15 -170 722 2 17 2000 4 0 31 2 144115188075856323 3 1 1 936748722493063811 5 0 707 2 16 17 722 2 15 470 1969 3 1008806316530991104 15 300 3 0 3 0 2147483678 2 -1 14 
5.000000 0.000000 0.000000  2 417 0 31 2 144115188075856324 1  81 2124 1 100 12 1 1224979098644774912 1712 1 1224979098644774912 1702 1 1224979098644774912 1710 2 3 1224979098644774912 728 2 1224979098644774913 3 2133 2 1224979098644774914 -190 4 0 2147483678 2 1224979098644774913 1224979098644774914 4 0 1712 1 1224979098644774912 1702 1 1224979098644774912 1704 1 1224979098644774912 1714 2 1224979098644774915 1224979098644774912 1712 1 1224979098644774915 1702 1 1224979098644774915 2133 2 1224979098644774914 -280 5 0 1712 1 1224979098644774912 1702 1 1224979098644774912 2147485352 1 1224979098644774912 2133 2 1224979098644774914 -200 3 0 2133 2 1224979098644774916 1152921504606847103 4 0 1712 1 1224979098644774912 1704 1 1224979098644774912 4 0 1718 2 1224979098644774917 1224979098644774912 1506 2 1224979098644774918 1224979098644774917 4 0 1724 2 1224979098644774919 1224979098644774912 401 1 1224979098644774919 442 2 1224979098644774918 1224979098644774919 3 0 4 0 31 2 1224979098644774918 0 2133 2 1224979098644774916 1152921504606847103 5 0 31 2 1224979098644774918 1 2133 2 1224979098644774916 1152921504606847082 3 0 3 0 5 0 1712 1 1224979098644774912 2147485352 1 1224979098644774912 2133 2 1224979098644774916 1152921504606847125 3 0 4 0 2147483680 2 1224979098644774913 1224979098644774914 1712 1 1224979098644774912 1702 1 1224979098644774912 1704 1 1224979098644774912 1720 2 1224979098644774920 1224979098644774912 2121 3 1224979098644774921 1224979098644774920 10 1721 2 1224979098644774912 1224979098644774921 4 0 2147483680 2 1224979098644774921 0 1722 2 1224979098644774912 1224979098644774912 3 0 391 4 126 6 1224979098644774912 1224979098644774916 1724 2 1224979098644774919 1224979098644774912 401 1 1224979098644774919 399 3 1224979098644774919 111 216172782113787429 5 0 2147483680 2 1224979098644774913 1224979098644774914 1712 1 1224979098644774912 1702 1 1224979098644774912 2147485352 1 1224979098644774912 1720 2 1224979098644774920 1224979098644774912 2121 3 1224979098644774921 1224979098644774920 10 1721 2 1224979098644774912 1224979098644774921 4 0 2147483680 2 1224979098644774921 0 1722 2 1224979098644774912 1224979098644774912 3 0 391 4 126 6 1224979098644774912 1224979098644774916 3 0 3 0 3 0 2147483678 2 -1 15 
3.000000 0.000000 100000000.000000  2 417 0 31 2 0 1  35 4 0 2319 1 5 2319 1 6 2133 2 1224979098644774912 0 17 1 1224979098644774913 401 1 1224979098644774913 1073742372 3 1224979098644774913 57 1 1073742372 3 1224979098644774913 58 1 1073742372 3 1224979098644774913 59 1 430 1 1224979098644774913 2105 2 1224979098644774912 1 2350 2 5 1224979098644774913 4 0 31 2 1224979098644774912 1 2320 2 6 216172782113787383 5 0 32 2 1224979098644774912 1 2320 2 6 216172782113787384 3 0 3 0 4 0 31 2 1224979098644774912 0 2320 2 6 1585267068834414750 3 0 2211 1 1224979098644774914 1 2 936748722493063207 1224979098644774914 2320 2 2 216172782113783815 1 2 936748722493063266 144115188075856325 1 2 936748722493063208 72057594037927936 2320 2 3 216172782113783815 2352 1 4 2320 2 1 216172782113787387 1 1 936748722493063787 3 0 2147483678 2 -1 16 
-29.000000 0.000000 0.000000  1 417 0  3 2071 1 1224979098644774912 1 2 936748722493063798 1224979098644774912 2147483678 2 -1 17 
0.000000 0.000000 3.000000  19 2147484066 0 415 1 1224979098644774912 401 1 1224979098644774912 1073742372 3 1224979098644774912 59 1 430 1 1224979098644774912 406 2 1224979098644774913 1224979098644774912 1712 1 1224979098644774913 1702 1 1224979098644774913 70 1 25 70 1 24 70 1 184 1709 2 1 1224979098644774913 722 2 1 120 1 2 936748722493063821 50 2133 2 144115188075856326 1 1975 3 1008806316530991164 1 1 700 2 3 1 72 1 7 2133 2 144115188075856326 0  1 2147483678 2 -1 18 
0.000000 0.000000 0.000000  21 2147484066 0 2124 1 100 415 1 1224979098644774912 401 1 1224979098644774912 1073742372 3 1224979098644774912 59 1 430 1 1224979098644774912 406 2 1224979098644774913 1224979098644774912 1712 1 1224979098644774913 1702 1 1224979098644774913 31 2 144115188075856326 1 2147483718 1 25 2147483718 1 24 2147483718 1 184 2133 2 144115188075856326 0 4 0 726 2 1224979098644774914 3 727 2 1224979098644774915 3 728 2 1224979098644774916 3 392 5 126 19 1224979098644774914 1224979098644774915 1224979098644774916 600 1 1152921504606846985 3 0  1 2147483678 2 -1 19 
3.000000 0.000000 0.000000  1 417 0  8 17 2 1224979098644774912 1 401 1 1224979098644774912 548 3 1224979098644774912 56 1 2147484086 1 1224979098644774912 394 2 1224979098644774912 79 399 3 1224979098644774912 111 216172782113787534 3 0 2147483678 2 -1 20 
0.000000 0.000000 0.000000  2 2147484066 0 255 0  33 4 0 70 1 29 70 1 56 71 1 63 4 0 31 2 144115188075856327 0 2133 2 144115188075856327 1 1106 1 1585267068834414751 5 0 2133 2 144115188075856327 0 1106 1 1585267068834414752 3 0 3 0 4 0 70 1 29 70 1 56 71 1 64 4 0 31 2 144115188075856327 1 2133 2 144115188075856327 2 1106 1 1585267068834414753 5 0 31 2 144115188075856327 2 2133 2 144115188075856327 1 1106 1 1585267068834414754 3 0 3 0 4 0 31 2 144115188075856327 2 2147484551 1 1513209474796486712 900 1 1513209474796486712 3 0 2147483678 2 -1 21 
0.000000 0.000000 0.000000  2 2147484066 0 1 1 936748722493063808  95 4 0 1073741895 1 22 1073741895 1 23 71 1 65 415 1 1224979098644774912 401 1 1224979098644774912 1073742372 3 1224979098644774912 57 1 1073742372 3 1224979098644774912 58 1 1073742372 3 1224979098644774912 59 1 430 1 1224979098644774912 4 0 71 1 22 2147484551 1 1513209474796486707 900 1 1513209474796486707 5 0 71 1 23 2147484551 1 1513209474796486708 900 1 1513209474796486708 5 0 71 1 65 2147484551 1 1513209474796486706 2147484551 1 1513209474796486682 900 1 1513209474796486706 3 0 3 0 4 0 71 1 25 415 1 1224979098644774912 401 1 1224979098644774912 2147484196 3 1224979098644774912 57 1 2147484196 3 1224979098644774912 58 1 2147484196 3 1224979098644774912 59 1 2147484078 1 1224979098644774912 2147484551 1 1513209474796486706 2147484551 1 1513209474796486682 900 1 1513209474796486711 3 0 4 0 70 1 29 70 1 56 71 1 66 415 1 1224979098644774912 415 1 1224979098644774912 401 1 1224979098644774912 1073742372 3 1224979098644774912 59 1 430 1 1224979098644774912 406 2 1224979098644774913 1224979098644774912 1712 1 1224979098644774913 1702 1 1224979098644774913 390 3 126 22 50 2093 2 1224979098644774913 50 3 0 4 0 70 1 29 70 1 56 71 1 67 415 1 1224979098644774912 401 1 1224979098644774912 1073742372 3 1224979098644774912 59 1 430 1 1224979098644774912 406 2 1224979098644774913 1224979098644774912 1712 1 1224979098644774913 1702 1 1224979098644774913 390 3 126 22 100 2093 2 1224979098644774913 100 3 0 4 0 70 1 29 70 1 56 71 1 68 415 1 1224979098644774912 401 1 1224979098644774912 1073742372 3 1224979098644774912 59 1 430 1 1224979098644774912 406 2 1224979098644774913 1224979098644774912 1712 1 1224979098644774913 1702 1 1224979098644774913 390 3 126 22 200 2093 2 1224979098644774913 200 3 0 4 0 70 1 29 70 1 56 71 1 87 415 1 1224979098644774912 401 1 1224979098644774912 1073742372 3 1224979098644774912 59 1 430 1 1224979098644774912 406 2 1224979098644774913 1224979098644774912 1712 1 1224979098644774913 1702 1 1224979098644774913 390 3 126 22 1000 2093 2 1224979098644774913 1000 3 0 2147483678 2 -1 22 
10.000000 0.000000 0.000000  2 417 0 31 2 144115188075856328 1  19 12 1 1224979098644774912 1712 1 1224979098644774912 1702 1 1224979098644774912 2147485352 1 1224979098644774912 1715 2 1224979098644774913 1224979098644774912 2147485360 1 1224979098644774913 2370 1 1224979098644774914 4 0 2147484213 3 1224979098644774912 50 1 505 3 1224979098644774912 50 1224979098644774914 5 0 565 3 1224979098644774912 50 1 525 3 1224979098644774915 1224979098644774912 50 2120 3 1224979098644774916 1224979098644774915 144115188075856329 30 2 1224979098644774914 1224979098644774916 1749 1 1224979098644774912 3 0 3 0 2147483678 2 -1 23 
-55.000000 0.000000 0.000000  2 417 0 31 2 144115188075856328 1  8 2072 1 1224979098644774912 4 0 1712 1 1224979098644774912 1702 1 1224979098644774912 2147485352 1 1224979098644774912 505 3 1224979098644774912 50 0 3 0 2147483678 2 -1 24 
1.000000 5.000000 0.000000  9 417 0 31 2 144115188075856344 1 31 2 144115188075856345 0 2370 1 1224979098644774912 2120 3 1224979098644774913 144115188075856346 144115188075856347 1073741855 2 1224979098644774913 144115188075856348 1073741857 3 144115188075856349 1 3 32 2 1224979098644774912 144115188075856350 1 1 936748722493063258  9 2133 2 144115188075856344 0 4 0 1073741855 2 144115188075856351 0 31 2 144115188075856351 3 1 2 936748722493063266 144115188075856325 470 3 72057594037927936 144115188075856352 1 1 1 936748722493063174 3 0 2147483678 2 -1 25 
-25.000000 0.000000 0.000000  0  3 2071 1 1224979098644774912 1 2 936748722493063232 1224979098644774912 2147483678 2 -1 26 
-15.000000 0.000000 0.000000  0  3 2071 1 1224979098644774912 1 2 936748722493063233 1224979098644774912 2147483678 2 -1 27 
-19.000000 0.000000 0.000000  0  10 2133 2 144115188075856325 7 1 1 936748722493063234 1796 3 0 0 1 1796 3 0 1 1 1796 3 1 1 1 2006 1 1 1 1 936748722493063277 1 1 936748722493063276 1 1 936748722493063275 2147483678 2 -1 28 
-20.000000 0.000000 0.000000  0  6 426 2 0 -1 426 2 1 -1 1 1 936748722493063221 1 1 936748722493063237 2133 2 144115188075856333 1 2147483678 2 -1 29 
-16.000000 0.000000 0.000000  0  4 1 1 936748722493063278 2133 2 144115188075856334 0 900 1 1513209474796486675 2147483678 2 -1 30 
-26.000000 0.000000 0.000000  0  35 2071 1 1224979098644774912 2072 1 1224979098644774913 1 3 936748722493063235 1224979098644774912 1224979098644774913 4 0 1700 1 1224979098644774914 1712 1 1224979098644774914 565 3 1224979098644774914 21 0 4 0 31 2 1224979098644774912 1224979098644774914 1106 1 216172782113787119 5 0 545 3 1224979098644774914 21 1224979098644774912 1106 1 216172782113787120 3 0 3 0 4 0 565 3 1224979098644774912 21 0 525 3 1224979098644774915 1224979098644774912 21 505 3 1224979098644774912 21 -1 4 0 1712 1 1224979098644774915 505 3 1224979098644774915 21 -1 1802 1 1224979098644774915 4 0 1724 2 1224979098644774916 1224979098644774915 2147484049 1 1224979098644774916 1732 1 1224979098644774915 3 0 3 0 3 0 4 0 1704 1 1224979098644774912 1 2 936748722493063786 1224979098644774913 3 0 2147483678 2 -1 31 
1.000000 0.000000 0.000000  0  40 417 0 400 1 1224979098644774912 6 3 1224979098644774913 0 1224979098644774912 401 1 1224979098644774913 2147484086 1 1224979098644774913 402 2 1224979098644774914 1224979098644774913 2147483678 2 1224979098644774914 2 404 2 1224979098644774915 1224979098644774913 30 2 1224979098644774915 0 406 2 1224979098644774916 1224979098644774913 2133 2 1224979098644774917 0 4 0 528 3 1224979098644774918 1224979098644774913 24 31 2 1224979098644774918 1 2133 2 1224979098644774917 1 508 3 1224979098644774913 24 0 5 0 4 0 2147483678 2 1224979098644774916 0 2133 2 1224979098644774917 1 5 0 2147485350 1 1224979098644774916 1760 2 1224979098644774919 1224979098644774916 32 2 1224979098644774919 144115188075856343 2133 2 1224979098644774917 1 3 0 3 0 31 2 1224979098644774917 1 1 2 936748722493063295 1224979098644774913 1541 3 1224979098644774920 1224979098644774915 8 4 0 30 2 1224979098644774920 0 2133 2 1224979098644774921 1 5 0 2133 2 1224979098644774921 0 3 0 1 4 936748722493063293 1224979098644774914 0 1224979098644774921 409 2 1224979098644774913 72057594037927936 3 0 2147483678 2 -1 32 
1.000000 0.000000 0.000000  0  32 417 0 2370 1 1224979098644774912 30 2 1224979098644774912 2 2133 2 1224979098644774913 0 2133 2 1224979098644774914 0 12 1 1224979098644774915 1707 1 1224979098644774915 1704 1 1224979098644774915 2133 2 1224979098644774916 0 4 0 1702 1 1224979098644774915 2133 2 1224979098644774916 1 5 0 1760 2 1224979098644774917 1224979098644774915 2147483680 2 1224979098644774917 144115188075856343 2133 2 1224979098644774916 1 3 0 31 2 1224979098644774916 1 1770 2 1224979098644774918 1224979098644774915 4 0 31 2 1224979098644774918 0 2105 2 1224979098644774913 1 5 0 31 2 1224979098644774918 1 2105 2 1224979098644774914 1 3 0 3 0 2121 3 144115188075856353 144115188075856354 1224979098644774913 2121 3 144115188075856355 144115188075856356 1224979098644774914 2111 2 144115188075856353 0 2111 2 144115188075856355 0 2147483678 2 -1 33 
0.000000 0.000000 0.000000  0  46 417 0 31 2 144115188075856333 1 2120 3 1224979098644774912 144115188075856353 144115188075856355 4 0 32 2 1224979098644774912 0 2136 3 1224979098644774913 0 1224979098644774912 2106 2 1224979098644774913 144115188075856353 4 0 2147483678 2 1224979098644774913 0 2133 2 1224979098644774914 0 2106 2 144115188075856353 1 5 0 2133 2 1224979098644774914 1 2106 2 144115188075856355 1 3 0 458 2 1224979098644774915 1224979098644774914 2133 2 1224979098644774916 0 6 3 1224979098644774917 360287970189640531 360287970189640549 2173 2 1224979098644774918 1224979098644774917 31 2 1224979098644774918 1224979098644774915 2105 2 1224979098644774916 1 3 0 2136 3 1224979098644774919 0 1224979098644774916 2133 2 1224979098644774920 360287970189640549 6 3 1224979098644774917 360287970189640531 1224979098644774920 2173 2 1224979098644774918 1224979098644774917 31 2 1224979098644774918 1224979098644774915 2106 2 1224979098644774919 1 2147483678 2 1224979098644774919 0 2133 2 1224979098644774920 0 2133 2 1224979098644774921 1224979098644774917 3 0 1541 3 1224979098644774922 1224979098644774921 8 4 0 30 2 1224979098644774922 0 2133 2 1224979098644774923 1 5 0 2133 2 1224979098644774923 0 3 0 1 4 936748722493063293 1224979098644774914 0 1224979098644774923 2211 1 1224979098644774924 1261 1 1224979098644774924 1265 5 72057594037927936 1224979098644774921 1 1224979098644774914 -1 2133 2 144115188075856333 0 3 0 2147483678 2 -1 34 
1.000000 0.000000 0.000000  0  15 417 0 2133 2 1224979098644774912 0 4 0 2370 1 1224979098644774913 2122 3 1224979098644774914 144115188075856330 60 32 2 1224979098644774913 1224979098644774914 2133 2 1224979098644774912 1 3 0 4 0 31 2 1224979098644774912 1 1 2 936748722493063266 144115188075856325 470 3 72057594037927936 144115188075856332 0 1 1 936748722493063174 3 0 2147483678 2 -1 35 
-21.000000 0.000000 0.000000  0  6 4 0 31 2 144115188075856357 0 2133 2 144115188075856334 1 900 1 1513209474796486675 3 0 2147483678 2 -1 36 
0.000000 0.000000 100000000.000000  0  2 900 1 1513209474796486661 2147483678 2 -1 37 
-23.000000 0.000000 0.000000  0  5 2147484551 1 1513209474796486676 2147484551 1 1513209474796486675 31 2 144115188075856358 0 900 1 1513209474796486676 2147483678 2 -1 38 
1.000000 0.000000 0.000000  0  14 2370 1 1224979098644774912 2121 3 1224979098644774913 1224979098644774912 3 12 1 1224979098644774914 565 3 1224979098644774914 21 0 525 3 1224979098644774915 1224979098644774914 22 30 2 1224979098644774915 0 2147483680 2 1224979098644774915 1224979098644774913 505 3 1224979098644774914 22 -1 525 3 1224979098644774916 1224979098644774914 21 1712 1 1224979098644774916 1803 3 1224979098644774914 1224979098644774916 -1 1732 1 1224979098644774914 3 0 2147483678 2 -1 39 


