presentationsfile version 1
 58
prsnt_game_start 1 0 1
-60.000000  7 2133 2 72057594037927937 144115188075856704 2133 2 72057594037927938 144115188075856705 2133 2 72057594037927939 144115188075856706 1106 2 216172782113787619 6684672 1106 2 216172782113787620 6684672 1106 2 216172782113787621 6684672 902 1 999999 


prsnt_game_credits 1 53 2
-60.000000  21 2133 2 144115188075856752 -1 2133 2 144115188075856753 -1 2133 2 144115188075856754 -1 2133 2 144115188075856755 -1 2133 2 144115188075856756 -1 2133 2 144115188075856757 -1 2133 2 144115188075856758 -1 2133 2 144115188075856759 -1 2133 2 144115188075856760 -1 2133 2 144115188075856761 -1 2133 2 144115188075856762 -1 2133 2 144115188075856763 -1 2133 2 144115188075856764 0 2133 2 144115188075856765 0 2133 2 144115188075856766 0 2133 2 144115188075856767 0 2133 2 144115188075856768 0 2133 2 144115188075856769 0 2133 2 144115188075856770 0 2133 2 144115188075856771 0 2133 2 144115188075856772 0 
-61.000000  228 2071 1 1224979098644774912 2124 1 1000 902 1 1000000 4 0 1073741895 1 57 1073741895 1 28 1073741895 1 1 1073741895 1 14 1073741895 1 224 1073741895 1 225 1073741895 1 252 71 1 253 902 1 0 3 0 4 0 2147483678 2 144115188075856752 0 2320 2 1 216172782113785444 910 3 144115188075856752 1 6160 921 2 144115188075856752 0 922 2 144115188075856752 0 729 2 1 1500 730 2 1 1500 925 2 144115188075856752 1 729 2 1 500 730 2 1 375 926 2 144115188075856752 1 933 3 144115188075856752 1000 255 5 0 32 2 1224979098644774912 2000 31 2 144115188075856764 0 2133 2 144115188075856764 1 933 3 144115188075856752 1000 0 5 0 32 2 1224979098644774912 3500 2147483678 2 144115188075856753 0 2320 2 1 216172782113785445 910 3 144115188075856753 1 6160 921 2 144115188075856753 0 922 2 144115188075856753 0 729 2 1 1750 730 2 1 1750 925 2 144115188075856753 1 729 2 1 500 730 2 1 375 926 2 144115188075856753 1 933 3 144115188075856753 1000 255 5 0 32 2 1224979098644774912 5500 31 2 144115188075856765 0 2133 2 144115188075856765 1 933 3 144115188075856753 1000 0 5 0 32 2 1224979098644774912 7000 2147483678 2 144115188075856754 0 2320 2 1 216172782113785446 910 3 144115188075856754 1 6160 921 2 144115188075856754 0 922 2 144115188075856754 0 729 2 1 1750 730 2 1 1750 925 2 144115188075856754 1 729 2 1 500 730 2 1 375 926 2 144115188075856754 1 933 3 144115188075856754 1000 255 5 0 32 2 1224979098644774912 9000 31 2 144115188075856766 0 2133 2 144115188075856766 1 933 3 144115188075856754 1000 0 5 0 32 2 1224979098644774912 10500 2147483678 2 144115188075856755 0 2320 2 1 216172782113785447 910 3 144115188075856755 1 6160 921 2 144115188075856755 0 922 2 144115188075856755 0 729 2 1 1750 730 2 1 1750 925 2 144115188075856755 1 729 2 1 500 730 2 1 375 926 2 144115188075856755 1 933 3 144115188075856755 1000 255 5 0 32 2 1224979098644774912 12500 31 2 144115188075856767 0 2133 2 144115188075856767 1 933 3 144115188075856755 1000 0 5 0 32 2 1224979098644774912 14000 2147483678 2 144115188075856756 0 2320 2 1 216172782113785448 910 3 144115188075856756 1 6160 921 2 144115188075856756 0 922 2 144115188075856756 0 729 2 1 1750 730 2 1 1750 925 2 144115188075856756 1 729 2 1 500 730 2 1 375 926 2 144115188075856756 1 933 3 144115188075856756 1000 255 5 0 32 2 1224979098644774912 16000 31 2 144115188075856768 0 2133 2 144115188075856768 1 933 3 144115188075856756 1000 0 5 0 32 2 1224979098644774912 17500 2147483678 2 144115188075856757 0 2320 2 1 216172782113785449 910 3 144115188075856757 1 6160 921 2 144115188075856757 0 922 2 144115188075856757 0 729 2 1 1750 730 2 1 1750 925 2 144115188075856757 1 729 2 1 500 730 2 1 375 926 2 144115188075856757 1 933 3 144115188075856757 1000 255 5 0 32 2 1224979098644774912 19500 31 2 144115188075856769 0 2133 2 144115188075856769 1 933 3 144115188075856757 1000 0 5 0 32 2 1224979098644774912 21000 2147483678 2 144115188075856758 0 2320 2 1 216172782113785450 910 3 144115188075856758 1 6160 921 2 144115188075856758 0 922 2 144115188075856758 0 729 2 1 1750 730 2 1 1750 925 2 144115188075856758 1 729 2 1 500 730 2 1 375 926 2 144115188075856758 1 933 3 144115188075856758 1000 255 5 0 32 2 1224979098644774912 23000 31 2 144115188075856770 0 2133 2 144115188075856770 1 933 3 144115188075856758 1000 0 5 0 32 2 1224979098644774912 24500 2147483678 2 144115188075856759 0 2320 2 1 216172782113785451 910 3 144115188075856759 1 6160 921 2 144115188075856759 0 922 2 144115188075856759 0 729 2 1 1750 730 2 1 1750 925 2 144115188075856759 1 729 2 1 500 730 2 1 375 926 2 144115188075856759 1 933 3 144115188075856759 1000 255 5 0 32 2 1224979098644774912 26500 31 2 144115188075856771 0 2133 2 144115188075856771 1 933 3 144115188075856759 1000 0 5 0 32 2 1224979098644774912 28000 2147483678 2 144115188075856760 0 2320 2 1 216172782113785453 910 3 144115188075856760 1 6160 921 2 144115188075856760 0 922 2 144115188075856760 0 729 2 1 750 730 2 1 750 925 2 144115188075856760 1 729 2 1 250 730 2 1 485 926 2 144115188075856760 1 933 3 144115188075856760 1000 255 2320 2 1 216172782113785454 910 3 144115188075856761 1 6160 921 2 144115188075856761 0 922 2 144115188075856761 0 729 2 1 750 730 2 1 750 925 2 144115188075856761 1 729 2 1 750 730 2 1 470 926 2 144115188075856761 1 933 3 144115188075856761 1000 255 2320 2 1 216172782113785455 910 3 144115188075856762 1 6160 921 2 144115188075856762 0 922 2 144115188075856762 0 729 2 1 750 730 2 1 750 925 2 144115188075856762 1 729 2 1 500 730 2 1 105 926 2 144115188075856762 1 933 3 144115188075856762 1000 255 5 0 32 2 1224979098644774912 34000 31 2 144115188075856772 0 2133 2 144115188075856772 1 933 3 144115188075856760 1000 0 933 3 144115188075856761 1000 0 933 3 144115188075856762 1000 0 5 0 32 2 1224979098644774912 35500 2147483678 2 144115188075856763 0 2320 2 1 216172782113785452 910 3 144115188075856763 1 2064 921 2 144115188075856763 0 922 2 144115188075856763 255 729 2 1 1000 730 2 1 1000 925 2 144115188075856763 1 729 2 1 500 730 2 1 -4800 926 2 144115188075856763 1 729 2 1 500 730 2 1 760 937 3 144115188075856763 70000 1 5 0 32 2 1224979098644774912 105500 902 1 0 3 0 


prsnt_game_profile_banner_selection 0 53 2
-60.000000  44 2124 1 1000 2320 2 1 216172782113785760 910 3 72057594037927937 1 16 729 2 1 500 730 2 1 600 926 2 72057594037927937 1 920 2 72057594037927937 1 912 3 144115188075856773 1585267068834415054 16 729 2 1 700 730 2 1 50 926 2 144115188075856773 1 912 3 144115188075856774 216172782113785761 16 729 2 1 300 730 2 1 50 926 2 144115188075856774 1 2133 2 1224979098644774912 150 2133 2 1224979098644774913 575 2122 3 1224979098644774914 16 144115188075856775 2120 3 1224979098644774915 1224979098644774914 16 2120 3 144115188075856776 144115188075856774 1 2133 2 1224979098644774916 0 6 3 1224979098644774917 1441151880758558932 1441151880758559073 2133 2 1224979098644774918 0 6 3 1224979098644774919 432345564227567631 432345564227567637 542 3 1224979098644774919 15 1224979098644774917 2133 2 1224979098644774918 1 3 0 31 2 1224979098644774918 0 2105 2 1224979098644774916 1 32 2 1224979098644774916 1224979098644774914 2147483680 2 1224979098644774916 1224979098644774915 913 3 72057594037927937 1224979098644774917 1224979098644774917 729 2 1 1224979098644774912 730 2 1 1224979098644774913 926 2 72057594037927937 1 729 2 1 100 730 2 1 100 925 2 72057594037927937 1 2105 2 1224979098644774912 100 30 2 1224979098644774912 900 2133 2 1224979098644774912 150 2106 2 1224979098644774913 250 3 0 902 1 999999 
-62.000000  34 2071 1 1224979098644774912 4 0 31 2 1224979098644774912 144115188075856773 2105 2 144115188075856775 1 2109 2 144115188075856775 8 902 1 0 900 1 1513209474796486658 5 0 31 2 1224979098644774912 144115188075856774 351 1 -1 902 1 0 5 0 2121 3 1224979098644774913 1224979098644774912 144115188075856776 2122 3 1224979098644774914 16 144115188075856775 2105 2 1224979098644774913 1224979098644774914 2133 2 1224979098644774915 0 2133 2 1224979098644774916 1441151880758559073 6 3 1224979098644774917 1441151880758558932 1224979098644774916 2133 2 1224979098644774918 0 6 3 1224979098644774919 432345564227567631 432345564227567637 542 3 1224979098644774919 15 1224979098644774917 2133 2 1224979098644774918 1 3 0 31 2 1224979098644774918 0 4 0 31 2 1224979098644774913 1224979098644774915 2121 3 1224979098644774920 1224979098644774917 1441151880758558932 351 1 1224979098644774920 2133 2 1224979098644774916 0 3 0 2105 2 1224979098644774915 1 3 0 902 1 0 3 0 


prsnt_game_custom_battle_designer 2 523 4
-60.000000  428 2124 1 1000 910 3 72057594037927936 216172782113786911 98320 921 2 72057594037927936 4294967295 729 2 1 1500 730 2 1 1500 925 2 72057594037927936 1 729 2 1 175 730 2 1 700 926 2 72057594037927936 1 910 3 72057594037927936 216172782113786912 98320 921 2 72057594037927936 4294967295 729 2 1 1500 730 2 1 1500 925 2 72057594037927936 1 729 2 1 820 730 2 1 700 926 2 72057594037927936 1 910 3 72057594037927936 216172782113786909 16 729 2 1 175 730 2 1 670 926 2 72057594037927936 1 948 1 144115188075856777 729 2 1 800 730 2 1 800 925 2 144115188075856777 1 729 2 1 175 730 2 1 635 926 2 144115188075856777 1 6 3 1224979098644774912 360287970189640577 360287970189640588 2322 2 0 1224979098644774912 931 2 144115188075856777 0 3 0 2121 3 1224979098644774912 144115188075856442 360287970189640577 927 2 144115188075856777 1224979098644774912 2122 3 1224979098644774912 144115188075856442 2 939 4 72057594037927936 -1 1729382256910270467 1224979098644774912 729 2 1 25 730 2 1 370 926 2 72057594037927936 1 4 0 31 2 144115188075856445 432345564227567631 2133 2 1224979098644774912 360287970189639724 5 0 31 2 144115188075856445 432345564227567632 2133 2 1224979098644774912 360287970189639738 5 0 31 2 144115188075856445 432345564227567633 2133 2 1224979098644774912 360287970189639747 5 0 31 2 144115188075856445 432345564227567634 2133 2 1224979098644774912 360287970189639758 5 0 31 2 144115188075856445 432345564227567635 2133 2 1224979098644774912 360287970189639770 5 0 31 2 144115188075856445 432345564227567636 2133 2 1224979098644774912 360287970189639788 5 0 2133 2 1224979098644774912 360287970189639800 3 0 2107 2 1224979098644774912 2 939 4 72057594037927936 -1 1729382256910270467 1224979098644774912 729 2 1 670 730 2 1 370 926 2 72057594037927936 1 910 3 72057594037927936 216172782113786910 16 729 2 1 500 730 2 1 700 926 2 72057594037927936 1 2121 3 1224979098644774913 144115188075856442 360287970189640577 2105 2 1224979098644774913 216172782113786891 910 3 72057594037927936 1224979098644774913 8192 729 2 1 850 730 2 1 850 925 2 72057594037927936 1 729 2 1 320 730 2 1 560 926 2 72057594037927936 1 729 2 1 360 730 2 1 130 929 2 72057594037927936 1 910 3 72057594037927936 216172782113786904 16 921 2 72057594037927936 16777215 729 2 1 1500 730 2 1 1500 925 2 72057594037927936 1 729 2 1 500 730 2 1 450 926 2 72057594037927936 1 948 1 144115188075856778 729 2 1 700 730 2 1 700 925 2 144115188075856778 1 729 2 1 500 730 2 1 415 926 2 144115188075856778 1 4 0 31 2 144115188075856441 0 6 3 1224979098644774914 720575940379279998 720575940379280001 2121 3 1224979098644774915 1224979098644774914 720575940379279998 2105 2 1224979098644774915 216172782113786886 931 2 144115188075856778 1224979098644774915 3 0 4 0 33 3 144115188075856443 720575940379279998 720575940379280001 2121 3 1224979098644774916 144115188075856443 720575940379279998 927 2 144115188075856778 1224979098644774916 5 0 927 2 144115188075856778 0 2133 2 144115188075856443 720575940379279998 3 0 5 0 6 3 1224979098644774914 720575940379280001 720575940379280003 2121 3 1224979098644774915 1224979098644774914 720575940379279998 2105 2 1224979098644774915 216172782113786886 931 2 144115188075856778 1224979098644774915 3 0 4 0 33 3 144115188075856443 720575940379280001 720575940379280003 2121 3 1224979098644774916 144115188075856443 720575940379280001 927 2 144115188075856778 1224979098644774916 5 0 927 2 144115188075856778 0 2133 2 144115188075856443 720575940379280001 3 0 3 0 2121 3 1224979098644774917 144115188075856443 720575940379279998 2105 2 1224979098644774917 1441151880758559244 911 2 72057594037927936 1224979098644774917 729 2 1 700 730 2 1 700 925 2 72057594037927936 1 729 2 1 380 730 2 1 220 926 2 72057594037927936 1 910 3 72057594037927936 216172782113786905 16 921 2 72057594037927936 16777215 729 2 1 1500 730 2 1 1500 925 2 72057594037927936 1 729 2 1 500 730 2 1 180 926 2 72057594037927936 1 948 1 144115188075856779 729 2 1 700 730 2 1 700 925 2 144115188075856779 1 729 2 1 500 730 2 1 150 926 2 144115188075856779 1 931 2 144115188075856779 216172782113786906 931 2 144115188075856779 216172782113786907 931 2 144115188075856779 216172782113786908 927 2 144115188075856779 144115188075856441 940 2 144115188075856780 216172782113783834 729 2 1 500 730 2 1 60 926 2 144115188075856780 1 2133 2 1224979098644774918 330 2133 2 1224979098644774918 350 2133 2 1224979098644774919 40 910 3 72057594037927936 216172782113786913 16 729 2 1 175 730 2 1 1224979098644774918 926 2 72057594037927936 1 910 3 72057594037927936 216172782113786913 16 729 2 1 820 730 2 1 1224979098644774918 926 2 72057594037927936 1 2106 2 1224979098644774918 1224979098644774919 948 1 144115188075856781 729 2 1 175 730 2 1 1224979098644774918 926 2 144115188075856781 1 4 0 250 0 2335 2 0 432345564227567631 931 2 144115188075856781 0 2120 3 1224979098644774920 432345564227567631 1 2335 2 0 1224979098644774920 931 2 144115188075856781 0 5 0 6 3 1224979098644774920 432345564227567631 432345564227567637 2335 2 0 1224979098644774920 931 2 144115188075856781 0 3 0 2335 2 0 432345564227567618 931 2 144115188075856781 0 3 0 4 0 31 2 144115188075856444 432345564227567618 2121 3 1224979098644774921 432345564227567637 432345564227567631 927 2 144115188075856781 1224979098644774921 5 0 2121 3 1224979098644774922 144115188075856444 432345564227567631 927 2 144115188075856781 1224979098644774922 3 0 948 1 144115188075856782 729 2 1 820 730 2 1 1224979098644774918 926 2 144115188075856782 1 4 0 250 0 2335 2 0 432345564227567631 931 2 144115188075856782 0 2120 3 1224979098644774920 432345564227567631 1 2335 2 0 1224979098644774920 931 2 144115188075856782 0 5 0 6 3 1224979098644774920 432345564227567631 432345564227567637 2335 2 0 1224979098644774920 931 2 144115188075856782 0 3 0 2335 2 0 432345564227567618 931 2 144115188075856782 0 3 0 4 0 31 2 144115188075856445 432345564227567618 2121 3 1224979098644774921 432345564227567637 432345564227567631 927 2 144115188075856782 1224979098644774921 5 0 2121 3 1224979098644774923 144115188075856445 432345564227567631 927 2 144115188075856782 1224979098644774923 3 0 2106 2 1224979098644774918 1224979098644774919 910 3 72057594037927936 216172782113786914 16 729 2 1 175 730 2 1 1224979098644774918 926 2 72057594037927936 1 910 3 72057594037927936 216172782113786914 16 729 2 1 820 730 2 1 1224979098644774918 926 2 72057594037927936 1 2106 2 1224979098644774918 1224979098644774919 4 0 31 2 144115188075856783 0 31 2 144115188075856784 0 31 2 144115188075856785 0 31 2 144115188075856786 0 31 2 144115188075856787 0 31 2 144115188075856788 0 2133 2 144115188075856783 34 2133 2 144115188075856784 33 2133 2 144115188075856785 33 2133 2 144115188075856786 34 2133 2 144115188075856787 33 2133 2 144115188075856788 33 2133 2 144115188075856789 0 2133 2 144115188075856790 0 2133 2 144115188075856791 0 2133 2 144115188075856792 0 2133 2 144115188075856793 0 2133 2 144115188075856794 0 3 0 911 2 72057594037927936 1441151880758559240 729 2 1 5 730 2 1 1224979098644774918 926 2 72057594037927936 1 729 2 1 400 730 2 1 400 925 2 72057594037927936 1 911 2 72057594037927936 1441151880758559240 729 2 1 650 730 2 1 1224979098644774918 926 2 72057594037927936 1 729 2 1 400 730 2 1 400 925 2 72057594037927936 1 914 3 144115188075856795 0 100 927 2 144115188075856795 144115188075856783 729 2 1 900 730 2 1 1000 925 2 144115188075856795 1 729 2 1 175 730 2 1 1224979098644774918 926 2 144115188075856795 1 2133 2 72057594037927936 144115188075856783 910 3 144115188075856796 216172782113786916 0 729 2 1 295 730 2 1 1224979098644774918 926 2 144115188075856796 1 914 3 144115188075856797 0 100 927 2 144115188075856797 144115188075856786 729 2 1 900 730 2 1 1000 925 2 144115188075856797 1 729 2 1 820 730 2 1 1224979098644774918 926 2 144115188075856797 1 2133 2 72057594037927936 144115188075856786 910 3 144115188075856798 216172782113786916 0 729 2 1 940 730 2 1 1224979098644774918 926 2 144115188075856798 1 2106 2 1224979098644774918 1224979098644774919 911 2 72057594037927936 1441151880758559241 729 2 1 15 730 2 1 1224979098644774918 926 2 72057594037927936 1 729 2 1 400 730 2 1 400 925 2 72057594037927936 1 911 2 72057594037927936 1441151880758559241 729 2 1 660 730 2 1 1224979098644774918 926 2 72057594037927936 1 729 2 1 400 730 2 1 400 925 2 72057594037927936 1 914 3 144115188075856799 0 100 927 2 144115188075856799 144115188075856784 729 2 1 900 730 2 1 1000 925 2 144115188075856799 1 729 2 1 175 730 2 1 1224979098644774918 926 2 144115188075856799 1 2133 2 72057594037927936 144115188075856784 910 3 144115188075856800 216172782113786916 0 729 2 1 295 730 2 1 1224979098644774918 926 2 144115188075856800 1 914 3 144115188075856801 0 100 927 2 144115188075856801 144115188075856787 729 2 1 900 730 2 1 1000 925 2 144115188075856801 1 729 2 1 820 730 2 1 1224979098644774918 926 2 144115188075856801 1 2133 2 72057594037927936 144115188075856787 910 3 144115188075856802 216172782113786916 0 729 2 1 940 730 2 1 1224979098644774918 926 2 144115188075856802 1 2106 2 1224979098644774918 1224979098644774919 911 2 72057594037927936 1441151880758559242 729 2 1 10 730 2 1 1224979098644774918 926 2 72057594037927936 1 729 2 1 400 730 2 1 400 925 2 72057594037927936 1 911 2 72057594037927936 1441151880758559242 729 2 1 655 730 2 1 1224979098644774918 926 2 72057594037927936 1 729 2 1 400 730 2 1 400 925 2 72057594037927936 1 914 3 144115188075856803 0 100 927 2 144115188075856803 144115188075856785 729 2 1 900 730 2 1 1000 925 2 144115188075856803 1 729 2 1 175 730 2 1 1224979098644774918 926 2 144115188075856803 1 2133 2 72057594037927936 144115188075856785 910 3 144115188075856804 216172782113786916 0 729 2 1 295 730 2 1 1224979098644774918 926 2 144115188075856804 1 914 3 144115188075856805 0 100 927 2 144115188075856805 144115188075856788 729 2 1 900 730 2 1 1000 925 2 144115188075856805 1 729 2 1 820 730 2 1 1224979098644774918 926 2 144115188075856805 1 2133 2 72057594037927936 144115188075856788 910 3 144115188075856806 216172782113786916 0 729 2 1 940 730 2 1 1224979098644774918 926 2 144115188075856806 1 2106 2 1224979098644774918 1224979098644774919 910 3 72057594037927936 216172782113786915 16 729 2 1 175 730 2 1 1224979098644774918 926 2 72057594037927936 1 910 3 72057594037927936 216172782113786915 16 729 2 1 820 730 2 1 1224979098644774918 926 2 72057594037927936 1 2106 2 1224979098644774918 1224979098644774919 4 0 250 0 2110 2 144115188075856446 25 2110 2 144115188075856447 25 3 0 914 3 144115188075856807 0 100 928 3 144115188075856807 1000 75000 927 2 144115188075856807 144115188075856446 729 2 1 900 730 2 1 1000 925 2 144115188075856807 1 729 2 1 135 730 2 1 1224979098644774918 926 2 144115188075856807 1 1 2 936748722493063171 144115188075856446 910 3 144115188075856808 216172782113786917 0 729 2 1 255 730 2 1 1224979098644774918 926 2 144115188075856808 1 914 2 144115188075856809 200 928 3 144115188075856809 1000 75000 927 2 144115188075856809 144115188075856447 729 2 1 900 730 2 1 1000 925 2 144115188075856809 1 729 2 1 780 730 2 1 1224979098644774918 926 2 144115188075856809 1 1 2 936748722493063171 144115188075856447 910 3 144115188075856810 216172782113786917 0 729 2 1 900 730 2 1 1224979098644774918 926 2 144115188075856810 1 940 3 144115188075856811 216172782113786918 0 729 2 1 415 730 2 1 10 926 2 144115188075856811 1 940 3 144115188075856812 216172782113785729 0 729 2 1 585 730 2 1 10 926 2 144115188075856812 1 902 1 999999 
-62.000000  781 2071 1 1224979098644774912 2072 1 1224979098644774913 4 0 31 2 1224979098644774912 144115188075856778 4 0 31 2 144115188075856441 0 2120 3 144115188075856443 1224979098644774913 720575940379279998 5 0 2120 3 144115188075856443 1224979098644774913 720575940379280001 3 0 902 1 0 900 1 1513209474796486659 5 0 31 2 1224979098644774912 144115188075856779 2133 2 144115188075856441 1224979098644774913 902 1 0 900 1 1513209474796486659 5 0 31 2 1224979098644774912 144115188075856780 2136 3 144115188075856441 0 3 2136 3 144115188075856442 360287970189640577 360287970189640588 4 0 250 0 2136 3 144115188075856444 0 2 4 0 31 2 144115188075856444 0 2133 2 144115188075856445 1 5 0 2133 2 144115188075856445 0 3 0 2105 2 144115188075856444 432345564227567631 2105 2 144115188075856445 432345564227567631 2136 3 144115188075856446 10 16 2136 3 1224979098644774914 0 6 2105 2 144115188075856446 1224979098644774914 2136 3 1224979098644774914 0 6 2105 2 144115188075856446 1224979098644774914 5 0 2121 3 1224979098644774915 432345564227567637 432345564227567631 2105 2 1224979098644774915 1 2136 3 144115188075856444 0 1224979098644774915 4 0 31 2 144115188075856444 0 2133 2 144115188075856444 432345564227567618 5 0 2105 2 144115188075856444 432345564227567631 2106 2 144115188075856444 1 3 0 2133 2 1224979098644774916 1000 6 3 1224979098644774917 0 1224979098644774916 2136 3 144115188075856445 0 1224979098644774915 4 0 31 2 144115188075856445 0 2133 2 144115188075856445 432345564227567618 5 0 2105 2 144115188075856445 432345564227567631 2106 2 144115188075856445 1 3 0 2147483679 2 144115188075856444 144115188075856445 2133 2 1224979098644774916 0 3 0 2136 3 144115188075856446 10 21 2136 3 1224979098644774914 0 11 2105 2 144115188075856446 1224979098644774914 2136 3 1224979098644774914 0 11 2105 2 144115188075856446 1224979098644774914 3 0 2133 2 144115188075856447 144115188075856446 4 0 31 2 144115188075856441 0 2136 3 144115188075856443 720575940379279998 720575940379280001 2136 3 1224979098644774918 0 3 2136 3 1224979098644774919 0 2 2136 3 1224979098644774920 0 100 2121 3 1224979098644774921 100 1224979098644774920 2136 3 1224979098644774922 0 1224979098644774921 2121 3 1224979098644774923 1224979098644774921 1224979098644774922 4 0 31 2 1224979098644774918 0 2133 2 144115188075856783 1224979098644774920 4 0 31 2 1224979098644774919 0 2133 2 144115188075856784 1224979098644774922 2133 2 144115188075856785 1224979098644774923 5 0 2133 2 144115188075856785 1224979098644774922 2133 2 144115188075856784 1224979098644774923 3 0 5 0 31 2 1224979098644774918 1 2133 2 144115188075856784 1224979098644774920 4 0 31 2 1224979098644774919 0 2133 2 144115188075856783 1224979098644774922 2133 2 144115188075856785 1224979098644774923 5 0 2133 2 144115188075856785 1224979098644774922 2133 2 144115188075856783 1224979098644774923 3 0 5 0 2133 2 144115188075856785 1224979098644774920 4 0 31 2 1224979098644774919 0 2133 2 144115188075856783 1224979098644774922 2133 2 144115188075856784 1224979098644774923 5 0 2133 2 144115188075856784 1224979098644774922 2133 2 144115188075856783 1224979098644774923 3 0 3 0 2136 3 1224979098644774918 0 3 2136 3 1224979098644774919 0 2 2136 3 1224979098644774920 0 100 2121 3 1224979098644774921 100 1224979098644774920 2136 3 1224979098644774922 0 1224979098644774921 2121 3 1224979098644774923 1224979098644774921 1224979098644774922 4 0 31 2 1224979098644774918 0 2133 2 144115188075856786 1224979098644774920 4 0 31 2 1224979098644774919 0 2133 2 144115188075856787 1224979098644774922 2133 2 144115188075856788 1224979098644774923 5 0 2133 2 144115188075856788 1224979098644774922 2133 2 144115188075856787 1224979098644774923 3 0 5 0 31 2 1224979098644774918 1 2133 2 144115188075856787 1224979098644774920 4 0 31 2 1224979098644774919 0 2133 2 144115188075856786 1224979098644774922 2133 2 144115188075856788 1224979098644774923 5 0 2133 2 144115188075856788 1224979098644774922 2133 2 144115188075856786 1224979098644774923 3 0 5 0 2133 2 144115188075856788 1224979098644774920 4 0 31 2 1224979098644774919 0 2133 2 144115188075856786 1224979098644774922 2133 2 144115188075856787 1224979098644774923 5 0 2133 2 144115188075856787 1224979098644774922 2133 2 144115188075856786 1224979098644774923 3 0 3 0 5 0 31 2 144115188075856441 1 2136 3 144115188075856443 720575940379280001 720575940379280003 2136 3 144115188075856787 30 100 2121 3 144115188075856786 100 144115188075856787 2133 2 144115188075856788 0 2136 3 144115188075856783 20 100 2121 3 144115188075856784 100 144115188075856783 2133 2 144115188075856785 0 5 0 2136 3 144115188075856443 720575940379280001 720575940379280003 2136 3 144115188075856784 30 100 2121 3 144115188075856783 100 144115188075856784 2133 2 144115188075856785 0 2136 3 144115188075856786 20 100 2121 3 144115188075856787 100 144115188075856786 2133 2 144115188075856788 0 3 0 902 1 0 900 1 1513209474796486659 5 0 31 2 1224979098644774912 144115188075856807 2133 2 144115188075856446 1224979098644774913 4 0 250 0 32 2 144115188075856446 25 2133 2 144115188075856446 25 927 2 144115188075856807 25 3 0 1 2 936748722493063171 144115188075856446 920 2 144115188075856808 216172782113786917 5 0 31 2 1224979098644774912 144115188075856809 2133 2 144115188075856447 1224979098644774913 4 0 250 0 32 2 144115188075856447 25 2133 2 144115188075856447 25 927 2 144115188075856809 25 3 0 1 2 936748722493063171 144115188075856447 920 2 144115188075856810 216172782113786917 5 0 31 2 1224979098644774912 144115188075856781 4 0 2121 3 1224979098644774924 432345564227567637 432345564227567631 31 2 1224979098644774913 1224979098644774924 2133 2 144115188075856444 432345564227567618 5 0 2120 3 144115188075856444 1224979098644774913 432345564227567631 3 0 5 0 31 2 1224979098644774912 144115188075856782 4 0 2121 3 1224979098644774924 432345564227567637 432345564227567631 31 2 1224979098644774913 1224979098644774924 2133 2 144115188075856445 432345564227567618 5 0 2120 3 144115188075856445 1224979098644774913 432345564227567631 3 0 902 1 0 900 1 1513209474796486659 5 0 31 2 1224979098644774912 144115188075856777 2120 3 144115188075856442 1224979098644774913 360287970189640577 902 1 0 900 1 1513209474796486659 5 0 31 2 1224979098644774912 144115188075856795 4 0 31 2 144115188075856789 1 2147483679 2 1224979098644774913 144115188075856783 927 2 144115188075856795 144115188075856783 5 0 4 0 2147483678 2 1224979098644774913 144115188075856783 2121 3 1224979098644774925 144115188075856783 1224979098644774913 4 0 31 2 144115188075856790 1 2133 2 1224979098644774926 0 2133 2 1224979098644774927 1224979098644774925 5 0 31 2 144115188075856791 1 2133 2 1224979098644774926 1224979098644774925 2133 2 1224979098644774927 0 5 0 2123 3 1224979098644774926 1224979098644774925 2 2121 3 1224979098644774927 1224979098644774925 1224979098644774926 4 0 2147483679 2 1224979098644774926 1224979098644774927 2136 3 1224979098644774928 0 2 31 2 1224979098644774928 0 2106 2 1224979098644774927 1 2105 2 1224979098644774926 1 3 0 3 0 2133 2 144115188075856783 1224979098644774913 2105 2 144115188075856784 1224979098644774926 2105 2 144115188075856785 1224979098644774927 4 0 32 2 144115188075856784 100 2121 3 1224979098644774925 144115188075856784 100 2105 2 144115188075856785 1224979098644774925 2133 2 144115188075856784 100 5 0 32 2 144115188075856785 100 2121 3 1224979098644774925 144115188075856785 100 2105 2 144115188075856784 1224979098644774925 2133 2 144115188075856785 100 3 0 927 2 144115188075856799 144115188075856784 927 2 144115188075856803 144115188075856785 5 0 32 2 1224979098644774913 144115188075856783 2121 3 1224979098644774925 1224979098644774913 144115188075856783 4 0 31 2 144115188075856790 1 2133 2 1224979098644774926 0 2133 2 1224979098644774927 1224979098644774925 5 0 31 2 144115188075856791 1 2133 2 1224979098644774926 1224979098644774925 2133 2 1224979098644774927 0 5 0 2123 3 1224979098644774926 1224979098644774925 2 2121 3 1224979098644774927 1224979098644774925 1224979098644774926 4 0 2147483679 2 1224979098644774926 1224979098644774927 2136 3 1224979098644774928 0 2 31 2 1224979098644774928 0 2106 2 1224979098644774927 1 2105 2 1224979098644774926 1 3 0 3 0 2133 2 144115188075856783 1224979098644774913 2106 2 144115188075856784 1224979098644774926 2106 2 144115188075856785 1224979098644774927 4 0 2147483678 2 144115188075856784 0 2105 2 144115188075856785 144115188075856784 2133 2 144115188075856784 0 5 0 2147483678 2 144115188075856785 0 2105 2 144115188075856784 144115188075856785 2133 2 144115188075856785 0 3 0 927 2 144115188075856799 144115188075856784 927 2 144115188075856803 144115188075856785 3 0 2133 2 72057594037927936 144115188075856783 920 2 144115188075856796 216172782113786916 2133 2 72057594037927936 144115188075856784 920 2 144115188075856800 216172782113786916 2133 2 72057594037927936 144115188075856785 920 2 144115188075856804 216172782113786916 3 0 5 0 31 2 1224979098644774912 144115188075856799 4 0 31 2 144115188075856790 1 2147483679 2 1224979098644774913 144115188075856784 927 2 144115188075856799 144115188075856784 5 0 4 0 2147483678 2 1224979098644774913 144115188075856784 2121 3 1224979098644774925 144115188075856784 1224979098644774913 4 0 31 2 144115188075856789 1 2133 2 1224979098644774926 0 2133 2 1224979098644774927 1224979098644774925 5 0 31 2 144115188075856791 1 2133 2 1224979098644774926 1224979098644774925 2133 2 1224979098644774927 0 5 0 2123 3 1224979098644774926 1224979098644774925 2 2121 3 1224979098644774927 1224979098644774925 1224979098644774926 4 0 2147483679 2 1224979098644774926 1224979098644774927 2136 3 1224979098644774928 0 2 31 2 1224979098644774928 0 2106 2 1224979098644774927 1 2105 2 1224979098644774926 1 3 0 3 0 2133 2 144115188075856784 1224979098644774913 2105 2 144115188075856783 1224979098644774926 2105 2 144115188075856785 1224979098644774927 4 0 32 2 144115188075856783 100 2121 3 1224979098644774925 144115188075856783 100 2105 2 144115188075856785 1224979098644774925 2133 2 144115188075856783 100 5 0 32 2 144115188075856785 100 2121 3 1224979098644774925 144115188075856785 100 2105 2 144115188075856783 1224979098644774925 2133 2 144115188075856785 100 3 0 927 2 144115188075856795 144115188075856783 927 2 144115188075856803 144115188075856785 5 0 32 2 1224979098644774913 144115188075856784 2121 3 1224979098644774925 1224979098644774913 144115188075856784 4 0 31 2 144115188075856789 1 2133 2 1224979098644774926 0 2133 2 1224979098644774927 1224979098644774925 5 0 31 2 144115188075856791 1 2133 2 1224979098644774926 1224979098644774925 2133 2 1224979098644774927 0 5 0 2123 3 1224979098644774926 1224979098644774925 2 2121 3 1224979098644774927 1224979098644774925 1224979098644774926 4 0 2147483679 2 1224979098644774926 1224979098644774927 2136 3 1224979098644774928 0 2 31 2 1224979098644774928 0 2106 2 1224979098644774927 1 2105 2 1224979098644774926 1 3 0 3 0 2133 2 144115188075856784 1224979098644774913 2106 2 144115188075856783 1224979098644774926 2106 2 144115188075856785 1224979098644774927 4 0 2147483678 2 144115188075856783 0 2105 2 144115188075856785 144115188075856783 2133 2 144115188075856783 0 5 0 2147483678 2 144115188075856785 0 2105 2 144115188075856783 144115188075856785 2133 2 144115188075856785 0 3 0 927 2 144115188075856795 144115188075856783 927 2 144115188075856803 144115188075856785 3 0 2133 2 72057594037927936 144115188075856783 920 2 144115188075856796 216172782113786916 2133 2 72057594037927936 144115188075856784 920 2 144115188075856800 216172782113786916 2133 2 72057594037927936 144115188075856785 920 2 144115188075856804 216172782113786916 3 0 5 0 31 2 1224979098644774912 144115188075856803 4 0 31 2 144115188075856791 1 2147483679 2 1224979098644774913 144115188075856785 927 2 144115188075856803 144115188075856785 5 0 4 0 2147483678 2 1224979098644774913 144115188075856785 2121 3 1224979098644774925 144115188075856785 1224979098644774913 4 0 31 2 144115188075856790 1 2133 2 1224979098644774926 0 2133 2 1224979098644774927 1224979098644774925 5 0 31 2 144115188075856789 1 2133 2 1224979098644774926 1224979098644774925 2133 2 1224979098644774927 0 5 0 2123 3 1224979098644774926 1224979098644774925 2 2121 3 1224979098644774927 1224979098644774925 1224979098644774926 4 0 2147483679 2 1224979098644774926 1224979098644774927 2136 3 1224979098644774928 0 2 31 2 1224979098644774928 0 2106 2 1224979098644774927 1 2105 2 1224979098644774926 1 3 0 3 0 2133 2 144115188075856785 1224979098644774913 2105 2 144115188075856784 1224979098644774926 2105 2 144115188075856783 1224979098644774927 4 0 32 2 144115188075856784 100 2121 3 1224979098644774925 144115188075856784 100 2105 2 144115188075856783 1224979098644774925 2133 2 144115188075856784 100 5 0 32 2 144115188075856783 100 2121 3 1224979098644774925 144115188075856783 100 2105 2 144115188075856784 1224979098644774925 2133 2 144115188075856783 100 3 0 927 2 144115188075856799 144115188075856784 927 2 144115188075856795 144115188075856783 5 0 32 2 1224979098644774913 144115188075856785 2121 3 1224979098644774925 1224979098644774913 144115188075856785 4 0 31 2 144115188075856790 1 2133 2 1224979098644774926 0 2133 2 1224979098644774927 1224979098644774925 5 0 31 2 144115188075856789 1 2133 2 1224979098644774926 1224979098644774925 2133 2 1224979098644774927 0 5 0 2123 3 1224979098644774926 1224979098644774925 2 2121 3 1224979098644774927 1224979098644774925 1224979098644774926 4 0 2147483679 2 1224979098644774926 1224979098644774927 2136 3 1224979098644774928 0 2 31 2 1224979098644774928 0 2106 2 1224979098644774927 1 2105 2 1224979098644774926 1 3 0 3 0 2133 2 144115188075856785 1224979098644774913 2106 2 144115188075856784 1224979098644774926 2106 2 144115188075856783 1224979098644774927 4 0 2147483678 2 144115188075856784 0 2105 2 144115188075856783 144115188075856784 2133 2 144115188075856784 0 5 0 2147483678 2 144115188075856783 0 2105 2 144115188075856784 144115188075856783 2133 2 144115188075856783 0 3 0 927 2 144115188075856799 144115188075856784 927 2 144115188075856795 144115188075856783 3 0 2133 2 72057594037927936 144115188075856783 920 2 144115188075856796 216172782113786916 2133 2 72057594037927936 144115188075856784 920 2 144115188075856800 216172782113786916 2133 2 72057594037927936 144115188075856785 920 2 144115188075856804 216172782113786916 3 0 5 0 31 2 1224979098644774912 144115188075856797 4 0 31 2 144115188075856792 1 2147483679 2 1224979098644774913 144115188075856786 927 2 144115188075856797 144115188075856786 5 0 4 0 2147483678 2 1224979098644774913 144115188075856786 2121 3 1224979098644774925 144115188075856786 1224979098644774913 4 0 31 2 144115188075856793 1 2133 2 1224979098644774926 0 2133 2 1224979098644774927 1224979098644774925 5 0 31 2 144115188075856794 1 2133 2 1224979098644774926 1224979098644774925 2133 2 1224979098644774927 0 5 0 2123 3 1224979098644774926 1224979098644774925 2 2121 3 1224979098644774927 1224979098644774925 1224979098644774926 4 0 2147483679 2 1224979098644774926 1224979098644774927 2136 3 1224979098644774928 0 2 31 2 1224979098644774928 0 2106 2 1224979098644774927 1 2105 2 1224979098644774926 1 3 0 3 0 2133 2 144115188075856786 1224979098644774913 2105 2 144115188075856787 1224979098644774926 2105 2 144115188075856788 1224979098644774927 4 0 32 2 144115188075856787 100 2121 3 1224979098644774925 144115188075856787 100 2105 2 144115188075856788 1224979098644774925 2133 2 144115188075856787 100 5 0 32 2 144115188075856788 100 2121 3 1224979098644774925 144115188075856788 100 2105 2 144115188075856787 1224979098644774925 2133 2 144115188075856788 100 3 0 927 2 144115188075856801 144115188075856787 927 2 144115188075856805 144115188075856788 5 0 32 2 1224979098644774913 144115188075856786 2121 3 1224979098644774925 1224979098644774913 144115188075856786 4 0 31 2 144115188075856793 1 2133 2 1224979098644774926 0 2133 2 1224979098644774927 1224979098644774925 5 0 31 2 144115188075856794 1 2133 2 1224979098644774926 1224979098644774925 2133 2 1224979098644774927 0 5 0 2123 3 1224979098644774926 1224979098644774925 2 2121 3 1224979098644774927 1224979098644774925 1224979098644774926 4 0 2147483679 2 1224979098644774926 1224979098644774927 2136 3 1224979098644774928 0 2 31 2 1224979098644774928 0 2106 2 1224979098644774927 1 2105 2 1224979098644774926 1 3 0 3 0 2133 2 144115188075856786 1224979098644774913 2106 2 144115188075856787 1224979098644774926 2106 2 144115188075856788 1224979098644774927 4 0 2147483678 2 144115188075856787 0 2105 2 144115188075856788 144115188075856787 2133 2 144115188075856787 0 5 0 2147483678 2 144115188075856788 0 2105 2 144115188075856787 144115188075856788 2133 2 144115188075856788 0 3 0 927 2 144115188075856801 144115188075856787 927 2 144115188075856805 144115188075856788 3 0 2133 2 72057594037927936 144115188075856786 920 2 144115188075856798 216172782113786916 2133 2 72057594037927936 144115188075856787 920 2 144115188075856802 216172782113786916 2133 2 72057594037927936 144115188075856788 920 2 144115188075856806 216172782113786916 3 0 5 0 31 2 1224979098644774912 144115188075856801 4 0 31 2 144115188075856793 1 2147483679 2 1224979098644774913 144115188075856787 927 2 144115188075856801 144115188075856787 5 0 4 0 2147483678 2 1224979098644774913 144115188075856787 2121 3 1224979098644774925 144115188075856787 1224979098644774913 4 0 31 2 144115188075856792 1 2133 2 1224979098644774926 0 2133 2 1224979098644774927 1224979098644774925 5 0 31 2 144115188075856794 1 2133 2 1224979098644774926 1224979098644774925 2133 2 1224979098644774927 0 5 0 2123 3 1224979098644774926 1224979098644774925 2 2121 3 1224979098644774927 1224979098644774925 1224979098644774926 4 0 2147483679 2 1224979098644774926 1224979098644774927 2136 3 1224979098644774928 0 2 31 2 1224979098644774928 0 2106 2 1224979098644774927 1 2105 2 1224979098644774926 1 3 0 3 0 2133 2 144115188075856787 1224979098644774913 2105 2 144115188075856786 1224979098644774926 2105 2 144115188075856788 1224979098644774927 4 0 32 2 144115188075856786 100 2121 3 1224979098644774925 144115188075856786 100 2105 2 144115188075856788 1224979098644774925 2133 2 144115188075856786 100 5 0 32 2 144115188075856788 100 2121 3 1224979098644774925 144115188075856788 100 2105 2 144115188075856786 1224979098644774925 2133 2 144115188075856788 100 3 0 927 2 144115188075856797 144115188075856786 927 2 144115188075856805 144115188075856788 5 0 32 2 1224979098644774913 144115188075856787 2121 3 1224979098644774925 1224979098644774913 144115188075856787 4 0 31 2 144115188075856792 1 2133 2 1224979098644774926 0 2133 2 1224979098644774927 1224979098644774925 5 0 31 2 144115188075856794 1 2133 2 1224979098644774926 1224979098644774925 2133 2 1224979098644774927 0 5 0 2123 3 1224979098644774926 1224979098644774925 2 2121 3 1224979098644774927 1224979098644774925 1224979098644774926 4 0 2147483679 2 1224979098644774926 1224979098644774927 2136 3 1224979098644774928 0 2 31 2 1224979098644774928 0 2106 2 1224979098644774927 1 2105 2 1224979098644774926 1 3 0 3 0 2133 2 144115188075856787 1224979098644774913 2106 2 144115188075856786 1224979098644774926 2106 2 144115188075856788 1224979098644774927 4 0 2147483678 2 144115188075856786 0 2105 2 144115188075856788 144115188075856786 2133 2 144115188075856786 0 5 0 2147483678 2 144115188075856788 0 2105 2 144115188075856786 144115188075856788 2133 2 144115188075856788 0 3 0 927 2 144115188075856797 144115188075856786 927 2 144115188075856805 144115188075856788 3 0 2133 2 72057594037927936 144115188075856786 920 2 144115188075856798 216172782113786916 2133 2 72057594037927936 144115188075856787 920 2 144115188075856802 216172782113786916 2133 2 72057594037927936 144115188075856788 920 2 144115188075856806 216172782113786916 3 0 5 0 31 2 1224979098644774912 144115188075856805 4 0 31 2 144115188075856794 1 2147483679 2 1224979098644774913 144115188075856788 927 2 144115188075856805 144115188075856788 5 0 4 0 2147483678 2 1224979098644774913 144115188075856788 2121 3 1224979098644774925 144115188075856788 1224979098644774913 4 0 31 2 144115188075856793 1 2133 2 1224979098644774926 0 2133 2 1224979098644774927 1224979098644774925 5 0 31 2 144115188075856792 1 2133 2 1224979098644774926 1224979098644774925 2133 2 1224979098644774927 0 5 0 2123 3 1224979098644774926 1224979098644774925 2 2121 3 1224979098644774927 1224979098644774925 1224979098644774926 4 0 2147483679 2 1224979098644774926 1224979098644774927 2136 3 1224979098644774928 0 2 31 2 1224979098644774928 0 2106 2 1224979098644774927 1 2105 2 1224979098644774926 1 3 0 3 0 2133 2 144115188075856788 1224979098644774913 2105 2 144115188075856787 1224979098644774926 2105 2 144115188075856786 1224979098644774927 4 0 32 2 144115188075856787 100 2121 3 1224979098644774925 144115188075856787 100 2105 2 144115188075856786 1224979098644774925 2133 2 144115188075856787 100 5 0 32 2 144115188075856786 100 2121 3 1224979098644774925 144115188075856786 100 2105 2 144115188075856787 1224979098644774925 2133 2 144115188075856786 100 3 0 927 2 144115188075856801 144115188075856787 927 2 144115188075856797 144115188075856786 5 0 32 2 1224979098644774913 144115188075856788 2121 3 1224979098644774925 1224979098644774913 144115188075856788 4 0 31 2 144115188075856793 1 2133 2 1224979098644774926 0 2133 2 1224979098644774927 1224979098644774925 5 0 31 2 144115188075856792 1 2133 2 1224979098644774926 1224979098644774925 2133 2 1224979098644774927 0 5 0 2123 3 1224979098644774926 1224979098644774925 2 2121 3 1224979098644774927 1224979098644774925 1224979098644774926 4 0 2147483679 2 1224979098644774926 1224979098644774927 2136 3 1224979098644774928 0 2 31 2 1224979098644774928 0 2106 2 1224979098644774927 1 2105 2 1224979098644774926 1 3 0 3 0 2133 2 144115188075856788 1224979098644774913 2106 2 144115188075856787 1224979098644774926 2106 2 144115188075856786 1224979098644774927 4 0 2147483678 2 144115188075856787 0 2105 2 144115188075856786 144115188075856787 2133 2 144115188075856787 0 5 0 2147483678 2 144115188075856786 0 2105 2 144115188075856787 144115188075856786 2133 2 144115188075856786 0 3 0 927 2 144115188075856801 144115188075856787 927 2 144115188075856797 144115188075856786 3 0 2133 2 72057594037927936 144115188075856786 920 2 144115188075856798 216172782113786916 2133 2 72057594037927936 144115188075856787 920 2 144115188075856802 216172782113786916 2133 2 72057594037927936 144115188075856788 920 2 144115188075856806 216172782113786916 3 0 5 0 31 2 1224979098644774912 144115188075856811 2133 2 144115188075856440 1 2133 2 1224979098644774929 144115188075856443 4 0 31 2 144115188075856441 0 2133 2 1224979098644774930 792633534417207331 1261 1 1224979098644774929 1 8 936748722493063172 0 144115188075856444 144115188075856783 144115188075856784 144115188075856785 0 1 1 8 936748722493063172 16 144115188075856445 144115188075856786 144115188075856787 144115188075856788 0 0 5 0 31 2 144115188075856441 1 2133 2 1224979098644774930 792633534417207332 1261 1 1224979098644774929 1 8 936748722493063172 16 144115188075856444 144115188075856783 144115188075856784 144115188075856785 0 1 1 8 936748722493063172 0 144115188075856445 144115188075856786 144115188075856787 144115188075856788 1 0 5 0 2133 2 1224979098644774930 792633534417207332 1261 1 1224979098644774929 1 8 936748722493063172 0 144115188075856444 144115188075856783 144115188075856784 144115188075856785 1 1 1 8 936748722493063172 16 144115188075856445 144115188075856786 144115188075856787 144115188075856788 0 0 3 0 1911 1 1224979098644774930 2060 1 864691128455135238 1910 1 1224979098644774929 2048 0 902 1 0 5 0 31 2 1224979098644774912 144115188075856812 902 1 0 3 0 
-63.000000  17 2071 1 1224979098644774912 2072 1 1224979098644774913 1073741855 2 1224979098644774912 144115188075856795 1073741855 2 1224979098644774912 144115188075856799 1073741855 2 1224979098644774912 144115188075856803 1073741855 2 1224979098644774912 144115188075856797 1073741855 2 1224979098644774912 144115188075856801 31 2 1224979098644774912 144115188075856805 4 0 31 2 1224979098644774913 1 4 0 31 2 1224979098644774912 144115188075856813 2133 2 144115188075856813 -1 3 0 5 0 2133 2 144115188075856813 1224979098644774912 3 0 
-61.000000  69 4 0 1073741895 1 1 71 1 248 902 1 0 5 0 71 1 225 2147483679 2 144115188075856813 -1 4 0 31 2 144115188075856813 144115188075856795 4 0 31 2 144115188075856789 0 2133 2 144115188075856789 1 2133 2 144115188075856790 0 2133 2 144115188075856791 0 5 0 2133 2 144115188075856789 0 3 0 5 0 31 2 144115188075856813 144115188075856799 4 0 31 2 144115188075856790 0 2133 2 144115188075856789 0 2133 2 144115188075856790 1 2133 2 144115188075856791 0 5 0 2133 2 144115188075856790 0 3 0 5 0 31 2 144115188075856813 144115188075856803 4 0 31 2 144115188075856791 0 2133 2 144115188075856789 0 2133 2 144115188075856790 0 2133 2 144115188075856791 1 5 0 2133 2 144115188075856791 0 3 0 5 0 31 2 144115188075856813 144115188075856797 4 0 31 2 144115188075856792 0 2133 2 144115188075856792 1 2133 2 144115188075856793 0 2133 2 144115188075856794 0 5 0 2133 2 144115188075856792 0 3 0 5 0 31 2 144115188075856813 144115188075856801 4 0 31 2 144115188075856793 0 2133 2 144115188075856792 0 2133 2 144115188075856793 1 2133 2 144115188075856794 0 5 0 2133 2 144115188075856793 0 3 0 5 0 31 2 144115188075856813 144115188075856805 4 0 31 2 144115188075856794 0 2133 2 144115188075856792 0 2133 2 144115188075856793 0 2133 2 144115188075856794 1 5 0 2133 2 144115188075856794 0 3 0 3 0 3 0 


prsnt_game_multiplayer_admin_panel 2 0 3
-60.000000  841 2124 1 1000 2133 2 144115188075856814 -1 2133 2 144115188075856815 -1 2133 2 144115188075856816 -1 2133 2 144115188075856817 -1 2133 2 144115188075856818 -1 2133 2 144115188075856819 -1 2133 2 144115188075856820 -1 2133 2 144115188075856821 -1 2133 2 144115188075856822 -1 2133 2 144115188075856823 -1 2133 2 144115188075856824 -1 2133 2 144115188075856491 -1 2133 2 144115188075856825 -1 2133 2 144115188075856826 -1 2133 2 144115188075856827 -1 2133 2 144115188075856828 -1 2133 2 144115188075856829 -1 2133 2 144115188075856830 -1 2133 2 144115188075856831 -1 2133 2 144115188075856832 -1 2133 2 144115188075856833 -1 2133 2 144115188075856834 -1 2133 2 144115188075856835 -1 2133 2 144115188075856836 -1 2133 2 144115188075856837 -1 2133 2 144115188075856838 -1 2133 2 144115188075856839 -1 2133 2 144115188075856840 -1 2133 2 144115188075856841 -1 2133 2 144115188075856842 -1 2133 2 144115188075856843 -1 2133 2 144115188075856844 -1 2133 2 144115188075856845 -1 2133 2 144115188075856846 -1 2133 2 144115188075856847 -1 2133 2 144115188075856848 -1 2133 2 144115188075856849 -1 2133 2 144115188075856850 -1 2133 2 144115188075856851 -1 2133 2 144115188075856852 -1 2133 2 144115188075856853 -1 2133 2 144115188075856854 -1 2133 2 144115188075856855 -1 4 0 31 2 144115188075856332 720575940379279851 2133 2 1224979098644774912 1441151880758558797 5 0 31 2 144115188075856332 720575940379279852 2133 2 1224979098644774912 1441151880758558798 5 0 31 2 144115188075856332 720575940379279853 2133 2 1224979098644774912 1441151880758558799 5 0 31 2 144115188075856332 720575940379279854 2133 2 1224979098644774912 1441151880758558800 5 0 31 2 144115188075856332 720575940379279855 2133 2 1224979098644774912 1441151880758558801 5 0 31 2 144115188075856332 720575940379279856 2133 2 1224979098644774912 1441151880758558802 5 0 31 2 144115188075856332 720575940379279857 2133 2 1224979098644774912 1441151880758558803 5 0 31 2 144115188075856332 720575940379279858 2133 2 1224979098644774912 1441151880758558804 5 0 31 2 144115188075856332 720575940379279859 2133 2 1224979098644774912 1441151880758558805 5 0 31 2 144115188075856332 720575940379279860 2133 2 1224979098644774912 1441151880758558806 5 0 31 2 144115188075856332 720575940379279861 2133 2 1224979098644774912 1441151880758558807 5 0 31 2 144115188075856332 720575940379279862 2133 2 1224979098644774912 1441151880758558808 5 0 31 2 144115188075856332 720575940379279863 2133 2 1224979098644774912 1441151880758558809 5 0 31 2 144115188075856332 720575940379279864 2133 2 1224979098644774912 1441151880758559253 5 0 31 2 144115188075856332 720575940379279865 2133 2 1224979098644774912 1441151880758559254 5 0 31 2 144115188075856332 720575940379279866 2133 2 1224979098644774912 1441151880758559260 5 0 31 2 144115188075856332 720575940379279867 2133 2 1224979098644774912 1441151880758559261 5 0 31 2 144115188075856332 720575940379279868 2133 2 1224979098644774912 1441151880758559262 5 0 31 2 144115188075856332 720575940379279869 2133 2 1224979098644774912 1441151880758559263 5 0 31 2 144115188075856332 720575940379279870 2133 2 1224979098644774912 1441151880758559264 5 0 31 2 144115188075856332 720575940379279871 2133 2 1224979098644774912 1441151880758559265 5 0 1073741855 2 144115188075856332 720575940379279872 31 2 144115188075856332 720575940379279873 2133 2 1224979098644774912 1441151880758558810 5 0 1073741855 2 144115188075856332 720575940379279874 31 2 144115188075856332 720575940379279875 2133 2 1224979098644774912 1441151880758558811 5 0 2133 2 1224979098644774912 1441151880758558810 3 0 911 2 72057594037927936 1224979098644774912 729 2 1 -1 730 2 1 550 926 2 72057594037927936 1 729 2 1 1002 730 2 1 1002 925 2 72057594037927936 1 911 2 72057594037927936 1441151880758558796 729 2 1 -1 730 2 1 -1 926 2 72057594037927936 1 729 2 1 1002 730 2 1 1002 925 2 72057594037927936 1 2133 2 1224979098644774913 1240 2133 2 1224979098644774914 40 4 0 1073741855 2 144115188075856325 1 1073741855 2 144115188075856325 2 1073741855 2 144115188075856325 3 1073741855 2 144115188075856325 4 1073741855 2 144115188075856325 5 31 2 144115188075856325 6 2105 2 1224979098644774913 1224979098644774914 2105 2 1224979098644774913 1224979098644774914 1073741855 2 144115188075856325 4 1073741855 2 144115188075856325 2 1073741855 2 144115188075856325 3 31 2 144115188075856325 6 2105 2 1224979098644774913 1224979098644774914 1073741855 2 144115188075856325 2 1073741855 2 144115188075856325 3 31 2 144115188075856325 6 2105 2 1224979098644774913 1224979098644774914 1073741855 2 144115188075856325 2 1073741855 2 144115188075856325 3 31 2 144115188075856325 6 2105 2 1224979098644774913 1224979098644774914 3 0 4 0 31 2 144115188075856465 1 2106 2 1224979098644774913 1224979098644774914 3 0 4 0 31 2 144115188075856325 8 2106 2 1224979098644774913 1224979098644774914 2106 2 1224979098644774913 1224979098644774914 2106 2 1224979098644774913 1224979098644774914 3 0 2319 1 0 910 3 144115188075856856 0 8192 729 2 1 59 730 2 1 50 926 2 144115188075856856 1 729 2 1 640 730 2 1 520 929 2 144115188075856856 1 945 1 144115188075856856 910 3 72057594037927936 216172782113785641 0 729 2 1 30 730 2 1 1224979098644774913 926 2 72057594037927936 1 918 3 144115188075856826 1441151880758558774 1441151880758558775 729 2 1 7 2120 3 1224979098644774915 1224979098644774913 7 730 2 1 1224979098644774915 926 2 144115188075856826 1 485 1 1224979098644774916 927 2 144115188075856826 1224979098644774916 2106 2 1224979098644774913 1224979098644774914 910 3 72057594037927936 216172782113785627 0 729 2 1 30 730 2 1 1224979098644774913 926 2 72057594037927936 1 918 3 144115188075856853 1441151880758558774 1441151880758558775 729 2 1 7 2120 3 1224979098644774915 1224979098644774913 7 730 2 1 1224979098644774915 926 2 144115188075856853 1 927 2 144115188075856853 0 477 1 0 2106 2 1224979098644774913 1224979098644774914 910 3 72057594037927936 216172782113785620 0 729 2 1 0 730 2 1 1224979098644774913 926 2 72057594037927936 1 2352 1 0 4 0 31 2 144115188075856448 1 919 1 144115188075856832 729 2 1 390 730 2 1 1224979098644774913 926 2 144115188075856832 1 920 2 144115188075856832 0 5 0 2133 2 144115188075856832 -1 910 3 72057594037927936 0 0 729 2 1 385 730 2 1 1224979098644774913 926 2 72057594037927936 1 3 0 2106 2 1224979098644774913 1224979098644774914 910 3 72057594037927936 216172782113785621 0 729 2 1 0 730 2 1 1224979098644774913 926 2 72057594037927936 1 919 1 144115188075856822 729 2 1 390 730 2 1 1224979098644774913 926 2 144115188075856822 1 2351 1 0 920 2 144115188075856822 0 2106 2 1224979098644774913 1224979098644774914 910 3 72057594037927936 216172782113785665 0 729 2 1 0 730 2 1 1224979098644774913 926 2 72057594037927936 1 919 1 144115188075856844 729 2 1 390 730 2 1 1224979098644774913 926 2 144115188075856844 1 2353 1 0 920 2 144115188075856844 0 2106 2 1224979098644774913 1224979098644774914 910 3 72057594037927936 216172782113785622 0 729 2 1 0 730 2 1 1224979098644774913 926 2 72057594037927936 1 1 2 936748722493063288 144115188075856325 2133 2 1224979098644774917 72057594037927936 2133 2 1224979098644774918 0 4 0 32 2 1224979098644774917 12 948 1 144115188075856814 5 0 916 1 144115188075856814 3 0 729 2 1 800 730 2 1 800 925 2 144115188075856814 1 4 0 32 2 1224979098644774917 14 729 2 1 465 5 0 729 2 1 490 3 0 730 2 1 1224979098644774913 926 2 144115188075856814 1 520 3 1224979098644774919 360287970189640518 0 2133 2 1224979098644774920 0 6 3 1224979098644774921 0 1224979098644774917 2120 3 1224979098644774922 1224979098644774921 0 520 3 1224979098644774923 360287970189640518 1224979098644774922 2121 3 1224979098644774924 1224979098644774923 720575940379279851 2105 2 1224979098644774924 216172782113785456 2320 2 0 1224979098644774924 931 2 144115188075856814 0 4 0 31 2 1224979098644774923 144115188075856332 2133 2 1224979098644774918 1224979098644774921 2133 2 1224979098644774920 1 3 0 3 0 927 2 144115188075856814 1224979098644774918 2106 2 1224979098644774913 1224979098644774914 910 3 72057594037927936 216172782113785623 0 729 2 1 0 730 2 1 1224979098644774913 926 2 72057594037927936 1 4 0 31 2 144115188075856449 1 916 1 144115188075856823 729 2 1 800 730 2 1 800 925 2 144115188075856823 1 729 2 1 490 730 2 1 1224979098644774913 926 2 144115188075856823 1 6 3 1224979098644774925 0 9 2120 3 1224979098644774924 1224979098644774925 216172782113785596 2320 2 0 1224979098644774924 931 2 144115188075856823 0 3 0 927 2 144115188075856823 144115188075856325 5 0 2133 2 144115188075856823 -1 2120 3 1224979098644774924 144115188075856325 216172782113785596 2320 2 0 1224979098644774924 910 3 72057594037927936 0 0 729 2 1 385 730 2 1 1224979098644774913 926 2 72057594037927936 1 3 0 2106 2 1224979098644774913 1224979098644774914 4 0 31 2 144115188075856325 8 910 3 72057594037927936 216172782113787271 0 729 2 1 0 730 2 1 1224979098644774913 926 2 72057594037927936 1 916 1 144115188075856855 729 2 1 800 730 2 1 800 925 2 144115188075856855 1 729 2 1 490 730 2 1 1224979098644774913 926 2 144115188075856855 1 931 2 144115188075856855 216172782113787272 931 2 144115188075856855 216172782113787273 931 2 144115188075856855 216172782113787274 927 2 144115188075856855 144115188075856411 2106 2 1224979098644774913 1224979098644774914 3 0 2133 2 72057594037927937 1 910 3 72057594037927936 216172782113785626 0 729 2 1 0 730 2 1 1224979098644774913 926 2 72057594037927936 1 916 1 144115188075856824 729 2 1 800 730 2 1 800 925 2 144115188075856824 1 729 2 1 490 730 2 1 1224979098644774913 926 2 144115188075856824 1 1 4 936748722493063268 144115188075856824 144115188075856452 144115188075856453 2106 2 1224979098644774913 1224979098644774914 4 0 2133 2 72057594037927937 2 910 3 72057594037927936 216172782113785626 0 729 2 1 0 730 2 1 1224979098644774913 926 2 72057594037927936 1 916 1 144115188075856491 729 2 1 800 730 2 1 800 925 2 144115188075856491 1 729 2 1 490 730 2 1 1224979098644774913 926 2 144115188075856491 1 1 4 936748722493063268 144115188075856491 144115188075856453 144115188075856452 2106 2 1224979098644774913 1224979098644774914 3 0 2133 2 72057594037927937 1 910 3 72057594037927936 216172782113785624 0 729 2 1 0 730 2 1 1224979098644774913 926 2 72057594037927936 1 4 0 31 2 144115188075856325 8 2120 3 1224979098644774926 12 1 942 3 144115188075856833 2 1224979098644774926 4 0 490 1 1224979098644774927 32 2 1224979098644774927 12 389 2 3 12 3 0 5 0 942 3 144115188075856833 2 201 3 0 729 2 1 390 730 2 1 1224979098644774913 926 2 144115188075856833 1 490 1 1224979098644774928 927 2 144115188075856833 1224979098644774928 4 0 2147483679 2 144115188075856325 8 2106 2 1224979098644774913 1224979098644774914 2133 2 72057594037927937 1 910 3 72057594037927936 216172782113785625 0 729 2 1 0 730 2 1 1224979098644774913 926 2 72057594037927936 1 942 3 144115188075856816 0 144115188075856455 729 2 1 390 730 2 1 1224979098644774913 926 2 144115188075856816 1 927 2 144115188075856816 144115188075856354 2106 2 1224979098644774913 1224979098644774914 2133 2 72057594037927937 2 910 3 72057594037927936 216172782113785625 0 729 2 1 0 730 2 1 1224979098644774913 926 2 72057594037927936 1 942 3 144115188075856817 0 144115188075856455 729 2 1 390 730 2 1 1224979098644774913 926 2 144115188075856817 1 927 2 144115188075856817 144115188075856356 3 0 4 0 2147483679 2 144115188075856325 0 2147483679 2 144115188075856325 7 2106 2 1224979098644774913 1224979098644774914 910 3 72057594037927936 216172782113785628 0 729 2 1 30 730 2 1 1224979098644774913 926 2 72057594037927936 1 918 3 144115188075856818 1441151880758558774 1441151880758558775 729 2 1 7 2120 3 1224979098644774915 1224979098644774913 7 730 2 1 1224979098644774915 926 2 144115188075856818 1 480 1 1224979098644774929 927 2 144115188075856818 1224979098644774929 2106 2 1224979098644774913 1224979098644774914 910 3 72057594037927936 216172782113785629 0 729 2 1 30 730 2 1 1224979098644774913 926 2 72057594037927936 1 918 3 144115188075856848 1441151880758558774 1441151880758558775 729 2 1 7 2120 3 1224979098644774915 1224979098644774913 7 730 2 1 1224979098644774915 926 2 144115188075856848 1 493 1 1224979098644774930 927 2 144115188075856848 1224979098644774930 3 0 2106 2 1224979098644774913 1224979098644774914 910 3 72057594037927936 216172782113785630 0 729 2 1 0 730 2 1 1224979098644774913 926 2 72057594037927936 1 942 3 144115188075856849 0 101 729 2 1 390 730 2 1 1224979098644774913 926 2 144115188075856849 1 495 1 1224979098644774931 927 2 144115188075856849 1224979098644774931 2106 2 1224979098644774913 1224979098644774914 910 3 72057594037927936 216172782113785631 0 729 2 1 0 730 2 1 1224979098644774913 926 2 72057594037927936 1 942 3 144115188075856850 0 101 729 2 1 390 730 2 1 1224979098644774913 926 2 144115188075856850 1 497 1 1224979098644774932 927 2 144115188075856850 1224979098644774932 2106 2 1224979098644774913 1224979098644774914 910 3 72057594037927936 216172782113785632 0 729 2 1 0 730 2 1 1224979098644774913 926 2 72057594037927936 1 916 1 144115188075856831 729 2 1 800 730 2 1 800 925 2 144115188075856831 1 729 2 1 490 730 2 1 1224979098644774913 926 2 144115188075856831 1 931 2 144115188075856831 216172782113785654 931 2 144115188075856831 216172782113785655 931 2 144115188075856831 216172782113785656 931 2 144115188075856831 216172782113785657 487 1 1224979098644774933 927 2 144115188075856831 1224979098644774933 2106 2 1224979098644774913 1224979098644774914 910 3 72057594037927936 216172782113785633 0 729 2 1 0 730 2 1 1224979098644774913 926 2 72057594037927936 1 916 1 144115188075856827 729 2 1 800 730 2 1 800 925 2 144115188075856827 1 729 2 1 490 730 2 1 1224979098644774913 926 2 144115188075856827 1 931 2 144115188075856827 216172782113785652 931 2 144115188075856827 216172782113785653 482 1 1224979098644774934 927 2 144115188075856827 1224979098644774934 2106 2 1224979098644774913 1224979098644774914 910 3 72057594037927936 216172782113785642 0 729 2 1 0 730 2 1 1224979098644774913 926 2 72057594037927936 1 916 1 144115188075856838 729 2 1 800 730 2 1 800 925 2 144115188075856838 1 729 2 1 490 730 2 1 1224979098644774913 926 2 144115188075856838 1 931 2 144115188075856838 216172782113785643 931 2 144115188075856838 216172782113785644 931 2 144115188075856838 216172782113785645 931 2 144115188075856838 216172782113785646 931 2 144115188075856838 216172782113785647 478 1 1224979098644774935 927 2 144115188075856838 1224979098644774935 4 0 2147483679 2 144115188075856325 5 2147483679 2 144115188075856325 8 2106 2 1224979098644774913 1224979098644774914 910 3 72057594037927936 216172782113785634 0 729 2 1 0 730 2 1 1224979098644774913 926 2 72057594037927936 1 942 3 144115188075856820 5 121 729 2 1 390 730 2 1 1224979098644774913 926 2 144115188075856820 1 927 2 144115188075856820 144115188075856330 5 0 2133 2 144115188075856820 -1 3 0 4 0 1073741855 2 144115188075856325 2 1073741855 2 144115188075856325 3 31 2 144115188075856325 6 2106 2 1224979098644774913 1224979098644774914 910 3 72057594037927936 216172782113785635 0 729 2 1 0 730 2 1 1224979098644774913 926 2 72057594037927936 1 942 3 144115188075856828 60 901 729 2 1 390 730 2 1 1224979098644774913 926 2 144115188075856828 1 927 2 144115188075856828 144115188075856383 5 0 2133 2 144115188075856828 -1 3 0 4 0 1073741855 2 144115188075856325 2 31 2 144115188075856325 3 2106 2 1224979098644774913 1224979098644774914 910 3 72057594037927936 216172782113785636 0 729 2 1 30 730 2 1 1224979098644774913 926 2 72057594037927936 1 918 3 144115188075856837 1441151880758558774 1441151880758558775 729 2 1 7 2120 3 1224979098644774915 1224979098644774913 7 730 2 1 1224979098644774915 926 2 144115188075856837 1 927 2 144115188075856837 144115188075856408 5 0 2133 2 144115188075856837 -1 3 0 4 0 31 2 144115188075856325 6 2106 2 1224979098644774913 1224979098644774914 910 3 72057594037927936 216172782113785650 0 729 2 1 0 730 2 1 1224979098644774913 926 2 72057594037927936 1 916 1 144115188075856839 729 2 1 800 730 2 1 800 925 2 144115188075856839 1 729 2 1 490 730 2 1 1224979098644774913 926 2 144115188075856839 1 2133 2 72057594037927936 5 931 2 144115188075856839 216172782113785671 2133 2 72057594037927936 4 931 2 144115188075856839 216172782113785671 2133 2 72057594037927936 3 931 2 144115188075856839 216172782113785671 2133 2 72057594037927936 2 931 2 144115188075856839 216172782113785671 2133 2 72057594037927936 1 931 2 144115188075856839 216172782113785671 931 2 144115188075856839 216172782113785651 2121 3 1224979098644774936 5 144115188075856378 927 2 144115188075856839 1224979098644774936 5 0 2133 2 144115188075856839 -1 3 0 4 0 2147483679 2 144115188075856325 8 2106 2 1224979098644774913 1224979098644774914 910 3 72057594037927936 216172782113785637 0 729 2 1 0 730 2 1 1224979098644774913 926 2 72057594037927936 1 942 3 144115188075856821 3 1001 729 2 1 390 730 2 1 1224979098644774913 926 2 144115188075856821 1 927 2 144115188075856821 144115188075856363 3 0 4 0 31 2 144115188075856325 5 2106 2 1224979098644774913 1224979098644774914 910 3 72057594037927936 216172782113785638 0 729 2 1 0 730 2 1 1224979098644774913 926 2 72057594037927936 1 942 3 144115188075856829 25 401 729 2 1 390 730 2 1 1224979098644774913 926 2 144115188075856829 1 927 2 144115188075856829 144115188075856373 5 0 2133 2 144115188075856829 -1 3 0 4 0 31 2 144115188075856325 4 2106 2 1224979098644774913 1224979098644774914 910 3 72057594037927936 216172782113785639 0 729 2 1 0 730 2 1 1224979098644774913 926 2 72057594037927936 1 942 3 144115188075856830 0 11 729 2 1 390 730 2 1 1224979098644774913 926 2 144115188075856830 1 927 2 144115188075856830 144115188075856376 5 0 2133 2 144115188075856830 -1 3 0 4 0 2147483679 2 144115188075856325 8 2106 2 1224979098644774913 1224979098644774914 910 3 72057594037927936 216172782113785640 0 729 2 1 0 730 2 1 1224979098644774913 926 2 72057594037927936 1 942 3 144115188075856819 3 31 729 2 1 390 730 2 1 1224979098644774913 926 2 144115188075856819 1 927 2 144115188075856819 144115188075856343 3 0 2106 2 1224979098644774913 1224979098644774914 910 3 72057594037927936 216172782113785666 0 729 2 1 0 730 2 1 1224979098644774913 926 2 72057594037927936 1 942 3 144115188075856845 0 1001 729 2 1 390 730 2 1 1224979098644774913 926 2 144115188075856845 1 927 2 144115188075856845 144115188075856387 2106 2 1224979098644774913 1224979098644774914 910 3 72057594037927936 216172782113785667 0 729 2 1 0 730 2 1 1224979098644774913 926 2 72057594037927936 1 942 3 144115188075856846 0 1001 729 2 1 390 730 2 1 1224979098644774913 926 2 144115188075856846 1 927 2 144115188075856846 144115188075856206 4 0 1073741855 2 144115188075856325 2 1073741855 2 144115188075856325 3 31 2 144115188075856325 6 2106 2 1224979098644774913 1224979098644774914 910 3 72057594037927936 216172782113785668 0 729 2 1 0 730 2 1 1224979098644774913 926 2 72057594037927936 1 942 3 144115188075856847 0 1001 729 2 1 390 730 2 1 1224979098644774913 926 2 144115188075856847 1 927 2 144115188075856847 144115188075856386 5 0 2133 2 144115188075856847 -1 3 0 2106 2 1224979098644774913 1224979098644774914 910 3 72057594037927936 216172782113785659 0 729 2 1 30 730 2 1 1224979098644774913 926 2 72057594037927936 1 918 3 144115188075856840 1441151880758558774 1441151880758558775 729 2 1 7 2120 3 1224979098644774915 1224979098644774913 7 730 2 1 1224979098644774915 926 2 144115188075856840 1 927 2 144115188075856840 144115188075856458 2106 2 1224979098644774913 1224979098644774914 910 3 72057594037927936 216172782113785660 0 729 2 1 30 730 2 1 1224979098644774913 926 2 72057594037927936 1 918 3 144115188075856841 1441151880758558774 1441151880758558775 729 2 1 7 2120 3 1224979098644774915 1224979098644774913 7 730 2 1 1224979098644774915 926 2 144115188075856841 1 927 2 144115188075856841 144115188075856459 2106 2 1224979098644774913 1224979098644774914 910 3 72057594037927936 216172782113785662 0 729 2 1 30 730 2 1 1224979098644774913 926 2 72057594037927936 1 918 3 144115188075856836 1441151880758558774 1441151880758558775 729 2 1 7 2120 3 1224979098644774915 1224979098644774913 7 730 2 1 1224979098644774915 926 2 144115188075856836 1 927 2 144115188075856836 144115188075856457 2106 2 1224979098644774913 1224979098644774914 910 3 72057594037927936 216172782113785658 0 729 2 1 30 730 2 1 1224979098644774913 926 2 72057594037927936 1 918 3 144115188075856835 1441151880758558774 1441151880758558775 729 2 1 7 2120 3 1224979098644774915 1224979098644774913 7 730 2 1 1224979098644774915 926 2 144115188075856835 1 927 2 144115188075856835 144115188075856456 4 0 2147483679 2 144115188075856325 8 2106 2 1224979098644774913 1224979098644774914 910 3 72057594037927936 216172782113785661 0 729 2 1 0 730 2 1 1224979098644774913 926 2 72057594037927936 1 2133 2 1224979098644774937 51 2110 2 1224979098644774937 144115188075856455 942 3 144115188075856834 0 1224979098644774937 729 2 1 390 730 2 1 1224979098644774913 926 2 144115188075856834 1 927 2 144115188075856834 144115188075856454 3 0 2106 2 1224979098644774913 1224979098644774914 910 3 72057594037927936 216172782113785663 0 729 2 1 0 730 2 1 1224979098644774913 926 2 72057594037927936 1 942 3 144115188075856842 50 101 729 2 1 390 730 2 1 1224979098644774913 926 2 144115188075856842 1 927 2 144115188075856842 144115188075856460 4 0 2147483679 2 144115188075856325 8 2106 2 1224979098644774913 1224979098644774914 910 3 72057594037927936 216172782113785664 0 729 2 1 0 730 2 1 1224979098644774913 926 2 72057594037927936 1 916 1 144115188075856843 729 2 1 800 730 2 1 800 925 2 144115188075856843 1 729 2 1 490 730 2 1 1224979098644774913 926 2 144115188075856843 1 931 2 144115188075856843 216172782113785651 2133 2 72057594037927936 6 931 2 144115188075856843 216172782113785671 2133 2 72057594037927936 5 931 2 144115188075856843 216172782113785671 2133 2 72057594037927936 4 931 2 144115188075856843 216172782113785671 2133 2 72057594037927936 3 931 2 144115188075856843 216172782113785671 2133 2 72057594037927936 2 931 2 144115188075856843 216172782113785671 4 0 30 2 144115188075856384 1000 927 2 144115188075856843 0 5 0 2121 3 1224979098644774938 7 144115188075856384 927 2 144115188075856843 1224979098644774938 3 0 3 0 2106 2 1224979098644774913 1224979098644774914 910 3 72057594037927936 216172782113785669 0 729 2 1 30 730 2 1 1224979098644774913 926 2 72057594037927936 1 918 3 144115188075856851 1441151880758558774 1441151880758558775 729 2 1 7 2120 3 1224979098644774915 1224979098644774913 7 730 2 1 1224979098644774915 926 2 144115188075856851 1 927 2 144115188075856851 144115188075856462 2106 2 1224979098644774913 1224979098644774914 910 3 72057594037927936 216172782113787122 0 729 2 1 30 730 2 1 1224979098644774913 926 2 72057594037927936 1 918 3 144115188075856854 1441151880758558774 1441151880758558775 729 2 1 7 2120 3 1224979098644774915 1224979098644774913 7 730 2 1 1224979098644774915 926 2 144115188075856854 1 927 2 144115188075856854 144115188075856464 2106 2 1224979098644774913 1224979098644774914 910 3 72057594037927936 216172782113785670 0 729 2 1 30 730 2 1 1224979098644774913 926 2 72057594037927936 1 918 3 144115188075856852 1441151880758558774 1441151880758558775 729 2 1 7 2120 3 1224979098644774915 1224979098644774913 7 730 2 1 1224979098644774915 926 2 144115188075856852 1 927 2 144115188075856852 144115188075856463 945 1 -1 912 3 144115188075856825 216172782113785729 16 729 2 1 825 730 2 1 50 926 2 144115188075856825 1 729 2 1 1500 730 2 1 1500 925 2 144115188075856825 1 912 3 144115188075856815 216172782113785730 16 729 2 1 825 730 2 1 90 926 2 144115188075856815 1 729 2 1 1500 730 2 1 1500 925 2 144115188075856815 1 902 1 999999 4 0 31 2 1224979098644774920 0 2133 2 144115188075856332 1224979098644774919 902 1 0 900 1 1513209474796486660 3 0 
-62.000000  177 2071 1 1224979098644774912 2072 1 1224979098644774913 4 0 31 2 1224979098644774912 144115188075856814 2120 3 1224979098644774914 1224979098644774913 0 520 3 144115188075856332 360287970189640518 1224979098644774914 902 1 0 900 1 1513209474796486660 5 0 31 2 1224979098644774912 144115188075856815 390 3 2 144115188075856332 144115188075856325 5 0 31 2 1224979098644774912 144115188075856816 390 3 4 1 1224979098644774913 5 0 31 2 1224979098644774912 144115188075856817 390 3 4 2 1224979098644774913 5 0 31 2 1224979098644774912 144115188075856818 389 2 5 1224979098644774913 5 0 31 2 1224979098644774912 144115188075856819 389 2 9 1224979098644774913 5 0 31 2 1224979098644774912 144115188075856820 389 2 10 1224979098644774913 5 0 31 2 1224979098644774912 144115188075856821 389 2 12 1224979098644774913 5 0 31 2 1224979098644774912 144115188075856822 393 2 16 0 5 0 31 2 1224979098644774912 144115188075856823 2133 2 144115188075856325 1224979098644774913 1 1 936748722493063766 4 0 31 2 144115188075856465 1 4 0 31 2 144115188075856325 8 3 0 5 0 30 2 144115188075856453 432345564227567637 2133 2 144115188075856453 432345564227567632 390 3 17 2 144115188075856453 3 0 902 1 0 900 1 1513209474796486660 5 0 31 2 1224979098644774912 144115188075856824 2120 3 144115188075856452 1224979098644774913 432345564227567631 390 3 17 1 144115188075856452 902 1 0 900 1 1513209474796486660 5 0 31 2 1224979098644774912 144115188075856491 4 0 31 2 1224979098644774913 6 2133 2 144115188075856453 432345564227567618 5 0 31 2 1224979098644774913 7 2133 2 144115188075856453 432345564227567649 5 0 2120 3 144115188075856453 1224979098644774913 432345564227567631 3 0 390 3 17 2 144115188075856453 902 1 0 900 1 1513209474796486660 5 0 31 2 1224979098644774912 144115188075856825 902 1 0 5 0 31 2 1224979098644774912 144115188075856826 389 2 8 1224979098644774913 5 0 31 2 1224979098644774912 144115188075856827 389 2 7 1224979098644774913 5 0 31 2 1224979098644774912 144115188075856828 389 2 11 1224979098644774913 5 0 31 2 1224979098644774912 144115188075856829 389 2 13 1224979098644774913 5 0 31 2 1224979098644774912 144115188075856830 389 2 14 1224979098644774913 5 0 31 2 1224979098644774912 144115188075856831 389 2 6 1224979098644774913 5 0 31 2 1224979098644774912 144115188075856832 393 2 15 0 5 0 31 2 1224979098644774912 144115188075856833 389 2 3 1224979098644774913 4 0 31 2 144115188075856465 1 4 0 31 2 144115188075856325 8 3 0 3 0 5 0 31 2 1224979098644774912 144115188075856834 389 2 25 1224979098644774913 5 0 31 2 1224979098644774912 144115188075856835 389 2 26 1224979098644774913 5 0 31 2 1224979098644774912 144115188075856836 389 2 27 1224979098644774913 5 0 31 2 1224979098644774912 144115188075856837 389 2 28 1224979098644774913 5 0 31 2 1224979098644774912 144115188075856838 389 2 29 1224979098644774913 5 0 31 2 1224979098644774912 144115188075856839 2121 3 1224979098644774915 5 1224979098644774913 389 2 30 1224979098644774915 5 0 31 2 1224979098644774912 144115188075856840 389 2 31 1224979098644774913 5 0 31 2 1224979098644774912 144115188075856841 389 2 32 1224979098644774913 5 0 31 2 1224979098644774912 144115188075856842 389 2 33 1224979098644774913 5 0 31 2 1224979098644774912 144115188075856843 4 0 31 2 1224979098644774913 0 389 2 34 1000 5 0 2121 3 1224979098644774915 7 1224979098644774913 389 2 34 1224979098644774915 3 0 5 0 31 2 1224979098644774912 144115188075856844 492 1 0 393 2 35 0 5 0 31 2 1224979098644774912 144115188075856845 389 2 36 1224979098644774913 5 0 31 2 1224979098644774912 144115188075856846 389 2 37 1224979098644774913 5 0 31 2 1224979098644774912 144115188075856847 389 2 38 1224979098644774913 5 0 31 2 1224979098644774912 144115188075856848 389 2 39 1224979098644774913 5 0 31 2 1224979098644774912 144115188075856849 389 2 40 1224979098644774913 5 0 31 2 1224979098644774912 144115188075856850 389 2 41 1224979098644774913 5 0 31 2 1224979098644774912 144115188075856851 389 2 42 1224979098644774913 5 0 31 2 1224979098644774912 144115188075856852 389 2 43 1224979098644774913 5 0 31 2 1224979098644774912 144115188075856853 389 2 44 1224979098644774913 5 0 31 2 1224979098644774912 144115188075856854 389 2 47 1224979098644774913 5 0 31 2 1224979098644774912 144115188075856855 2133 2 144115188075856411 1224979098644774913 390 3 48 14 1224979098644774913 3 0 
-61.000000  5 4 0 1073741895 1 1 71 1 248 902 1 0 3 0 


prsnt_multiplayer_welcome_message 2 0 2
-60.000000  132 2124 1 1000 2353 1 0 4 0 2147485966 1 0 31 2 144115188075856461 0 911 2 72057594037927936 1441151880758558815 729 2 1 200 730 2 1 400 926 2 72057594037927936 1 910 3 72057594037927936 0 8192 921 2 72057594037927936 16777215 729 2 1 230 730 2 1 425 926 2 72057594037927936 1 729 2 1 540 730 2 1 150 929 2 72057594037927936 1 902 1 999999 5 0 31 2 144115188075856485 1 911 2 72057594037927936 1441151880758558815 729 2 1 200 730 2 1 400 926 2 72057594037927936 1 4 0 2147485966 1 0 2319 1 3 2320 2 2 0 2320 2 2 216172782113786433 2320 2 2 216172782113786433 5 0 2319 1 2 3 0 2320 2 3 1585267068834415055 2320 2 2 216172782113786433 2133 2 1224979098644774912 1000 1 2 936748722493063266 144115188075856325 2133 2 1224979098644774913 72057594037927936 2352 1 0 2320 2 3 216172782113787107 2320 2 2 216172782113786433 4 0 31 2 144115188075856325 0 2320 2 0 216172782113785596 5 0 31 2 144115188075856325 1 2320 2 0 216172782113785597 5 0 31 2 144115188075856325 2 2320 2 0 216172782113785598 5 0 31 2 144115188075856325 3 2320 2 0 216172782113785599 5 0 31 2 144115188075856325 4 2320 2 0 216172782113785600 5 0 31 2 144115188075856325 5 2320 2 0 216172782113785601 5 0 31 2 144115188075856325 6 2320 2 0 216172782113785602 5 0 31 2 144115188075856325 7 2320 2 0 216172782113785603 5 0 31 2 144115188075856325 8 2320 2 0 216172782113785604 3 0 2320 2 3 216172782113787109 2320 2 2 216172782113786433 4 0 31 2 144115188075856325 8 2120 3 1224979098644774914 144115188075856411 216172782113787272 2320 2 0 1224979098644774914 2320 2 3 216172782113787275 2320 2 2 216172782113786433 3 0 2211 1 1224979098644774915 2106 2 1224979098644774915 720575940379279851 2105 2 1224979098644774915 216172782113785456 2320 2 0 1224979098644774915 2320 2 3 216172782113787108 2320 2 2 216172782113786433 2370 1 1224979098644774916 2105 2 1224979098644774916 144115188075856402 2133 2 72057594037927936 1224979098644774916 2122 3 144115188075856857 144115188075856330 60 2121 3 1224979098644774917 144115188075856857 1224979098644774916 2123 3 72057594037927936 1224979098644774917 60 2119 3 72057594037927937 1224979098644774917 60 4 0 30 2 72057594037927936 10 30 2 72057594037927937 10 2319 1 0 2319 1 1 5 0 30 2 72057594037927936 10 2319 1 0 2320 2 1 1585267068834415056 5 0 30 2 72057594037927937 10 2320 2 0 1585267068834415056 2319 1 1 5 0 2320 2 0 1585267068834415056 2320 2 1 1585267068834415056 3 0 2320 2 3 216172782113787110 2320 2 2 216172782113786433 6 3 1224979098644774918 0 1224979098644774912 2133 2 72057594037927936 -12345 1 3 936748722493063260 1224979098644774913 1224979098644774918 4 0 31 2 72057594037927936 -12345 2133 2 1224979098644774912 0 5 0 1 4 936748722493063261 1224979098644774913 1224979098644774918 72057594037927936 2320 2 3 0 2320 2 2 216172782113786433 3 0 3 0 910 3 72057594037927936 2 8192 921 2 72057594037927936 16777215 729 2 1 230 730 2 1 425 926 2 72057594037927936 1 729 2 1 540 730 2 1 150 929 2 72057594037927936 1 902 1 999999 3 0 
-61.000000  31 2353 1 0 4 0 2147483679 2 144115188075856485 1 1073744142 1 0 31 2 144115188075856461 1 902 1 0 2147484551 1 1513209474796486676 2147484551 1 1513209474796486662 900 1 1513209474796486662 5 0 2370 1 1224979098644774912 32 2 1224979098644774912 1 1073741895 1 1 1073741895 1 57 1073741895 1 28 1073741895 1 224 1073741895 1 225 1073741895 1 252 71 1 253 2133 2 144115188075856461 1 902 1 0 2147484551 1 1513209474796486676 2147484551 1 1513209474796486662 4 0 31 2 144115188075856485 1 2133 2 144115188075856485 0 900 1 1513209474796486676 5 0 900 1 1513209474796486662 3 0 3 0 


prsnt_multiplayer_team_select 2 0 3
-60.000000  82 2124 1 1000 911 2 72057594037927936 1441151880758558783 729 2 1 250 730 2 1 80 926 2 72057594037927936 1 729 2 1 1000 730 2 1 1000 925 2 72057594037927936 1 2319 1 0 910 3 144115188075856858 0 131072 729 2 1 285 730 2 1 125 926 2 144115188075856858 1 729 2 1 405 730 2 1 500 929 2 144115188075856858 1 945 1 144115188075856858 2133 2 1224979098644774912 450 910 3 72057594037927936 216172782113785734 0 921 2 72057594037927936 16777215 729 2 1 0 730 2 1 1224979098644774912 926 2 72057594037927936 1 2106 2 1224979098644774912 40 730 2 1 1224979098644774912 729 2 1 100 415 1 1224979098644774913 458 2 1224979098644774914 0 2335 2 0 1224979098644774914 912 3 144115188075856859 0 0 4 0 1 3 936748722493063262 1224979098644774913 0 921 2 144115188075856859 16777215 923 2 144115188075856859 5635920 2133 2 144115188075856860 1 5 0 921 2 144115188075856859 8947848 923 2 144115188075856859 8947848 2133 2 144115188075856860 0 3 0 730 2 1 1224979098644774912 926 2 144115188075856859 1 2106 2 1224979098644774912 40 730 2 1 1224979098644774912 4 0 458 2 1224979098644774914 1 2335 2 0 1224979098644774914 4 0 2147483679 2 144115188075856325 8 912 3 144115188075856861 0 0 5 0 2133 2 144115188075856861 -1 3 0 4 0 1 3 936748722493063262 1224979098644774913 1 4 0 2147483679 2 144115188075856325 8 921 2 144115188075856861 16777215 923 2 144115188075856861 5635920 3 0 2133 2 144115188075856862 1 5 0 4 0 2147483679 2 144115188075856325 8 921 2 144115188075856861 8947848 923 2 144115188075856861 8947848 3 0 2133 2 144115188075856862 0 3 0 4 0 2147483679 2 144115188075856325 8 926 2 144115188075856861 1 2106 2 1224979098644774912 40 730 2 1 1224979098644774912 3 0 3 0 912 3 144115188075856863 216172782113785756 0 921 2 144115188075856863 16777215 926 2 144115188075856863 1 2106 2 1224979098644774912 40 730 2 1 1224979098644774912 902 1 999999 
-62.000000  76 2071 1 1224979098644774912 415 1 1224979098644774913 4 0 31 2 144115188075856358 0 4 0 31 2 1224979098644774912 144115188075856859 4 0 1 3 936748722493063262 1224979098644774913 0 4 0 402 2 1224979098644774914 1224979098644774913 2147483679 2 1224979098644774914 0 2133 2 144115188075856486 0 4 0 2147483679 2 144115188075856325 8 2147483679 2 144115188075856325 0 2147483679 2 144115188075856325 7 2133 2 144115188075856358 1 3 0 404 2 144115188075856864 1224979098644774913 402 2 144115188075856865 1224979098644774913 405 2 1224979098644774913 -1 389 2 19 0 403 2 1224979098644774913 0 1 4 936748722493063763 1224979098644774913 0 1 4 0 1073741855 2 144115188075856325 8 1073741855 2 144115188075856325 0 31 2 144115188075856325 7 902 1 0 900 1 1513209474796486663 3 0 5 0 902 1 0 900 1 1513209474796486663 3 0 3 0 5 0 31 2 1224979098644774912 144115188075856861 4 0 1 3 936748722493063262 1224979098644774913 1 4 0 402 2 1224979098644774914 1224979098644774913 2147483679 2 1224979098644774914 1 2133 2 144115188075856486 0 4 0 2147483679 2 144115188075856325 8 2147483679 2 144115188075856325 0 2147483679 2 144115188075856325 7 2133 2 144115188075856358 1 3 0 404 2 144115188075856864 1224979098644774913 402 2 144115188075856865 1224979098644774913 405 2 1224979098644774913 -1 389 2 19 1 403 2 1224979098644774913 1 1 4 936748722493063763 1224979098644774913 1 1 4 0 1073741855 2 144115188075856325 8 1073741855 2 144115188075856325 0 31 2 144115188075856325 7 902 1 0 900 1 1513209474796486663 3 0 5 0 902 1 0 900 1 1513209474796486663 3 0 3 0 5 0 31 2 1224979098644774912 144115188075856863 405 2 1224979098644774913 -1 389 2 19 2 403 2 1224979098644774913 2 902 1 0 3 0 3 0 
-61.000000  59 415 1 1224979098644774912 4 0 1073741895 1 1 71 1 248 31 2 144115188075856358 0 411 1 1224979098644774913 4 0 31 2 1224979098644774913 3 405 2 1224979098644774912 -1 389 2 19 2 403 2 1224979098644774912 2 3 0 902 1 0 5 0 31 2 144115188075856358 1 31 2 144115188075856486 1 2133 2 144115188075856358 0 2133 2 144115188075856486 0 902 1 0 900 1 1513209474796486663 5 0 31 2 144115188075856358 1 31 2 144115188075856486 -1 405 2 1224979098644774912 144115188075856864 403 2 1224979098644774912 144115188075856865 2133 2 144115188075856358 0 2133 2 144115188075856486 0 902 1 0 900 1 1513209474796486662 5 0 2133 2 1224979098644774914 0 4 0 1 3 936748722493063262 1224979098644774912 0 4 0 31 2 144115188075856860 0 2133 2 1224979098644774914 1 3 0 5 0 4 0 31 2 144115188075856860 1 2133 2 1224979098644774914 1 3 0 3 0 4 0 1 3 936748722493063262 1224979098644774912 1 4 0 31 2 144115188075856862 0 2133 2 1224979098644774914 1 3 0 5 0 4 0 31 2 144115188075856862 1 2133 2 1224979098644774914 1 3 0 3 0 31 2 1224979098644774914 1 902 1 0 900 1 1513209474796486662 3 0 


prsnt_multiplayer_troop_select 2 0 3
-60.000000  48 2124 1 1000 911 2 72057594037927936 1441151880758558783 729 2 1 250 730 2 1 80 926 2 72057594037927936 1 729 2 1 1000 730 2 1 1000 925 2 72057594037927936 1 2319 1 0 910 3 144115188075856866 0 131072 729 2 1 285 730 2 1 125 926 2 144115188075856866 1 729 2 1 405 730 2 1 500 929 2 144115188075856866 1 945 1 144115188075856866 2133 2 1224979098644774912 450 910 3 72057594037927936 216172782113785736 0 921 2 72057594037927936 16777215 729 2 1 0 730 2 1 1224979098644774912 926 2 72057594037927936 1 2106 2 1224979098644774912 40 730 2 1 1224979098644774912 729 2 1 100 415 1 1224979098644774913 402 2 1224979098644774914 1224979098644774913 458 2 1224979098644774915 1224979098644774914 6 3 1224979098644774916 30 46 500 3 360287970189640518 1224979098644774916 -1 3 0 2133 2 1224979098644774917 0 6 3 1224979098644774918 360287970189640549 360287970189640567 2173 2 1224979098644774919 1224979098644774918 31 2 1224979098644774919 1224979098644774915 2322 2 1 1224979098644774918 912 3 72057594037927936 1 0 921 2 72057594037927936 16777215 2120 3 1224979098644774920 1224979098644774917 30 500 3 360287970189640518 1224979098644774920 72057594037927936 730 2 1 1224979098644774912 926 2 72057594037927936 1 2106 2 1224979098644774912 40 730 2 1 1224979098644774912 2105 2 1224979098644774917 1 3 0 902 1 999999 
-62.000000  35 2071 1 1224979098644774912 415 1 1224979098644774913 402 2 1224979098644774914 1224979098644774913 458 2 1224979098644774915 1224979098644774914 2133 2 1224979098644774916 -1 2133 2 1224979098644774917 46 6 3 1224979098644774918 30 1224979098644774917 540 3 360287970189640518 1224979098644774918 1224979098644774912 2121 3 1224979098644774919 1224979098644774918 30 2133 2 1224979098644774920 360287970189640567 6 3 1224979098644774921 360287970189640549 1224979098644774920 2173 2 1224979098644774922 1224979098644774921 31 2 1224979098644774922 1224979098644774915 2106 2 1224979098644774919 1 2147483678 2 1224979098644774919 0 2133 2 1224979098644774916 1224979098644774921 2133 2 1224979098644774920 0 3 0 4 0 412 1 1224979098644774921 2147483679 2 1224979098644774921 1224979098644774916 405 2 1224979098644774913 1224979098644774916 389 2 20 1224979098644774916 1 2 936748722493063286 1224979098644774916 1 1 936748722493063285 3 0 902 1 0 2133 2 144115188075856867 0 4 0 1 1 936748722493063767 2133 2 144115188075856867 10 3 0 900 1 1513209474796486664 2133 2 1224979098644774917 0 3 0 
-61.000000  19 4 0 1073741895 1 1 71 1 248 415 1 1224979098644774912 33 3 1224979098644774912 0 1000 412 1 1224979098644774913 4 0 31 2 144115188075856465 1 2147483681 3 1224979098644774913 360287970189640549 360287970189640567 1 4 936748722493063763 1224979098644774912 2 1 5 0 2147483681 3 1224979098644774913 360287970189640549 360287970189640567 405 2 1224979098644774912 -1 389 2 20 -1 389 2 19 2 403 2 1224979098644774912 2 3 0 902 1 0 3 0 


prsnt_multiplayer_item_select 2 0 5
-60.000000  729 2124 1 1000 415 1 1224979098644774912 2133 2 144115188075856868 -1 2133 2 144115188075856869 -1 2133 2 144115188075856870 -1 2133 2 144115188075856871 -1 2133 2 144115188075856872 -1 2133 2 144115188075856873 -1 2133 2 144115188075856874 -1 2133 2 144115188075856875 -1 2133 2 144115188075856876 -1 2133 2 144115188075856877 -1 2133 2 144115188075856878 -1 2133 2 144115188075856682 -1 2133 2 144115188075856879 -1 2133 2 144115188075856880 -1 2133 2 144115188075856881 -1 2133 2 144115188075856882 -1 2133 2 144115188075856883 -1 4 0 2147483679 2 144115188075856884 -1 971 0 2133 2 144115188075856884 -1 3 0 2120 3 1224979098644774913 2 0 528 3 1224979098644774914 1224979098644774912 1224979098644774913 4 0 30 2 1224979098644774914 0 913 3 144115188075856868 1441151880758558792 1441151880758558792 944 2 72057594037927936 1224979098644774914 729 2 1 950 730 2 1 526 926 2 72057594037927936 1 2133 2 144115188075856885 72057594037927936 5 0 913 3 144115188075856868 1441151880758558793 1441151880758558793 3 0 729 2 1 800 730 2 1 800 925 2 144115188075856868 1 729 2 1 899 730 2 1 475 926 2 144115188075856868 1 2120 3 1224979098644774913 2 1 528 3 1224979098644774914 1224979098644774912 1224979098644774913 4 0 30 2 1224979098644774914 0 913 3 144115188075856869 1441151880758558792 1441151880758558792 944 2 72057594037927936 1224979098644774914 729 2 1 950 730 2 1 426 926 2 72057594037927936 1 2133 2 144115188075856886 72057594037927936 5 0 913 3 144115188075856869 1441151880758558793 1441151880758558793 3 0 729 2 1 800 730 2 1 800 925 2 144115188075856869 1 729 2 1 899 730 2 1 375 926 2 144115188075856869 1 2120 3 1224979098644774913 2 2 528 3 1224979098644774914 1224979098644774912 1224979098644774913 4 0 30 2 1224979098644774914 0 913 3 144115188075856870 1441151880758558792 1441151880758558792 944 2 72057594037927936 1224979098644774914 729 2 1 950 730 2 1 326 926 2 72057594037927936 1 2133 2 144115188075856887 72057594037927936 5 0 913 3 144115188075856870 1441151880758558793 1441151880758558793 3 0 729 2 1 800 730 2 1 800 925 2 144115188075856870 1 729 2 1 899 730 2 1 275 926 2 144115188075856870 1 2120 3 1224979098644774913 2 3 528 3 1224979098644774914 1224979098644774912 1224979098644774913 4 0 30 2 1224979098644774914 0 913 3 144115188075856871 1441151880758558792 1441151880758558792 944 2 72057594037927936 1224979098644774914 729 2 1 950 730 2 1 226 926 2 72057594037927936 1 2133 2 144115188075856888 72057594037927936 5 0 913 3 144115188075856871 1441151880758558793 1441151880758558793 3 0 729 2 1 800 730 2 1 800 925 2 144115188075856871 1 729 2 1 899 730 2 1 175 926 2 144115188075856871 1 2120 3 1224979098644774913 2 4 528 3 1224979098644774914 1224979098644774912 1224979098644774913 4 0 30 2 1224979098644774914 0 913 3 144115188075856872 1441151880758558792 1441151880758558792 944 2 72057594037927936 1224979098644774914 729 2 1 53 730 2 1 576 926 2 72057594037927936 1 2133 2 144115188075856889 72057594037927936 5 0 913 3 144115188075856872 1441151880758558790 1441151880758558790 3 0 729 2 1 800 730 2 1 800 925 2 144115188075856872 1 729 2 1 2 730 2 1 525 926 2 144115188075856872 1 2120 3 1224979098644774913 2 5 528 3 1224979098644774914 1224979098644774912 1224979098644774913 4 0 30 2 1224979098644774914 0 913 3 144115188075856873 1441151880758558792 1441151880758558792 944 2 72057594037927936 1224979098644774914 729 2 1 53 730 2 1 476 926 2 72057594037927936 1 2133 2 144115188075856890 72057594037927936 5 0 913 3 144115188075856873 1441151880758558789 1441151880758558789 3 0 729 2 1 800 730 2 1 800 925 2 144115188075856873 1 729 2 1 2 730 2 1 425 926 2 144115188075856873 1 2120 3 1224979098644774913 2 6 528 3 1224979098644774914 1224979098644774912 1224979098644774913 4 0 30 2 1224979098644774914 0 913 3 144115188075856874 1441151880758558792 1441151880758558792 944 2 72057594037927936 1224979098644774914 729 2 1 53 730 2 1 376 926 2 72057594037927936 1 2133 2 144115188075856891 72057594037927936 5 0 913 3 144115188075856874 1441151880758558791 1441151880758558791 3 0 729 2 1 800 730 2 1 800 925 2 144115188075856874 1 729 2 1 2 730 2 1 325 926 2 144115188075856874 1 2120 3 1224979098644774913 2 7 528 3 1224979098644774914 1224979098644774912 1224979098644774913 4 0 30 2 1224979098644774914 0 913 3 144115188075856875 1441151880758558792 1441151880758558792 944 2 72057594037927936 1224979098644774914 729 2 1 53 730 2 1 276 926 2 72057594037927936 1 2133 2 144115188075856892 72057594037927936 5 0 913 3 144115188075856875 1441151880758558787 1441151880758558787 3 0 729 2 1 800 730 2 1 800 925 2 144115188075856875 1 729 2 1 2 730 2 1 225 926 2 144115188075856875 1 2120 3 1224979098644774913 2 8 528 3 1224979098644774914 1224979098644774912 1224979098644774913 4 0 30 2 1224979098644774914 0 31 2 144115188075856480 1 913 3 144115188075856876 1441151880758558792 1441151880758558792 944 2 72057594037927936 1224979098644774914 729 2 1 53 730 2 1 176 926 2 72057594037927936 1 2133 2 144115188075856893 72057594037927936 5 0 913 3 144115188075856876 1441151880758558788 1441151880758558788 3 0 729 2 1 800 730 2 1 800 925 2 144115188075856876 1 729 2 1 2 730 2 1 125 926 2 144115188075856876 1 911 2 72057594037927936 1441151880758558784 729 2 1 800 730 2 1 800 925 2 72057594037927936 1 729 2 1 0 730 2 1 14 926 2 72057594037927936 1 911 2 72057594037927936 1441151880758558785 729 2 1 800 730 2 1 800 925 2 72057594037927936 1 729 2 1 894 730 2 1 65 926 2 72057594037927936 1 941 3 144115188075856877 216172782113785708 0 921 2 144115188075856877 16777215 729 2 1 605 730 2 1 25 926 2 144115188075856877 1 941 3 144115188075856878 216172782113785709 0 921 2 144115188075856878 16777215 729 2 1 395 730 2 1 25 926 2 144115188075856878 1 2133 2 1224979098644774915 725 415 1 1224979098644774912 402 2 1224979098644774916 1224979098644774912 2133 2 1224979098644774917 0 4 0 1 1 936748722493063767 2133 2 1224979098644774917 1 5 0 2147483679 2 144115188075856465 1 31 2 1224979098644774916 0 32 2 144115188075856354 0 2133 2 1224979098644774917 1 5 0 2147483679 2 144115188075856465 1 31 2 1224979098644774916 1 32 2 144115188075856356 0 2133 2 1224979098644774917 1 3 0 458 2 1224979098644774918 1224979098644774916 4 0 31 2 1224979098644774917 1 2147483679 2 144115188075856325 0 2147483679 2 144115188075856325 7 2133 2 1224979098644774919 0 4 0 31 2 1224979098644774917 1 6 3 1224979098644774920 360287970189640531 360287970189640549 2173 2 1224979098644774921 1224979098644774920 31 2 1224979098644774921 1224979098644774918 2105 2 1224979098644774919 1 3 0 3 0 4 0 31 2 144115188075856465 1 2133 2 1224979098644774919 3 3 0 2122 3 1224979098644774922 1224979098644774919 20 2105 2 1224979098644774922 40 4 0 31 2 144115188075856465 1 941 2 144115188075856883 216172782113787221 921 2 144115188075856883 16777215 729 2 1 500 730 2 1 650 926 2 144115188075856883 1 5 0 911 2 72057594037927936 1441151880758558814 729 2 1 280 730 2 1 680 926 2 72057594037927936 1 729 2 1 2500 730 2 1 2500 925 2 72057594037927936 1 911 2 72057594037927936 1441151880758558813 729 2 1 650 730 2 1 680 926 2 72057594037927936 1 729 2 1 2500 730 2 1 2500 925 2 72057594037927936 1 911 2 72057594037927936 1441151880758558812 729 2 1 350 2121 3 1224979098644774923 750 1224979098644774922 730 2 1 1224979098644774923 926 2 72057594037927936 1 729 2 1 3000 730 2 1 3000 925 2 72057594037927936 1 910 3 72057594037927936 216172782113785759 0 921 2 72057594037927936 16777215 729 2 1 800 730 2 1 800 925 2 72057594037927936 1 729 2 1 370 730 2 1 1224979098644774915 926 2 72057594037927936 1 2106 2 1224979098644774915 20 3 0 2133 2 1224979098644774924 0 4 0 31 2 144115188075856465 0 6 3 1224979098644774920 360287970189640531 360287970189640549 2173 2 1224979098644774921 1224979098644774920 31 2 1224979098644774921 1224979098644774918 918 3 72057594037927936 1441151880758558774 1441151880758558775 729 2 1 800 730 2 1 800 925 2 72057594037927936 1 729 2 1 377 2120 3 1224979098644774925 1224979098644774915 2 730 2 1 1224979098644774925 926 2 72057594037927936 1 4 0 31 2 1224979098644774924 0 927 2 72057594037927936 144115188075856494 2133 2 144115188075856879 72057594037927936 5 0 31 2 1224979098644774924 1 927 2 72057594037927936 144115188075856495 2133 2 144115188075856880 72057594037927936 5 0 31 2 1224979098644774924 2 927 2 72057594037927936 144115188075856496 2133 2 144115188075856881 72057594037927936 5 0 927 2 72057594037927936 144115188075856497 2133 2 144115188075856882 72057594037927936 3 0 2322 2 0 1224979098644774920 910 3 72057594037927936 216172782113783815 0 921 2 72057594037927936 16777215 729 2 1 800 730 2 1 800 925 2 72057594037927936 1 729 2 1 397 730 2 1 1224979098644774915 926 2 72057594037927936 1 2106 2 1224979098644774915 20 2105 2 1224979098644774924 1 3 0 3 0 2106 2 1224979098644774915 20 3 0 415 1 1224979098644774912 407 2 1224979098644774926 1224979098644774912 1 3 936748722493063283 1224979098644774912 1 910 3 144115188075856682 216172782113785619 98308 4 0 30 2 1224979098644774926 72057594037927936 921 2 144115188075856682 16777215 5 0 921 2 144115188075856682 16711680 3 0 729 2 1 680 730 2 1 652 926 2 144115188075856682 1 2120 3 144115188075856894 144115188075856682 1 404 2 1224979098644774927 1224979098644774912 4 0 31 2 144115188075856867 1 1 6 936748722493063287 1224979098644774927 1 18 781 474 911 2 72057594037927936 1441151880758558795 729 2 1 800 730 2 1 800 925 2 72057594037927936 1 729 2 1 881 730 2 1 515 926 2 72057594037927936 1 5 0 31 2 144115188075856867 2 1 6 936748722493063287 1224979098644774927 1 18 781 374 911 2 72057594037927936 1441151880758558795 729 2 1 800 730 2 1 800 925 2 72057594037927936 1 729 2 1 881 730 2 1 415 926 2 72057594037927936 1 5 0 31 2 144115188075856867 3 1 6 936748722493063287 1224979098644774927 1 18 781 274 911 2 72057594037927936 1441151880758558795 729 2 1 800 730 2 1 800 925 2 72057594037927936 1 729 2 1 881 730 2 1 315 926 2 72057594037927936 1 5 0 31 2 144115188075856867 4 1 6 936748722493063287 1224979098644774927 1 18 781 174 911 2 72057594037927936 1441151880758558795 729 2 1 800 730 2 1 800 925 2 72057594037927936 1 729 2 1 881 730 2 1 215 926 2 72057594037927936 1 5 0 31 2 144115188075856867 5 1 6 936748722493063287 1224979098644774927 22 24 117 524 911 2 72057594037927936 1441151880758558794 729 2 1 800 730 2 1 800 925 2 72057594037927936 1 729 2 1 106 730 2 1 565 926 2 72057594037927936 1 5 0 31 2 144115188075856867 6 1 6 936748722493063287 1224979098644774927 19 22 117 424 911 2 72057594037927936 1441151880758558794 729 2 1 800 730 2 1 800 925 2 72057594037927936 1 729 2 1 106 730 2 1 465 926 2 72057594037927936 1 5 0 31 2 144115188075856867 7 1 6 936748722493063287 1224979098644774927 24 26 117 324 911 2 72057594037927936 1441151880758558794 729 2 1 800 730 2 1 800 925 2 72057594037927936 1 729 2 1 106 730 2 1 365 926 2 72057594037927936 1 5 0 31 2 144115188075856867 8 1 6 936748722493063287 1224979098644774927 26 27 117 224 911 2 72057594037927936 1441151880758558794 729 2 1 800 730 2 1 800 925 2 72057594037927936 1 729 2 1 106 730 2 1 265 926 2 72057594037927936 1 5 0 31 2 144115188075856867 9 31 2 144115188075856480 1 1 6 936748722493063287 1224979098644774927 18 19 117 124 911 2 72057594037927936 1441151880758558794 729 2 1 800 730 2 1 800 925 2 72057594037927936 1 729 2 1 106 730 2 1 165 926 2 72057594037927936 1 5 0 31 2 144115188075856867 10 1 2 936748722493063745 1224979098644774912 911 2 72057594037927936 1441151880758558771 729 2 1 205 730 2 1 150 926 2 72057594037927936 1 729 2 1 750 730 2 1 750 925 2 72057594037927936 1 415 1 1224979098644774912 528 3 1224979098644774928 1224979098644774912 42 2133 2 144115188075856895 -1 2133 2 144115188075856896 -1 4 0 31 2 1224979098644774928 0 948 1 144115188075856895 729 2 1 700 730 2 1 700 925 2 144115188075856895 1 729 2 1 360 730 2 1 265 926 2 144115188075856895 1 948 1 144115188075856896 729 2 1 700 730 2 1 700 925 2 144115188075856896 1 729 2 1 640 730 2 1 265 926 2 144115188075856896 1 6 3 1224979098644774929 360287970189640683 360287970189640699 2322 2 0 1224979098644774929 931 2 144115188075856895 0 931 2 144115188075856896 0 3 0 2121 3 1224979098644774930 144115188075856417 360287970189640683 927 2 144115188075856895 1224979098644774930 2121 3 1224979098644774930 144115188075856418 360287970189640683 927 2 144115188075856896 1224979098644774930 910 3 72057594037927936 216172782113787282 0 921 2 72057594037927936 16777215 729 2 1 222 730 2 1 550 926 2 72057594037927936 1 5 0 2322 2 0 144115188075856417 910 3 72057594037927936 0 16 729 2 1 1000 730 2 1 1000 925 2 72057594037927936 1 921 2 72057594037927936 16777215 729 2 1 358 730 2 1 265 926 2 72057594037927936 1 2322 2 0 144115188075856418 910 3 72057594037927936 0 16 729 2 1 1000 730 2 1 1000 925 2 72057594037927936 1 921 2 72057594037927936 16777215 729 2 1 638 730 2 1 265 926 2 72057594037927936 1 910 3 72057594037927936 216172782113787283 0 921 2 72057594037927936 16777215 729 2 1 222 730 2 1 550 926 2 72057594037927936 1 3 0 528 3 1224979098644774931 1224979098644774912 47 2105 2 1224979098644774931 1 2133 2 72057594037927936 1224979098644774931 2320 2 0 216172782113787286 910 3 72057594037927936 0 4 729 2 1 750 730 2 1 750 925 2 72057594037927936 1 921 2 72057594037927936 16777215 729 2 1 418 730 2 1 507 926 2 72057594037927936 1 528 3 1224979098644774932 1224979098644774912 48 2105 2 1224979098644774932 1 2133 2 72057594037927936 1224979098644774932 2320 2 0 1585267068834415057 910 3 72057594037927936 0 4 729 2 1 750 730 2 1 750 925 2 72057594037927936 1 921 2 72057594037927936 16777215 729 2 1 698 730 2 1 507 926 2 72057594037927936 1 2121 3 1224979098644774933 144115188075856417 360287970189640683 2105 2 1224979098644774933 216172782113787305 2320 2 0 1224979098644774933 910 3 72057594037927936 0 4 729 2 1 750 730 2 1 750 925 2 72057594037927936 1 921 2 72057594037927936 16777215 729 2 1 250 730 2 1 306 926 2 72057594037927936 1 2121 3 1224979098644774933 144115188075856418 360287970189640683 2105 2 1224979098644774933 216172782113787305 2320 2 0 1224979098644774933 910 3 72057594037927936 0 4 729 2 1 750 730 2 1 750 925 2 72057594037927936 1 921 2 72057594037927936 16777215 729 2 1 530 730 2 1 306 926 2 72057594037927936 1 913 3 144115188075856897 1441151880758559270 1441151880758559270 729 2 1 60 730 2 1 80 925 2 144115188075856897 1 729 2 1 259 730 2 1 341 926 2 144115188075856897 1 913 3 144115188075856898 1441151880758559270 1441151880758559270 729 2 1 60 730 2 1 80 925 2 144115188075856898 1 729 2 1 539 730 2 1 341 926 2 144115188075856898 1 913 3 144115188075856899 1441151880758559271 1441151880758559271 913 3 144115188075856900 1441151880758559271 1441151880758559271 913 3 144115188075856901 1441151880758559272 1441151880758559272 913 3 144115188075856902 1441151880758559272 1441151880758559272 913 3 144115188075856903 1441151880758559273 1441151880758559273 913 3 144115188075856904 1441151880758559273 1441151880758559273 913 3 144115188075856905 1441151880758559274 1441151880758559274 913 3 144115188075856906 1441151880758559274 1441151880758559274 729 2 1 90 730 2 1 120 925 2 144115188075856899 1 925 2 144115188075856900 1 925 2 144115188075856901 1 925 2 144115188075856902 1 925 2 144115188075856903 1 925 2 144115188075856904 1 925 2 144115188075856905 1 925 2 144115188075856906 1 950 2 144115188075856899 216172782113787268 950 2 144115188075856900 216172782113787268 730 2 1 208 2133 2 1224979098644774934 259 729 2 1 1224979098644774934 926 2 144115188075856899 1 2105 2 1224979098644774934 55 729 2 1 1224979098644774934 926 2 144115188075856901 1 2105 2 1224979098644774934 55 729 2 1 1224979098644774934 926 2 144115188075856903 1 2105 2 1224979098644774934 55 729 2 1 1224979098644774934 926 2 144115188075856905 1 2133 2 1224979098644774934 539 729 2 1 1224979098644774934 926 2 144115188075856900 1 2105 2 1224979098644774934 55 729 2 1 1224979098644774934 926 2 144115188075856902 1 2105 2 1224979098644774934 55 729 2 1 1224979098644774934 926 2 144115188075856904 1 2105 2 1224979098644774934 55 729 2 1 1224979098644774934 926 2 144115188075856906 1 458 2 1224979098644774918 0 921 2 144115188075856899 16777215 921 2 144115188075856900 16777215 921 2 144115188075856901 16777215 921 2 144115188075856902 16777215 921 2 144115188075856903 16777215 921 2 144115188075856904 16777215 921 2 144115188075856905 16777215 921 2 144115188075856906 16777215 922 2 144115188075856899 170 922 2 144115188075856900 170 922 2 144115188075856901 170 922 2 144115188075856902 170 922 2 144115188075856903 170 922 2 144115188075856904 170 922 2 144115188075856905 170 922 2 144115188075856906 170 4 0 31 2 144115188075856419 144115188075856417 921 2 144115188075856899 13750170 922 2 144115188075856899 16777215 3 0 4 0 31 2 144115188075856420 144115188075856418 921 2 144115188075856900 13750170 922 2 144115188075856900 16777215 3 0 2133 2 1224979098644774935 0 6 3 1224979098644774936 360287970189640610 360287970189640682 2173 2 1224979098644774937 1224979098644774936 31 2 1224979098644774937 1224979098644774918 2171 2 1224979098644774938 1224979098644774936 31 2 1224979098644774938 4 2322 2 0 1224979098644774936 2105 2 1224979098644774935 1 4 0 31 2 1224979098644774935 2 2133 2 72057594037927936 1224979098644774935 950 2 144115188075856901 0 950 2 144115188075856902 0 4 0 31 2 144115188075856419 1224979098644774936 921 2 144115188075856901 3372352 922 2 144115188075856901 255 3 0 4 0 31 2 144115188075856420 1224979098644774936 921 2 144115188075856902 3372352 922 2 144115188075856902 255 3 0 5 0 31 2 1224979098644774935 1 2133 2 72057594037927936 1224979098644774935 950 2 144115188075856903 0 950 2 144115188075856904 0 4 0 31 2 144115188075856419 1224979098644774936 921 2 144115188075856903 11742754 922 2 144115188075856903 255 3 0 4 0 31 2 144115188075856420 1224979098644774936 921 2 144115188075856904 11742754 922 2 144115188075856904 255 3 0 5 0 31 2 1224979098644774935 3 2133 2 72057594037927936 1224979098644774935 950 2 144115188075856905 0 950 2 144115188075856906 0 4 0 31 2 144115188075856419 1224979098644774936 921 2 144115188075856905 5789635 922 2 144115188075856905 255 3 0 4 0 31 2 144115188075856420 1224979098644774936 921 2 144115188075856906 5789635 922 2 144115188075856906 255 3 0 3 0 3 0 939 4 72057594037927936 -1 1729382256910270518 144115188075856417 729 2 1 230 730 2 1 349 926 2 72057594037927936 1 729 2 1 750 730 2 1 1000 925 2 72057594037927936 1 939 4 72057594037927936 -1 1729382256910270518 144115188075856418 729 2 1 510 730 2 1 349 926 2 72057594037927936 1 729 2 1 750 730 2 1 1000 925 2 72057594037927936 1 912 2 144115188075856907 216172782113785709 729 2 1 468 730 2 1 170 926 2 144115188075856907 1 921 2 144115188075856907 16777215 3 0 415 1 1224979098644774912 1 2 936748722493063745 1224979098644774912 1 1 936748722493063285 902 1 999999 
-63.000000  188 2071 1 1224979098644774912 2072 1 1224979098644774913 4 0 31 2 144115188075856488 0 31 2 144115188075856867 10 5 0 31 2 144115188075856488 0 4 0 31 2 1224979098644774913 0 2133 2 1224979098644774914 -1 4 0 30 2 1224979098644774912 144115188075856894 2121 3 1224979098644774915 1224979098644774912 144115188075856894 2119 3 1224979098644774916 1224979098644774915 2 2121 3 1224979098644774916 1 1224979098644774916 2108 2 1224979098644774915 2 2120 3 1224979098644774917 46 1224979098644774915 520 3 1224979098644774914 360287970189640518 1224979098644774917 2133 2 1224979098644774918 1224979098644774912 2105 2 1224979098644774918 1224979098644774916 5 0 31 2 1224979098644774912 144115188075856868 2120 3 1224979098644774919 2 1 2106 2 1224979098644774919 1 415 1 1224979098644774920 528 3 1224979098644774914 1224979098644774920 1224979098644774919 2133 2 1224979098644774918 144115188075856885 5 0 31 2 1224979098644774912 144115188075856869 2120 3 1224979098644774919 2 2 2106 2 1224979098644774919 1 415 1 1224979098644774920 528 3 1224979098644774914 1224979098644774920 1224979098644774919 2133 2 1224979098644774918 144115188075856886 5 0 31 2 1224979098644774912 144115188075856870 2120 3 1224979098644774919 2 3 2106 2 1224979098644774919 1 415 1 1224979098644774920 528 3 1224979098644774914 1224979098644774920 1224979098644774919 2133 2 1224979098644774918 144115188075856887 5 0 31 2 1224979098644774912 144115188075856871 2120 3 1224979098644774919 2 4 2106 2 1224979098644774919 1 415 1 1224979098644774920 528 3 1224979098644774914 1224979098644774920 1224979098644774919 2133 2 1224979098644774918 144115188075856888 5 0 31 2 1224979098644774912 144115188075856872 2120 3 1224979098644774919 2 5 2106 2 1224979098644774919 1 415 1 1224979098644774920 528 3 1224979098644774914 1224979098644774920 1224979098644774919 2133 2 1224979098644774918 144115188075856889 5 0 31 2 1224979098644774912 144115188075856873 2120 3 1224979098644774919 2 6 2106 2 1224979098644774919 1 415 1 1224979098644774920 528 3 1224979098644774914 1224979098644774920 1224979098644774919 2133 2 1224979098644774918 144115188075856890 5 0 31 2 1224979098644774912 144115188075856874 2120 3 1224979098644774919 2 7 2106 2 1224979098644774919 1 415 1 1224979098644774920 528 3 1224979098644774914 1224979098644774920 1224979098644774919 2133 2 1224979098644774918 144115188075856891 5 0 31 2 1224979098644774912 144115188075856875 2120 3 1224979098644774919 2 8 2106 2 1224979098644774919 1 415 1 1224979098644774920 528 3 1224979098644774914 1224979098644774920 1224979098644774919 2133 2 1224979098644774918 144115188075856892 5 0 31 2 1224979098644774912 144115188075856876 31 2 144115188075856480 1 2120 3 1224979098644774919 2 9 2106 2 1224979098644774919 1 415 1 1224979098644774920 528 3 1224979098644774914 1224979098644774920 1224979098644774919 2133 2 1224979098644774918 144115188075856893 3 0 4 0 30 2 1224979098644774914 0 946 2 0 1224979098644774918 415 1 1224979098644774920 404 2 1224979098644774921 1224979098644774920 4 0 1 3 936748722493063282 1224979098644774914 1224979098644774921 970 3 1224979098644774914 0 0 5 0 2173 2 1224979098644774922 1224979098644774921 2121 3 1224979098644774923 1224979098644774922 432345564227567631 2105 2 1224979098644774923 30 527 3 1224979098644774924 1224979098644774914 1224979098644774923 970 3 1224979098644774914 0 1224979098644774924 3 0 2133 2 144115188075856884 1224979098644774914 3 0 5 0 2133 2 1224979098644774914 -1 4 0 30 2 1224979098644774912 144115188075856894 2121 3 1224979098644774915 1224979098644774912 144115188075856894 2108 2 1224979098644774915 2 2120 3 1224979098644774917 46 1224979098644774915 520 3 1224979098644774914 360287970189640518 1224979098644774917 5 0 31 2 1224979098644774912 144115188075856868 2120 3 1224979098644774919 2 1 2106 2 1224979098644774919 1 415 1 1224979098644774920 528 3 1224979098644774914 1224979098644774920 1224979098644774919 2133 2 1224979098644774918 144115188075856885 5 0 31 2 1224979098644774912 144115188075856869 2120 3 1224979098644774919 2 2 2106 2 1224979098644774919 1 415 1 1224979098644774920 528 3 1224979098644774914 1224979098644774920 1224979098644774919 2133 2 1224979098644774918 144115188075856886 5 0 31 2 1224979098644774912 144115188075856870 2120 3 1224979098644774919 2 3 2106 2 1224979098644774919 1 415 1 1224979098644774920 528 3 1224979098644774914 1224979098644774920 1224979098644774919 2133 2 1224979098644774918 144115188075856887 5 0 31 2 1224979098644774912 144115188075856871 2120 3 1224979098644774919 2 4 2106 2 1224979098644774919 1 415 1 1224979098644774920 528 3 1224979098644774914 1224979098644774920 1224979098644774919 2133 2 1224979098644774918 144115188075856888 5 0 31 2 1224979098644774912 144115188075856872 2120 3 1224979098644774919 2 5 2106 2 1224979098644774919 1 415 1 1224979098644774920 528 3 1224979098644774914 1224979098644774920 1224979098644774919 2133 2 1224979098644774918 144115188075856889 5 0 31 2 1224979098644774912 144115188075856873 2120 3 1224979098644774919 2 6 2106 2 1224979098644774919 1 415 1 1224979098644774920 528 3 1224979098644774914 1224979098644774920 1224979098644774919 2133 2 1224979098644774918 144115188075856890 5 0 31 2 1224979098644774912 144115188075856874 2120 3 1224979098644774919 2 7 2106 2 1224979098644774919 1 415 1 1224979098644774920 528 3 1224979098644774914 1224979098644774920 1224979098644774919 2133 2 1224979098644774918 144115188075856891 5 0 31 2 1224979098644774912 144115188075856875 2120 3 1224979098644774919 2 8 2106 2 1224979098644774919 1 415 1 1224979098644774920 528 3 1224979098644774914 1224979098644774920 1224979098644774919 2133 2 1224979098644774918 144115188075856892 5 0 31 2 1224979098644774912 144115188075856876 31 2 144115188075856480 1 2120 3 1224979098644774919 2 9 2106 2 1224979098644774919 1 415 1 1224979098644774920 528 3 1224979098644774914 1224979098644774920 1224979098644774919 2133 2 1224979098644774918 144115188075856893 3 0 4 0 31 2 144115188075856884 1224979098644774914 971 0 2133 2 144115188075856884 -1 3 0 3 0 5 0 2133 2 144115188075856488 0 415 1 1224979098644774920 1 2 936748722493063745 1224979098644774920 1 1 936748722493063285 902 1 0 3 0 
-62.000000  367 2071 1 1224979098644774912 2072 1 1224979098644774913 415 1 1224979098644774914 404 2 1224979098644774915 1224979098644774914 402 2 1224979098644774916 1224979098644774914 4 0 31 2 144115188075856488 0 4 0 31 2 144115188075856867 0 4 0 31 2 1224979098644774912 144115188075856868 2133 2 144115188075856867 1 902 1 0 900 1 1513209474796486664 5 0 31 2 1224979098644774912 144115188075856869 2133 2 144115188075856867 2 902 1 0 900 1 1513209474796486664 5 0 31 2 1224979098644774912 144115188075856870 2133 2 144115188075856867 3 902 1 0 900 1 1513209474796486664 5 0 31 2 1224979098644774912 144115188075856871 2133 2 144115188075856867 4 902 1 0 900 1 1513209474796486664 5 0 31 2 1224979098644774912 144115188075856872 2133 2 144115188075856867 5 902 1 0 900 1 1513209474796486664 5 0 31 2 1224979098644774912 144115188075856873 2133 2 144115188075856867 6 902 1 0 900 1 1513209474796486664 5 0 31 2 1224979098644774912 144115188075856874 2133 2 144115188075856867 7 902 1 0 900 1 1513209474796486664 5 0 31 2 1224979098644774912 144115188075856875 2133 2 144115188075856867 8 902 1 0 900 1 1513209474796486664 5 0 31 2 1224979098644774912 144115188075856876 31 2 144115188075856480 1 2133 2 144115188075856867 9 902 1 0 900 1 1513209474796486664 5 0 31 2 1224979098644774912 144115188075856883 2133 2 144115188075856867 10 902 1 0 900 1 1513209474796486664 3 0 5 0 33 3 144115188075856867 0 10 2121 3 1224979098644774917 1224979098644774912 144115188075856894 2108 2 1224979098644774917 2 2133 2 1224979098644774918 146 6 3 1224979098644774919 46 1224979098644774918 2147484188 3 360287970189640518 1224979098644774919 -1 2121 3 1224979098644774920 1224979098644774919 46 31 2 1224979098644774917 1224979098644774920 520 3 1224979098644774921 360287970189640518 1224979098644774919 4 0 2120 3 1224979098644774922 2 144115188075856867 2106 2 1224979098644774922 1 508 3 1224979098644774914 1224979098644774922 1224979098644774921 1 1 936748722493063756 2133 2 1224979098644774918 0 3 0 3 0 902 1 0 2133 2 144115188075856867 0 900 1 1513209474796486664 5 0 31 2 144115188075856867 10 4 0 31 2 1224979098644774912 144115188075856907 31 2 144115188075856325 8 1 2 936748722493063745 1224979098644774914 1 1 936748722493063285 902 1 0 2133 2 144115188075856867 0 900 1 1513209474796486664 5 0 415 1 1224979098644774914 404 2 1224979098644774915 1224979098644774914 458 2 1224979098644774923 0 548 3 1224979098644774914 42 0 1073741855 2 1224979098644774912 144115188075856897 31 2 1224979098644774912 144115188075856895 4 0 31 2 1224979098644774912 144115188075856897 2136 3 1224979098644774913 360287970189640683 360287970189640699 5 0 2105 2 1224979098644774913 360287970189640683 3 0 2121 3 1224979098644774924 1224979098644774913 144115188075856417 4 0 31 2 1224979098644774913 144115188075856418 4 0 2147483679 2 1224979098644774924 15 1073741856 2 1224979098644774924 0 31 2 1224979098644774924 -15 2105 2 1224979098644774913 1 4 0 30 2 1224979098644774913 360287970189640699 2133 2 1224979098644774913 360287970189640683 3 0 5 0 2106 2 1224979098644774913 1 4 0 2147483678 2 1224979098644774913 360287970189640683 2133 2 1224979098644774913 360287970189640699 2106 2 1224979098644774913 1 3 0 3 0 3 0 2133 2 144115188075856417 1224979098644774913 4 0 33 3 144115188075856419 360287970189640683 360287970189640751 2121 3 1224979098644774913 144115188075856417 360287970189640683 2105 2 1224979098644774913 360287970189640683 2133 2 144115188075856419 1224979098644774913 3 0 1 2 936748722493063745 1224979098644774914 902 1 0 900 1 1513209474796486664 5 0 548 3 1224979098644774914 42 0 1073741855 2 1224979098644774912 144115188075856898 31 2 1224979098644774912 144115188075856896 4 0 31 2 1224979098644774912 144115188075856898 2136 3 1224979098644774913 360287970189640683 360287970189640699 5 0 2105 2 1224979098644774913 360287970189640683 3 0 2121 3 1224979098644774924 1224979098644774913 144115188075856418 4 0 31 2 1224979098644774913 144115188075856417 4 0 2147483679 2 1224979098644774924 15 1073741856 2 1224979098644774924 0 31 2 1224979098644774924 -15 2105 2 1224979098644774913 1 4 0 30 2 1224979098644774913 360287970189640699 2133 2 1224979098644774913 360287970189640683 3 0 5 0 2106 2 1224979098644774913 1 4 0 2147483678 2 1224979098644774913 360287970189640683 2133 2 1224979098644774913 360287970189640699 2106 2 1224979098644774913 1 3 0 3 0 3 0 2133 2 144115188075856418 1224979098644774913 4 0 33 3 144115188075856420 360287970189640683 360287970189640751 2121 3 1224979098644774913 144115188075856418 360287970189640683 2105 2 1224979098644774913 360287970189640683 2133 2 144115188075856420 1224979098644774913 3 0 1 2 936748722493063745 1224979098644774914 902 1 0 900 1 1513209474796486664 5 0 31 2 1224979098644774912 144115188075856899 2133 2 144115188075856419 144115188075856417 1 2 936748722493063745 1224979098644774914 902 1 0 900 1 1513209474796486664 5 0 31 2 1224979098644774912 144115188075856900 2133 2 144115188075856420 144115188075856418 1 2 936748722493063745 1224979098644774914 902 1 0 900 1 1513209474796486664 5 0 1073741855 2 1224979098644774912 144115188075856897 1073741855 2 1224979098644774912 144115188075856901 1073741855 2 1224979098644774912 144115188075856903 1073741855 2 1224979098644774912 144115188075856905 1073741855 2 1224979098644774912 144115188075856898 1073741855 2 1224979098644774912 144115188075856902 1073741855 2 1224979098644774912 144115188075856904 31 2 1224979098644774912 144115188075856906 5 0 902 1 0 2133 2 144115188075856867 0 900 1 1513209474796486664 3 0 4 0 1073741855 2 1224979098644774912 144115188075856897 1073741855 2 1224979098644774912 144115188075856901 1073741855 2 1224979098644774912 144115188075856903 31 2 1224979098644774912 144115188075856905 4 0 31 2 1224979098644774912 144115188075856897 2136 3 1224979098644774925 0 2 2133 2 1224979098644774926 0 4 0 31 2 1224979098644774925 0 2133 2 144115188075856419 144115188075856417 5 0 2136 3 1224979098644774926 0 4 4 0 31 2 1224979098644774926 0 2133 2 144115188075856419 144115188075856417 5 0 31 2 1224979098644774926 1 2133 2 1224979098644774912 144115188075856901 5 0 31 2 1224979098644774926 2 2133 2 1224979098644774912 144115188075856903 5 0 31 2 1224979098644774926 3 2133 2 1224979098644774912 144115188075856905 3 0 3 0 31 2 1224979098644774926 0 5 0 2133 2 1224979098644774927 0 6 3 1224979098644774928 360287970189640610 360287970189640682 2173 2 1224979098644774929 1224979098644774928 31 2 1224979098644774929 1224979098644774923 2171 2 1224979098644774930 1224979098644774928 31 2 1224979098644774930 4 2322 2 0 1224979098644774928 2105 2 1224979098644774927 1 2133 2 72057594037927936 1224979098644774927 4 0 31 2 1224979098644774927 2 31 2 1224979098644774912 144115188075856901 2133 2 144115188075856419 1224979098644774928 5 0 31 2 1224979098644774927 1 31 2 1224979098644774912 144115188075856903 2133 2 144115188075856419 1224979098644774928 5 0 31 2 1224979098644774927 3 31 2 1224979098644774912 144115188075856905 2133 2 144115188075856419 1224979098644774928 3 0 3 0 3 0 1 2 936748722493063745 1224979098644774914 902 1 0 900 1 1513209474796486664 5 0 1073741855 2 1224979098644774912 144115188075856898 1073741855 2 1224979098644774912 144115188075856902 1073741855 2 1224979098644774912 144115188075856904 31 2 1224979098644774912 144115188075856906 4 0 31 2 1224979098644774912 144115188075856898 2136 3 1224979098644774925 0 2 2133 2 1224979098644774926 0 4 0 31 2 1224979098644774925 0 2133 2 144115188075856420 144115188075856418 5 0 2136 3 1224979098644774926 0 4 4 0 31 2 1224979098644774926 0 2133 2 144115188075856420 144115188075856418 5 0 31 2 1224979098644774926 1 2133 2 1224979098644774912 144115188075856902 5 0 31 2 1224979098644774926 2 2133 2 1224979098644774912 144115188075856904 5 0 31 2 1224979098644774926 3 2133 2 1224979098644774912 144115188075856906 3 0 3 0 31 2 1224979098644774926 0 5 0 2133 2 1224979098644774927 0 6 3 1224979098644774928 360287970189640610 360287970189640682 2173 2 1224979098644774929 1224979098644774928 31 2 1224979098644774929 1224979098644774923 2171 2 1224979098644774930 1224979098644774928 31 2 1224979098644774930 4 2322 2 0 1224979098644774928 2105 2 1224979098644774927 1 4 0 31 2 1224979098644774927 2 31 2 1224979098644774912 144115188075856902 2133 2 144115188075856420 1224979098644774928 5 0 31 2 1224979098644774927 1 31 2 1224979098644774912 144115188075856904 2133 2 144115188075856420 1224979098644774928 5 0 31 2 1224979098644774927 3 31 2 1224979098644774912 144115188075856906 2133 2 144115188075856420 1224979098644774928 3 0 3 0 3 0 1 2 936748722493063745 1224979098644774914 902 1 0 900 1 1513209474796486664 3 0 3 0 4 0 31 2 1224979098644774912 144115188075856877 1 2 936748722493063286 1224979098644774915 902 1 0 2133 2 144115188075856867 0 900 1 1513209474796486664 5 0 31 2 1224979098644774912 144115188075856878 1 1 936748722493063285 902 1 0 4 0 4 0 31 2 144115188075856325 6 32 2 144115188075856378 0 30 2 144115188075856379 144115188075856378 415 1 1224979098644774914 402 2 1224979098644774916 1224979098644774914 1073741855 2 1224979098644774916 0 30 2 144115188075856379 999 2133 2 144115188075856499 1 5 0 2133 2 144115188075856499 0 3 0 31 2 144115188075856499 1 2370 1 144115188075856498 900 1 1513209474796486673 3 0 5 0 31 2 1224979098644774912 144115188075856879 2133 2 144115188075856494 1224979098644774913 390 3 1 35 1224979098644774913 5 0 31 2 1224979098644774912 144115188075856880 2133 2 144115188075856495 1224979098644774913 390 3 1 36 1224979098644774913 5 0 31 2 1224979098644774912 144115188075856881 2133 2 144115188075856496 1224979098644774913 390 3 1 37 1224979098644774913 5 0 31 2 1224979098644774912 144115188075856882 2133 2 144115188075856497 1224979098644774913 390 3 1 38 1224979098644774913 3 0 5 0 2133 2 144115188075856488 0 1 1 936748722493063285 902 1 0 3 0 
-64.000000  88 2071 1 1224979098644774912 2072 1 1224979098644774913 4 0 31 2 144115188075856488 0 4 0 31 2 1224979098644774913 1 4 0 31 2 144115188075856867 0 415 1 1224979098644774914 4 0 31 2 1224979098644774912 144115188075856868 2120 3 1224979098644774915 2 0 508 3 1224979098644774914 1224979098644774915 -1 902 1 0 2133 2 144115188075856867 0 900 1 1513209474796486664 5 0 31 2 1224979098644774912 144115188075856869 2120 3 1224979098644774915 2 1 508 3 1224979098644774914 1224979098644774915 -1 902 1 0 2133 2 144115188075856867 0 900 1 1513209474796486664 5 0 31 2 1224979098644774912 144115188075856870 2120 3 1224979098644774915 2 2 508 3 1224979098644774914 1224979098644774915 -1 902 1 0 2133 2 144115188075856867 0 900 1 1513209474796486664 5 0 31 2 1224979098644774912 144115188075856871 2120 3 1224979098644774915 2 3 508 3 1224979098644774914 1224979098644774915 -1 902 1 0 2133 2 144115188075856867 0 900 1 1513209474796486664 5 0 31 2 1224979098644774912 144115188075856872 2120 3 1224979098644774915 2 4 508 3 1224979098644774914 1224979098644774915 -1 902 1 0 2133 2 144115188075856867 0 900 1 1513209474796486664 5 0 31 2 1224979098644774912 144115188075856873 2120 3 1224979098644774915 2 5 508 3 1224979098644774914 1224979098644774915 -1 902 1 0 2133 2 144115188075856867 0 900 1 1513209474796486664 5 0 31 2 1224979098644774912 144115188075856874 2120 3 1224979098644774915 2 6 508 3 1224979098644774914 1224979098644774915 -1 902 1 0 2133 2 144115188075856867 0 900 1 1513209474796486664 5 0 31 2 1224979098644774912 144115188075856875 2120 3 1224979098644774915 2 7 508 3 1224979098644774914 1224979098644774915 -1 902 1 0 2133 2 144115188075856867 0 900 1 1513209474796486664 5 0 31 2 1224979098644774912 144115188075856876 31 2 144115188075856480 1 2120 3 1224979098644774915 2 8 508 3 1224979098644774914 1224979098644774915 -1 902 1 0 2133 2 144115188075856867 0 900 1 1513209474796486664 3 0 5 0 31 2 144115188075856867 10 5 0 32 2 144115188075856867 0 902 1 0 2133 2 144115188075856867 0 900 1 1513209474796486664 3 0 3 0 5 0 2133 2 144115188075856488 0 1 1 936748722493063285 902 1 0 3 0 
-61.000000  22 2071 1 1224979098644774912 4 0 31 2 144115188075856488 0 4 0 1073741895 1 1 71 1 248 4 0 2147483679 2 144115188075856884 -1 971 0 2133 2 144115188075856884 -1 3 0 32 2 1224979098644774912 200 415 1 1224979098644774913 1 2 936748722493063745 1224979098644774913 1 1 936748722493063285 902 1 0 3 0 5 0 2133 2 144115188075856488 0 1 1 936748722493063285 902 1 0 3 0 


prsnt_multiplayer_message_1 3 0 2
-60.000000  487 2124 1 1000 4 0 31 2 144115188075856477 12 2133 2 1224979098644774912 144115188075856481 4 0 31 2 1224979098644774912 -1 2133 2 1224979098644774913 4294967295 2320 2 0 216172782113785706 5 0 4 0 31 2 1224979098644774912 0 2133 2 1224979098644774913 4281589009 5 0 2133 2 1224979098644774913 4294919202 3 0 4 0 2147483678 2 144115188075856380 2 4 0 31 2 144115188075856380 1224979098644774912 2133 2 1224979098644774913 4281589009 5 0 2133 2 1224979098644774913 4294919202 3 0 3 0 458 2 1224979098644774914 1224979098644774912 2335 2 1 1224979098644774914 2320 2 0 216172782113785704 3 0 910 3 144115188075856908 0 65552 921 2 144115188075856908 1224979098644774913 4 0 2147483679 2 1224979098644774912 -1 729 2 1 375 5 0 729 2 1 400 3 0 729 2 1 500 730 2 1 400 926 2 144115188075856908 1 729 2 1 2000 730 2 1 2000 925 2 144115188075856908 1 902 1 300 5 0 31 2 144115188075856477 4 1770 2 1224979098644774912 144115188075856481 458 2 1224979098644774915 1224979098644774912 2335 2 1 1224979098644774915 4 0 31 2 1224979098644774912 0 2133 2 1224979098644774913 4281589009 5 0 2133 2 1224979098644774913 4294919202 3 0 415 1 1224979098644774916 4 0 30 2 1224979098644774916 0 406 2 1224979098644774917 1224979098644774916 4 0 30 2 1224979098644774917 0 1770 2 1224979098644774918 1224979098644774917 4 0 31 2 1224979098644774918 1224979098644774912 2133 2 1224979098644774913 4281589009 600 1 1152921504606847152 5 0 2133 2 1224979098644774913 4294919202 600 1 1152921504606847153 3 0 3 0 3 0 2320 2 0 216172782113785687 910 3 144115188075856908 0 65552 921 2 144115188075856908 1224979098644774913 729 2 1 350 729 2 1 500 730 2 1 400 926 2 144115188075856908 1 729 2 1 2000 730 2 1 2000 925 2 144115188075856908 1 902 1 400 5 0 31 2 144115188075856477 5 4 0 30 2 144115188075856481 0 1770 2 1224979098644774919 144115188075856481 458 2 1224979098644774920 1224979098644774919 2335 2 1 1224979098644774920 2320 2 0 216172782113785685 5 0 2105 2 144115188075856481 1 2107 2 144115188075856481 -1 2133 2 1224979098644774919 144115188075856481 458 2 1224979098644774920 1224979098644774919 2335 2 1 1224979098644774920 2320 2 0 216172782113785686 3 0 415 1 1224979098644774916 4 0 30 2 1224979098644774916 0 406 2 1224979098644774917 1224979098644774916 4 0 30 2 1224979098644774917 0 600 1 1152921504606847151 3 0 3 0 2133 2 1224979098644774913 4294967295 910 3 144115188075856908 0 65552 921 2 144115188075856908 1224979098644774913 729 2 1 325 730 2 1 400 729 2 1 500 926 2 144115188075856908 1 729 2 1 2000 730 2 1 2000 925 2 144115188075856908 1 902 1 400 5 0 31 2 144115188075856477 6 1770 2 1224979098644774921 144115188075856481 458 2 1224979098644774922 1224979098644774921 2335 2 1 1224979098644774922 2133 2 1224979098644774913 4294967295 415 1 1224979098644774916 4 0 30 2 1224979098644774916 0 406 2 1224979098644774917 1224979098644774916 4 0 30 2 1224979098644774917 0 1770 2 1224979098644774918 1224979098644774917 4 0 31 2 1224979098644774918 1224979098644774921 600 1 1152921504606847150 5 0 600 1 1152921504606847149 3 0 3 0 3 0 2320 2 0 216172782113785688 910 3 144115188075856908 0 65552 921 2 144115188075856908 1224979098644774913 729 2 1 365 729 2 1 500 730 2 1 400 926 2 144115188075856908 1 729 2 1 2000 730 2 1 2000 925 2 144115188075856908 1 902 1 400 5 0 31 2 144115188075856477 9 2123 3 1224979098644774912 144115188075856481 100 2119 3 72057594037927936 144115188075856481 100 2106 2 1224979098644774912 1 4 0 31 2 1224979098644774912 0 2133 2 1224979098644774913 4281589009 5 0 2133 2 1224979098644774913 4294919202 3 0 415 1 1224979098644774916 4 0 30 2 1224979098644774916 0 406 2 1224979098644774917 1224979098644774916 4 0 30 2 1224979098644774917 0 1770 2 1224979098644774918 1224979098644774917 4 0 31 2 1224979098644774918 1224979098644774912 2133 2 1224979098644774913 4281589009 600 1 1152921504606847152 5 0 2133 2 1224979098644774913 4294919202 600 1 1152921504606847153 3 0 3 0 3 0 458 2 1224979098644774915 1224979098644774912 2335 2 1 1224979098644774915 2320 2 0 216172782113785690 910 3 144115188075856908 0 65552 921 2 144115188075856908 1224979098644774913 729 2 1 345 729 2 1 500 730 2 1 400 926 2 144115188075856908 1 729 2 1 2000 730 2 1 2000 925 2 144115188075856908 1 902 1 400 5 0 31 2 144115188075856477 10 2123 3 1224979098644774912 144115188075856481 100 2119 3 72057594037927936 144115188075856481 100 2106 2 1224979098644774912 1 415 1 1224979098644774916 4 0 30 2 1224979098644774916 0 406 2 1224979098644774917 1224979098644774916 4 0 30 2 1224979098644774917 0 1770 2 1224979098644774918 1224979098644774917 4 0 31 2 1224979098644774918 1224979098644774912 600 1 1152921504606847150 5 0 600 1 1152921504606847149 3 0 3 0 3 0 2133 2 1224979098644774913 4294967295 458 2 1224979098644774915 1224979098644774912 2335 2 1 1224979098644774915 2320 2 0 216172782113785691 910 3 144115188075856908 0 65552 921 2 144115188075856908 1224979098644774913 729 2 1 345 729 2 1 500 730 2 1 400 926 2 144115188075856908 1 729 2 1 2000 730 2 1 2000 925 2 144115188075856908 1 902 1 400 5 0 31 2 144115188075856477 8 2123 3 1224979098644774912 144115188075856481 100 2119 3 72057594037927936 144115188075856481 100 2106 2 1224979098644774912 1 415 1 1224979098644774916 4 0 30 2 1224979098644774916 0 406 2 1224979098644774917 1224979098644774916 4 0 30 2 1224979098644774917 0 600 1 1152921504606847151 3 0 3 0 4 0 31 2 1224979098644774912 0 2133 2 1224979098644774913 4281589009 5 0 2133 2 1224979098644774913 4294919202 3 0 415 1 1224979098644774916 4 0 30 2 1224979098644774916 0 406 2 1224979098644774917 1224979098644774916 4 0 30 2 1224979098644774917 0 1770 2 1224979098644774918 1224979098644774917 4 0 31 2 1224979098644774918 1224979098644774912 2133 2 1224979098644774913 4281589009 5 0 2133 2 1224979098644774913 4294919202 3 0 3 0 3 0 458 2 1224979098644774915 1224979098644774912 2335 2 1 1224979098644774915 2320 2 0 216172782113785689 910 3 144115188075856908 0 65552 921 2 144115188075856908 1224979098644774913 729 2 1 345 729 2 1 500 730 2 1 400 926 2 144115188075856908 1 729 2 1 2000 730 2 1 2000 925 2 144115188075856908 1 902 1 400 5 0 31 2 144115188075856477 13 2133 2 1224979098644774912 144115188075856481 4 0 31 2 1224979098644774912 0 2133 2 1224979098644774913 4281589009 5 0 2133 2 1224979098644774913 4294919202 3 0 415 1 1224979098644774916 4 0 30 2 1224979098644774916 0 406 2 1224979098644774917 1224979098644774916 4 0 30 2 1224979098644774917 0 1770 2 1224979098644774918 1224979098644774917 4 0 31 2 1224979098644774918 1224979098644774912 2133 2 1224979098644774913 4281589009 5 0 2133 2 1224979098644774913 4294919202 3 0 3 0 3 0 4 0 31 2 144115188075856481 0 2320 2 0 216172782113785699 5 0 31 2 144115188075856481 1 2320 2 0 216172782113785700 5 0 2320 2 0 216172782113785705 2133 2 1224979098644774913 4294967295 3 0 910 3 144115188075856908 0 65552 921 2 144115188075856908 1224979098644774913 4 0 2147483679 2 144115188075856481 -1 729 2 1 325 5 0 729 2 1 400 3 0 729 2 1 500 730 2 1 400 926 2 144115188075856908 1 729 2 1 2000 730 2 1 2000 925 2 144115188075856908 1 902 1 400 5 0 31 2 144115188075856477 14 2133 2 1224979098644774913 4294967295 2320 2 0 216172782113785705 910 3 144115188075856908 0 65552 921 2 144115188075856908 1224979098644774913 729 2 1 375 729 2 1 500 730 2 1 400 926 2 144115188075856908 1 729 2 1 2000 730 2 1 2000 925 2 144115188075856908 1 902 1 400 5 0 31 2 144115188075856477 18 2133 2 1224979098644774913 4294967295 2320 2 0 216172782113785707 910 3 144115188075856908 0 65552 921 2 144115188075856908 1224979098644774913 729 2 1 350 729 2 1 500 730 2 1 400 926 2 144115188075856908 1 729 2 1 2000 730 2 1 2000 925 2 144115188075856908 1 902 1 400 5 0 31 2 144115188075856477 15 4 0 2147483678 2 144115188075856481 0 2107 2 144115188075856481 -1 2133 2 1224979098644774923 0 458 2 1224979098644774914 1 2335 2 1 1224979098644774914 5 0 2133 2 1224979098644774923 1 458 2 1224979098644774914 0 2335 2 1 1224979098644774914 3 0 4 0 31 2 144115188075856481 1 2133 2 1224979098644774913 4281589009 5 0 2133 2 1224979098644774913 4294919202 3 0 415 1 1224979098644774916 4 0 30 2 1224979098644774916 0 4 0 415 1 1224979098644774916 402 2 1224979098644774924 1224979098644774916 2147483679 2 1224979098644774923 1224979098644774924 2133 2 1224979098644774913 4281589009 5 0 2133 2 1224979098644774913 4294919202 3 0 3 0 4 0 31 2 144115188075856481 9 2320 2 0 216172782113785696 5 0 31 2 144115188075856481 1 2320 2 0 216172782113785694 5 0 31 2 144115188075856481 2 2320 2 0 216172782113785695 3 0 910 3 144115188075856908 0 65552 921 2 144115188075856908 1224979098644774913 729 2 1 350 729 2 1 500 730 2 1 400 926 2 144115188075856908 1 729 2 1 2000 730 2 1 2000 925 2 144115188075856908 1 902 1 400 5 0 31 2 144115188075856477 16 4 0 31 2 144115188075856410 0 2133 2 1224979098644774913 4281589009 5 0 2133 2 1224979098644774913 4294919202 3 0 415 1 1224979098644774916 4 0 30 2 1224979098644774916 0 406 2 1224979098644774917 1224979098644774916 4 0 30 2 1224979098644774917 0 1770 2 1224979098644774918 1224979098644774917 4 0 31 2 1224979098644774918 144115188075856410 2133 2 1224979098644774913 4281589009 5 0 2133 2 1224979098644774913 4294919202 3 0 3 0 3 0 2133 2 1224979098644774925 144115188075856481 458 2 1224979098644774914 144115188075856410 2335 2 1 1224979098644774914 4 0 31 2 1224979098644774925 1 2320 2 0 216172782113785697 5 0 31 2 1224979098644774925 2 2320 2 0 216172782113785698 3 0 910 3 144115188075856908 0 65552 921 2 144115188075856908 1224979098644774913 729 2 1 350 729 2 1 500 730 2 1 400 926 2 144115188075856908 1 729 2 1 2000 730 2 1 2000 925 2 144115188075856908 1 902 1 400 5 0 31 2 144115188075856477 17 2133 2 1224979098644774912 144115188075856481 4 0 31 2 1224979098644774912 0 2133 2 1224979098644774913 4281589009 5 0 2133 2 1224979098644774913 4294919202 3 0 415 1 1224979098644774916 4 0 30 2 1224979098644774916 0 406 2 1224979098644774917 1224979098644774916 4 0 30 2 1224979098644774917 0 1770 2 1224979098644774918 1224979098644774917 4 0 31 2 1224979098644774918 1224979098644774912 2133 2 1224979098644774913 4281589009 5 0 2133 2 1224979098644774913 4294919202 3 0 3 0 3 0 4 0 31 2 144115188075856410 0 458 2 1224979098644774914 1 5 0 458 2 1224979098644774914 0 3 0 2335 2 1 1224979098644774914 2320 2 0 216172782113785704 910 3 144115188075856908 0 65552 921 2 144115188075856908 1224979098644774913 729 2 1 350 729 2 1 500 730 2 1 400 926 2 144115188075856908 1 729 2 1 2000 730 2 1 2000 925 2 144115188075856908 1 902 1 400 3 0 
-61.000000  0 


prsnt_multiplayer_message_2 3 0 2
-60.000000  38 2124 1 1000 4 0 31 2 144115188075856477 2 2133 2 1224979098644774912 4294967295 2320 2 0 216172782113785703 910 3 144115188075856909 0 65552 921 2 144115188075856909 1224979098644774912 729 2 1 375 729 2 1 500 730 2 1 550 926 2 144115188075856909 1 729 2 1 2000 730 2 1 2000 925 2 144115188075856909 1 902 1 300 5 0 31 2 144115188075856477 3 2133 2 1224979098644774912 4294967295 4 0 2147483679 2 144115188075856325 2 2147483679 2 144115188075856325 3 2147483679 2 144115188075856325 6 2320 2 0 216172782113785701 729 2 1 375 5 0 2320 2 0 216172782113785702 729 2 1 375 3 0 910 3 144115188075856909 0 65552 921 2 144115188075856909 1224979098644774912 730 2 1 550 729 2 1 500 926 2 144115188075856909 1 729 2 1 2000 730 2 1 2000 925 2 144115188075856909 1 902 1 300 3 0 
-61.000000  0 


prsnt_multiplayer_message_3 3 0 2
-60.000000  21 2124 1 1000 4 0 31 2 144115188075856477 7 2133 2 1224979098644774912 4294967295 4 0 31 2 144115188075856482 1 2320 2 0 216172782113785617 5 0 2320 2 0 216172782113785618 3 0 910 3 144115188075856910 0 65552 921 2 144115188075856910 1224979098644774912 729 2 1 380 729 2 1 500 730 2 1 475 926 2 144115188075856910 1 729 2 1 2000 730 2 1 2000 925 2 144115188075856910 1 902 1 400 3 0 
-61.000000  0 


prsnt_multiplayer_round_time_counter 3 0 2
-60.000000  12 2124 1 1000 2133 2 144115188075856911 -1 2319 1 0 910 3 144115188075856912 0 98308 921 2 144115188075856912 16777215 729 2 1 900 730 2 1 690 926 2 144115188075856912 1 729 2 1 2000 730 2 1 2000 925 2 144115188075856912 1 902 1 999999 
-61.000000  15 2370 1 1224979098644774912 2121 3 1224979098644774913 1224979098644774912 144115188075856361 2121 3 1224979098644774914 144115188075856383 1224979098644774913 2111 2 1224979098644774914 0 4 0 2147483679 2 144115188075856911 1224979098644774914 2133 2 144115188075856911 1224979098644774914 2123 3 72057594037927936 1224979098644774914 60 2123 3 72057594037927937 1224979098644774914 10 2109 2 72057594037927937 6 2133 2 72057594037927938 1224979098644774914 2109 2 72057594037927938 10 2320 2 0 216172782113785674 920 2 144115188075856912 0 3 0 


prsnt_multiplayer_team_score_display 3 0 2
-60.000000  74 2124 1 1000 2133 2 144115188075856913 -1 2133 2 144115188075856914 -1 2319 1 0 910 3 144115188075856915 0 98308 921 2 144115188075856915 16777215 729 2 1 40 730 2 1 700 926 2 144115188075856915 1 729 2 1 1500 730 2 1 1500 925 2 144115188075856915 1 910 3 144115188075856916 0 98308 921 2 144115188075856916 16777215 729 2 1 40 730 2 1 645 926 2 144115188075856916 1 729 2 1 1500 730 2 1 1500 925 2 144115188075856916 1 4 0 31 2 144115188075856450 432345564227567634 911 2 72057594037927936 1441151880758559222 5 0 31 2 144115188075856450 432345564227567632 911 2 72057594037927936 1441151880758559223 5 0 31 2 144115188075856450 432345564227567633 911 2 72057594037927936 1441151880758559224 5 0 31 2 144115188075856450 432345564227567635 911 2 72057594037927936 1441151880758559225 5 0 31 2 144115188075856450 432345564227567636 911 2 72057594037927936 1441151880758559226 5 0 31 2 144115188075856450 432345564227567631 911 2 72057594037927936 1441151880758559227 3 0 729 2 3 25 730 2 3 715 926 2 72057594037927936 3 729 2 1 50 730 2 1 50 925 2 72057594037927936 1 4 0 31 2 144115188075856450 144115188075856451 911 2 72057594037927936 1441151880758559257 5 0 31 2 144115188075856451 432345564227567634 911 2 72057594037927936 1441151880758559222 5 0 31 2 144115188075856451 432345564227567632 911 2 72057594037927936 1441151880758559223 5 0 31 2 144115188075856451 432345564227567633 911 2 72057594037927936 1441151880758559224 5 0 31 2 144115188075856451 432345564227567635 911 2 72057594037927936 1441151880758559225 5 0 31 2 144115188075856451 432345564227567636 911 2 72057594037927936 1441151880758559226 5 0 31 2 144115188075856451 432345564227567631 911 2 72057594037927936 1441151880758559227 3 0 729 2 3 25 730 2 3 660 926 2 72057594037927936 3 729 2 1 50 730 2 1 50 925 2 72057594037927936 1 902 1 999999 
-61.000000  14 455 2 1224979098644774912 0 455 2 1224979098644774913 1 4 0 3221225503 2 1224979098644774912 144115188075856913 2147483679 2 1224979098644774913 144115188075856914 2133 2 144115188075856913 1224979098644774912 2133 2 144115188075856914 1224979098644774913 2335 2 0 144115188075856450 2133 2 72057594037927936 1224979098644774912 920 2 144115188075856915 216172782113785671 2335 2 0 144115188075856451 2133 2 72057594037927936 1224979098644774913 920 2 144115188075856916 216172782113785671 3 0 


prsnt_multiplayer_flag_projection_display 3 0 2
-60.000000  32 2124 1 1000 2121 3 1224979098644774912 144115188075856450 432345564227567631 2105 2 1224979098644774912 1441151880758558816 911 2 144115188075856917 1224979098644774912 2106 2 1224979098644774912 1441151880758558816 2105 2 1224979098644774912 1441151880758558823 911 2 144115188075856918 1224979098644774912 4 0 2147483679 2 144115188075856450 144115188075856451 2121 3 1224979098644774912 144115188075856451 432345564227567631 2105 2 1224979098644774912 1441151880758558816 911 2 144115188075856919 1224979098644774912 2106 2 1224979098644774912 1441151880758558816 2105 2 1224979098644774912 1441151880758558823 911 2 144115188075856920 1224979098644774912 5 0 2133 2 1224979098644774912 1441151880758559258 911 2 144115188075856919 1224979098644774912 2133 2 1224979098644774912 1441151880758559259 911 2 144115188075856920 1224979098644774912 3 0 729 2 1 250 730 2 1 250 925 2 144115188075856917 1 925 2 144115188075856918 1 925 2 144115188075856919 1 925 2 144115188075856920 1 947 2 144115188075856917 0 947 2 144115188075856918 0 947 2 144115188075856919 0 947 2 144115188075856920 0 902 1 999999 
-61.000000  112 2124 1 1000 1811 3 1224979098644774912 144115188075856366 0 529 3 1224979098644774913 0 0 4 0 2147483679 2 1224979098644774913 1 1850 2 1 1224979098644774912 5 0 1780 2 1 64 3 0 722 3 1 200 1 1811 3 1224979098644774914 144115188075856367 0 529 3 1224979098644774915 1 0 4 0 2147483679 2 1224979098644774915 1 1850 2 2 1224979098644774914 5 0 1780 2 2 65 3 0 722 3 2 200 1 750 2 3 1 726 2 1224979098644774916 3 727 2 1224979098644774917 3 730 2 3 1224979098644774917 4 0 33 3 1224979098644774916 -100 1100 33 3 1224979098644774917 -100 850 415 1 1224979098644774918 4 0 30 2 1224979098644774918 0 402 2 1224979098644774919 1224979098644774918 5 0 2133 2 1224979098644774919 2 3 0 4 0 2147483679 2 1224979098644774919 1 4 0 2147483679 2 1224979098644774913 1 926 2 144115188075856917 3 947 2 144115188075856917 1 947 2 144115188075856918 0 5 0 4 0 31 2 1224979098644774919 0 2133 2 1224979098644774920 64 5 0 2133 2 1224979098644774920 65 3 0 1780 2 5 1224979098644774920 750 2 3 5 926 2 144115188075856918 3 947 2 144115188075856918 1 947 2 144115188075856917 0 3 0 5 0 4 0 2147483679 2 1224979098644774913 1 926 2 144115188075856917 3 947 2 144115188075856917 1 947 2 144115188075856918 0 3 0 3 0 5 0 947 2 144115188075856917 0 947 2 144115188075856918 0 3 0 750 2 3 2 726 2 1224979098644774916 3 727 2 1224979098644774917 3 730 2 3 1224979098644774917 4 0 33 3 1224979098644774916 -100 1100 33 3 1224979098644774917 -100 850 529 3 1224979098644774915 1 0 415 1 1224979098644774918 4 0 30 2 1224979098644774918 0 402 2 1224979098644774919 1224979098644774918 5 0 2133 2 1224979098644774919 2 3 0 4 0 2147483679 2 1224979098644774919 0 4 0 2147483679 2 1224979098644774915 1 926 2 144115188075856919 3 947 2 144115188075856919 1 947 2 144115188075856920 0 5 0 4 0 31 2 1224979098644774919 0 2133 2 1224979098644774920 64 5 0 2133 2 1224979098644774920 65 3 0 1780 2 5 1224979098644774920 750 2 3 5 926 2 144115188075856920 3 947 2 144115188075856920 1 947 2 144115188075856919 0 3 0 5 0 4 0 2147483679 2 1224979098644774915 1 926 2 144115188075856919 3 947 2 144115188075856919 1 947 2 144115188075856920 0 3 0 3 0 5 0 947 2 144115188075856919 0 947 2 144115188075856920 0 3 0 


prsnt_multiplayer_flag_projection_display_bt 3 0 2
-60.000000  19 2124 1 1000 2121 3 1224979098644774912 144115188075856450 432345564227567631 2105 2 1224979098644774912 1441151880758558816 911 2 144115188075856917 1224979098644774912 4 0 2147483679 2 144115188075856450 144115188075856451 2121 3 1224979098644774912 144115188075856451 432345564227567631 2105 2 1224979098644774912 1441151880758558816 5 0 2133 2 1224979098644774912 1441151880758559258 3 0 911 2 144115188075856919 1224979098644774912 729 2 1 250 730 2 1 250 925 2 144115188075856917 1 925 2 144115188075856919 1 947 2 144115188075856917 0 947 2 144115188075856919 0 902 1 999999 
-61.000000  36 4 0 31 2 144115188075856203 0 2124 1 1000 1811 3 1224979098644774912 144115188075856366 0 1850 2 1 1224979098644774912 722 3 1 250 1 1811 3 1224979098644774913 144115188075856367 0 1850 2 2 1224979098644774913 722 3 2 250 1 750 2 3 1 726 2 1224979098644774914 3 727 2 1224979098644774915 3 730 2 3 1224979098644774915 4 0 33 3 1224979098644774914 -100 1100 33 3 1224979098644774915 -100 850 926 2 144115188075856917 3 947 2 144115188075856917 1 5 0 947 2 144115188075856917 0 3 0 750 2 3 2 726 2 1224979098644774914 3 727 2 1224979098644774915 3 730 2 3 1224979098644774915 4 0 33 3 1224979098644774914 -100 1100 33 3 1224979098644774915 -100 850 926 2 144115188075856919 3 947 2 144115188075856919 1 5 0 947 2 144115188075856919 0 3 0 5 0 902 1 0 3 0 


prsnt_multiplayer_destructible_targets_display 3 0 2
-60.000000  17 2124 1 1000 4 0 31 2 144115188075856410 0 2121 3 1224979098644774912 144115188075856450 432345564227567631 5 0 2121 3 1224979098644774912 144115188075856451 432345564227567631 3 0 2105 2 1224979098644774912 1441151880758558816 911 2 144115188075856917 1224979098644774912 911 2 144115188075856918 1224979098644774912 729 2 1 250 730 2 1 250 925 2 144115188075856917 1 925 2 144115188075856918 1 947 2 144115188075856917 0 947 2 144115188075856918 0 902 1 999999 
-61.000000  46 4 0 31 2 144115188075856203 0 2124 1 1000 1811 3 1224979098644774912 144115188075856205 0 1850 2 1 1224979098644774912 1850 2 1 1224979098644774912 722 3 1 250 1 1811 3 1224979098644774913 144115188075856409 0 1850 2 2 1224979098644774913 1850 2 2 1224979098644774913 722 3 2 250 1 750 2 3 1 726 2 1224979098644774914 3 727 2 1224979098644774915 3 730 2 3 1224979098644774915 4 0 33 3 1224979098644774914 -100 1100 33 3 1224979098644774915 -100 850 1851 2 0 1224979098644774912 1850 2 1 1224979098644774912 713 3 1224979098644774916 0 1 2147483680 2 1224979098644774916 2 926 2 144115188075856917 3 947 2 144115188075856917 1 5 0 947 2 144115188075856917 0 3 0 750 2 3 2 726 2 1224979098644774914 3 727 2 1224979098644774915 3 730 2 3 1224979098644774915 4 0 33 3 1224979098644774914 -100 1100 33 3 1224979098644774915 -100 850 1851 2 0 1224979098644774913 1850 2 1 1224979098644774913 713 3 1224979098644774916 0 1 2147483680 2 1224979098644774916 2 926 2 144115188075856918 3 947 2 144115188075856918 1 5 0 947 2 144115188075856918 0 3 0 5 0 902 1 0 3 0 


prsnt_multiplayer_respawn_time_counter 3 0 2
-60.000000  31 2124 1 1000 2133 2 144115188075856921 -1 2133 2 144115188075856922 -1 2133 2 1224979098644774912 0 4 0 31 2 144115188075856477 13 1073741855 2 144115188075856203 1 31 2 144115188075856381 1 2133 2 1224979098644774912 1 3 0 31 2 1224979098644774912 0 2133 2 144115188075856923 -1 2319 1 0 910 3 144115188075856921 0 65552 921 2 144115188075856921 16777215 729 2 1 500 730 2 1 600 926 2 144115188075856921 1 729 2 1 2000 730 2 1 2000 925 2 144115188075856921 1 2319 1 0 910 3 144115188075856922 0 65552 921 2 144115188075856922 16777215 729 2 1 500 730 2 1 570 926 2 144115188075856922 1 729 2 1 1400 730 2 1 1400 925 2 144115188075856922 1 902 1 999999 
-61.000000  68 30 2 144115188075856921 0 415 1 1224979098644774912 4 0 30 2 1224979098644774912 0 402 2 1224979098644774913 1224979098644774912 4 0 31 2 1224979098644774913 2 902 1 0 5 0 2370 1 1224979098644774914 2121 3 1224979098644774915 1224979098644774914 144115188075856498 4 0 31 2 144115188075856499 0 2133 2 1224979098644774916 144115188075856343 4 0 31 2 144115188075856325 6 402 2 1224979098644774913 1224979098644774912 31 2 1224979098644774913 0 2105 2 1224979098644774916 27 3 0 5 0 2133 2 1224979098644774916 6 3 0 2121 3 1224979098644774917 1224979098644774916 1224979098644774915 4 0 2147483680 2 1224979098644774917 0 902 1 0 5 0 2147483679 2 144115188075856923 1224979098644774917 2133 2 144115188075856923 1224979098644774917 4 0 31 2 144115188075856499 0 2133 2 72057594037927936 1224979098644774917 2320 2 0 216172782113785676 4 0 32 2 144115188075856378 0 2121 3 72057594037927936 144115188075856378 144115188075856379 415 1 1224979098644774912 402 2 1224979098644774918 1224979098644774912 31 2 1224979098644774918 0 4 0 32 2 72057594037927936 1 2320 2 1 216172782113785678 5 0 2320 2 1 216172782113785679 3 0 5 0 2319 1 1 3 0 5 0 31 2 144115188075856499 1 2320 2 0 216172782113785677 2319 1 1 2320 2 1 216172782113785680 3 0 920 2 144115188075856921 0 920 2 144115188075856922 1 3 0 3 0 5 0 902 1 0 3 0 4 0 31 2 144115188075856477 13 1073741855 2 144115188075856203 1 31 2 144115188075856381 1 902 1 0 3 0 


prsnt_multiplayer_stats_chart 3 0 2
-60.000000  561 2124 1 1000 911 2 72057594037927936 1441151880758558771 729 2 1 100 730 2 1 100 926 2 72057594037927936 1 729 2 1 1000 730 2 1 1000 925 2 72057594037927936 1 2133 2 1224979098644774912 0 2133 2 1224979098644774913 0 2133 2 1224979098644774914 0 400 1 1224979098644774915 6 3 1224979098644774916 0 1224979098644774915 2120 3 1224979098644774917 1224979098644774916 211 4 0 401 1 1224979098644774916 500 3 360287970189640518 1224979098644774917 1 402 2 1224979098644774918 1224979098644774916 4 0 31 2 1224979098644774918 0 2105 2 1224979098644774912 1 5 0 31 2 1224979098644774918 1 2105 2 1224979098644774913 1 5 0 31 2 1224979098644774918 2 2105 2 1224979098644774914 1 3 0 5 0 500 3 360287970189640518 1224979098644774917 0 3 0 3 0 4 0 32 2 144115188075856354 0 2105 2 1224979098644774912 1 3 0 4 0 32 2 144115188075856356 0 2105 2 1224979098644774913 1 3 0 2133 2 1224979098644774919 1224979098644774912 2111 2 1224979098644774919 1224979098644774913 2105 2 1224979098644774919 1224979098644774914 2319 1 0 910 3 144115188075856924 0 131072 729 2 1 100 730 2 1 120 926 2 144115188075856924 1 729 2 1 746 730 2 1 530 929 2 144115188075856924 1 945 1 144115188075856924 2122 3 1224979098644774920 1224979098644774919 20 2105 2 1224979098644774920 100 4 0 32 2 1224979098644774914 0 2105 2 1224979098644774920 70 3 0 415 1 1224979098644774921 4 0 32 2 1224979098644774920 490 2133 2 144115188075856925 8 5 0 2133 2 144115188075856925 1 3 0 4 0 31 2 144115188075856325 5 1 1 936748722493063251 2133 2 1224979098644774922 72057594037927936 2133 2 1224979098644774923 72057594037927937 3 0 6 3 1224979098644774924 0 2 2133 2 1224979098644774925 0 400 1 1224979098644774915 6 3 1224979098644774916 0 1224979098644774915 401 1 1224979098644774916 402 2 1224979098644774926 1224979098644774916 31 2 1224979098644774926 1224979098644774924 2105 2 1224979098644774925 1 3 0 2133 2 72057594037927936 1224979098644774925 4 0 2147483679 2 1224979098644774925 1 910 3 72057594037927937 216172782113785721 0 5 0 910 3 72057594037927937 216172782113785722 0 3 0 2133 2 1224979098644774927 1224979098644774920 458 2 1224979098644774928 1224979098644774924 2335 2 1 1224979098644774928 910 3 72057594037927936 1 0 4 0 31 2 1224979098644774924 0 921 2 72057594037927936 16711680 921 2 72057594037927937 16711680 5 0 921 2 72057594037927936 39423 921 2 72057594037927937 39423 3 0 2133 2 1224979098644774929 373 2122 3 1224979098644774930 1224979098644774929 1224979098644774924 2105 2 1224979098644774930 42 2120 3 1224979098644774931 1224979098644774930 15 729 2 3 1224979098644774931 730 2 3 1224979098644774927 2120 3 1224979098644774932 1224979098644774930 35 729 2 1 1224979098644774932 730 2 1 1224979098644774927 700 2 2 1 2121 3 1224979098644774933 1224979098644774927 10 729 2 2 1224979098644774932 730 2 2 1224979098644774933 926 2 72057594037927936 1 926 2 72057594037927937 2 729 2 1 1000 730 2 1 1000 729 2 2 600 730 2 2 600 925 2 72057594037927936 1 925 2 72057594037927937 2 458 2 1224979098644774934 0 458 2 1224979098644774935 1 4 0 31 2 1224979098644774934 1224979098644774935 31 2 1224979098644774924 1 911 2 72057594037927936 1441151880758559257 5 0 31 2 1224979098644774928 432345564227567634 911 2 72057594037927936 1441151880758559222 5 0 31 2 1224979098644774928 432345564227567632 911 2 72057594037927936 1441151880758559223 5 0 31 2 1224979098644774928 432345564227567633 911 2 72057594037927936 1441151880758559224 5 0 31 2 1224979098644774928 432345564227567635 911 2 72057594037927936 1441151880758559225 5 0 31 2 1224979098644774928 432345564227567636 911 2 72057594037927936 1441151880758559226 5 0 31 2 1224979098644774928 432345564227567631 911 2 72057594037927936 1441151880758559227 3 0 729 2 1 100 730 2 1 100 926 2 72057594037927936 3 729 2 1 50 730 2 1 50 925 2 72057594037927936 1 455 2 72057594037927936 1224979098644774924 910 3 72057594037927936 216172782113785719 8 921 2 72057594037927936 16777215 2120 3 1224979098644774936 1224979098644774930 325 2120 3 1224979098644774937 1224979098644774927 0 729 2 1 1224979098644774936 730 2 1 1224979098644774937 926 2 72057594037927936 1 729 2 1 1200 730 2 1 1200 925 2 72057594037927936 1 4 0 31 2 144115188075856325 5 4 0 31 2 1224979098644774924 0 2133 2 72057594037927936 1224979098644774922 5 0 31 2 1224979098644774924 1 2133 2 72057594037927936 1224979098644774923 3 0 910 3 72057594037927936 216172782113785720 0 921 2 72057594037927936 16777215 2120 3 1224979098644774936 1224979098644774930 258 2120 3 1224979098644774937 1224979098644774927 -10 729 2 1 1224979098644774936 730 2 1 1224979098644774937 926 2 72057594037927936 1 729 2 1 600 730 2 1 600 925 2 72057594037927936 1 3 0 2106 2 1224979098644774927 60 910 3 72057594037927936 216172782113785710 0 921 2 72057594037927936 16777215 729 2 1 1224979098644774930 730 2 1 1224979098644774927 926 2 72057594037927936 1 729 2 1 750 730 2 1 750 925 2 72057594037927936 1 4 0 1073741855 2 144115188075856325 4 31 2 144115188075856325 5 910 3 72057594037927936 216172782113785718 0 921 2 72057594037927936 16777215 2120 3 1224979098644774936 1224979098644774930 138 729 2 1 1224979098644774936 730 2 1 1224979098644774927 926 2 72057594037927936 1 729 2 1 750 730 2 1 750 925 2 72057594037927936 1 3 0 910 3 72057594037927936 216172782113785711 16 921 2 72057594037927936 16777215 2120 3 1224979098644774936 1224979098644774930 206 729 2 1 1224979098644774936 730 2 1 1224979098644774927 926 2 72057594037927936 1 729 2 1 750 730 2 1 750 925 2 72057594037927936 1 910 3 72057594037927936 216172782113785712 16 921 2 72057594037927936 16777215 2120 3 1224979098644774936 1224979098644774930 260 729 2 1 1224979098644774936 730 2 1 1224979098644774927 926 2 72057594037927936 1 729 2 1 750 730 2 1 750 925 2 72057594037927936 1 910 3 72057594037927936 216172782113785713 16 921 2 72057594037927936 16777215 2120 3 1224979098644774936 1224979098644774930 308 729 2 1 1224979098644774936 730 2 1 1224979098644774927 926 2 72057594037927936 1 729 2 1 750 730 2 1 750 925 2 72057594037927936 1 911 2 72057594037927936 1441151880758558776 921 2 72057594037927936 16777215 922 2 72057594037927936 208 2120 3 1224979098644774936 1224979098644774930 0 729 2 1 1224979098644774936 2120 3 1224979098644774937 1224979098644774927 -10 730 2 1 1224979098644774937 926 2 72057594037927936 1 729 2 1 16500 730 2 1 50 925 2 72057594037927936 1 2106 2 1224979098644774927 35 2120 3 1224979098644774938 1224979098644774915 1 6 3 1224979098644774939 0 1224979098644774938 2133 2 1224979098644774940 -30030 2133 2 1224979098644774941 -1 6 3 1224979098644774916 0 1224979098644774915 2120 3 1224979098644774917 1224979098644774916 211 540 3 360287970189640518 1224979098644774917 1 402 2 1224979098644774918 1224979098644774916 31 2 1224979098644774918 1224979098644774924 4 0 1073741855 2 144115188075856325 4 31 2 144115188075856325 5 431 2 1224979098644774942 1224979098644774916 5 0 433 2 1224979098644774942 1224979098644774916 3 0 435 2 1224979098644774943 1224979098644774916 2122 3 1224979098644774944 1224979098644774942 1000 2106 2 1224979098644774944 1224979098644774943 1073741856 2 1224979098644774944 1224979098644774940 31 2 1224979098644774944 -30030 2133 2 1224979098644774940 1224979098644774944 2133 2 1224979098644774941 1224979098644774916 3 0 4 0 30 2 1224979098644774941 0 2120 3 1224979098644774917 1224979098644774941 211 500 3 360287970189640518 1224979098644774917 0 4 0 31 2 1224979098644774921 1224979098644774941 911 2 72057594037927936 1441151880758558776 921 2 72057594037927936 16777215 922 2 72057594037927936 53 2120 3 1224979098644774936 1224979098644774930 0 729 2 1 1224979098644774936 2120 3 1224979098644774937 1224979098644774927 0 730 2 1 1224979098644774937 926 2 72057594037927936 1 729 2 1 16500 730 2 1 1000 925 2 72057594037927936 1 3 0 4 0 1073741855 2 144115188075856325 4 31 2 144115188075856325 5 2133 2 1224979098644774945 16777215 406 2 1224979098644774946 1224979098644774941 4 0 3221225502 2 1224979098644774946 0 2147485350 1 1224979098644774946 2133 2 1224979098644774945 16711680 3 0 431 2 72057594037927936 1224979098644774941 910 3 72057594037927936 216172782113785671 8 921 2 72057594037927936 1224979098644774945 729 2 1 750 730 2 1 750 925 2 72057594037927936 1 2120 3 1224979098644774936 1224979098644774930 165 729 2 1 1224979098644774936 730 2 1 1224979098644774927 926 2 72057594037927936 1 5 0 2133 2 1224979098644774945 16777215 406 2 1224979098644774946 1224979098644774941 4 0 3221225502 2 1224979098644774946 0 2147485350 1 1224979098644774946 2133 2 1224979098644774945 16711680 910 3 72057594037927936 216172782113785714 0 921 2 72057594037927936 1224979098644774945 729 2 1 750 730 2 1 750 925 2 72057594037927936 1 2120 3 1224979098644774936 1224979098644774930 130 729 2 1 1224979098644774936 730 2 1 1224979098644774927 926 2 72057594037927936 1 3 0 3 0 2350 2 1 1224979098644774941 4 0 31 2 144115188075856465 1 910 3 72057594037927936 216172782113787126 0 5 0 910 3 72057594037927936 1 0 3 0 921 2 72057594037927936 1224979098644774945 729 2 1 750 730 2 1 750 925 2 72057594037927936 1 729 2 1 1224979098644774930 730 2 1 1224979098644774927 926 2 72057594037927936 1 433 2 72057594037927936 1224979098644774941 910 3 72057594037927936 216172782113785671 8 921 2 72057594037927936 1224979098644774945 729 2 1 750 730 2 1 750 925 2 72057594037927936 1 2120 3 1224979098644774936 1224979098644774930 215 729 2 1 1224979098644774936 730 2 1 1224979098644774927 926 2 72057594037927936 1 435 2 72057594037927936 1224979098644774941 910 3 72057594037927936 216172782113785671 8 921 2 72057594037927936 1224979098644774945 729 2 1 750 730 2 1 750 925 2 72057594037927936 1 2120 3 1224979098644774936 1224979098644774930 265 729 2 1 1224979098644774936 730 2 1 1224979098644774927 926 2 72057594037927936 1 437 2 72057594037927936 1224979098644774941 910 3 72057594037927936 216172782113785671 8 921 2 72057594037927936 1224979098644774945 729 2 1 750 730 2 1 750 925 2 72057594037927936 1 2120 3 1224979098644774936 1224979098644774930 315 729 2 1 1224979098644774936 730 2 1 1224979098644774927 926 2 72057594037927936 1 2106 2 1224979098644774927 20 5 0 4 0 4 0 31 2 1224979098644774924 0 2133 2 1224979098644774947 144115188075856354 5 0 2133 2 1224979098644774947 144115188075856356 3 0 450 2 72057594037927936 1224979098644774924 452 2 72057594037927937 1224979098644774924 4 0 3221225503 2 72057594037927936 0 3221225503 2 72057594037927937 0 2147483679 2 1224979098644774947 0 2133 2 1224979098644774948 1 5 0 2133 2 1224979098644774948 0 3 0 31 2 1224979098644774948 1 2133 2 1224979098644774949 0 12 1 1224979098644774950 1707 1 1224979098644774950 1702 1 1224979098644774950 1770 2 1224979098644774951 1224979098644774950 31 2 1224979098644774951 1224979098644774924 2105 2 1224979098644774949 1 3 0 2121 3 1224979098644774952 1224979098644774947 1224979098644774949 4 0 31 2 1224979098644774949 0 2133 2 1224979098644774945 16711680 5 0 2133 2 1224979098644774945 13684944 3 0 4 0 32 2 1224979098644774952 0 4 0 31 2 1224979098644774947 1 910 3 72057594037927936 216172782113785714 0 2120 3 1224979098644774936 1224979098644774930 130 5 0 2133 2 72057594037927936 1224979098644774952 910 3 72057594037927936 216172782113785715 0 2120 3 1224979098644774936 1224979098644774930 123 3 0 921 2 72057594037927936 1224979098644774945 729 2 1 750 730 2 1 750 925 2 72057594037927936 1 729 2 1 1224979098644774936 730 2 1 1224979098644774927 926 2 72057594037927936 1 3 0 4 0 32 2 1224979098644774947 1 2133 2 72057594037927936 1224979098644774947 910 3 72057594037927936 216172782113785716 0 5 0 910 3 72057594037927936 216172782113785717 0 3 0 921 2 72057594037927936 1224979098644774945 729 2 1 750 730 2 1 750 925 2 72057594037927936 1 729 2 1 1224979098644774930 730 2 1 1224979098644774927 926 2 72057594037927936 1 450 2 72057594037927936 1224979098644774924 910 3 72057594037927936 216172782113785671 8 921 2 72057594037927936 1224979098644774945 729 2 1 750 730 2 1 750 925 2 72057594037927936 1 2120 3 1224979098644774936 1224979098644774930 215 729 2 1 1224979098644774936 730 2 1 1224979098644774927 926 2 72057594037927936 1 452 2 72057594037927936 1224979098644774924 910 3 72057594037927936 216172782113785671 8 921 2 72057594037927936 1224979098644774945 729 2 1 750 730 2 1 750 925 2 72057594037927936 1 2120 3 1224979098644774936 1224979098644774930 265 729 2 1 1224979098644774936 730 2 1 1224979098644774927 926 2 72057594037927936 1 2106 2 1224979098644774927 20 3 0 2133 2 1224979098644774938 0 3 0 3 0 4 0 31 2 1224979098644774924 0 2133 2 1224979098644774953 1224979098644774927 3 0 3 0 4 0 2147483680 2 1224979098644774953 1224979098644774927 2133 2 1224979098644774927 1224979098644774953 3 0 2133 2 1224979098644774930 42 911 2 72057594037927936 1441151880758558776 921 2 72057594037927936 16777215 922 2 72057594037927936 208 2120 3 1224979098644774936 1224979098644774930 0 729 2 1 1224979098644774936 2120 3 1224979098644774937 1224979098644774927 10 730 2 1 1224979098644774937 926 2 72057594037927936 1 729 2 1 36000 730 2 1 50 925 2 72057594037927936 1 4 0 32 2 1224979098644774914 0 2133 2 1224979098644774930 280 2106 2 1224979098644774927 50 910 3 72057594037927936 216172782113785757 0 921 2 72057594037927936 16777215 729 2 1 1224979098644774930 730 2 1 1224979098644774927 926 2 72057594037927936 1 729 2 1 1000 730 2 1 1000 925 2 72057594037927936 1 910 3 72057594037927936 216172782113785713 8 921 2 72057594037927936 16777215 2120 3 1224979098644774936 1224979098644774930 215 729 2 1 1224979098644774936 730 2 1 1224979098644774927 926 2 72057594037927936 1 729 2 1 750 730 2 1 750 925 2 72057594037927936 1 911 2 72057594037927936 1441151880758558776 921 2 72057594037927936 16777215 922 2 72057594037927936 208 2120 3 1224979098644774936 1224979098644774930 0 729 2 1 1224979098644774936 2120 3 1224979098644774937 1224979098644774927 -10 730 2 1 1224979098644774937 926 2 72057594037927936 1 729 2 1 12000 730 2 1 50 925 2 72057594037927936 1 2106 2 1224979098644774927 30 2133 2 1224979098644774945 12632256 2120 3 1224979098644774938 1224979098644774915 1 6 3 1224979098644774916 0 1224979098644774938 2120 3 1224979098644774917 1224979098644774916 211 540 3 360287970189640518 1224979098644774917 1 402 2 1224979098644774918 1224979098644774916 31 2 1224979098644774918 2 500 3 360287970189640518 1224979098644774917 1 4 0 31 2 1224979098644774921 1224979098644774916 911 2 72057594037927936 1441151880758558776 921 2 72057594037927936 16777215 922 2 72057594037927936 53 2120 3 1224979098644774936 1224979098644774930 0 729 2 1 1224979098644774936 2120 3 1224979098644774937 1224979098644774927 0 730 2 1 1224979098644774937 926 2 72057594037927936 1 729 2 1 12000 730 2 1 1000 925 2 72057594037927936 1 3 0 2350 2 1 1224979098644774916 910 3 72057594037927936 1 0 921 2 72057594037927936 1224979098644774945 729 2 1 750 730 2 1 750 925 2 72057594037927936 1 729 2 1 1224979098644774930 730 2 1 1224979098644774927 926 2 72057594037927936 1 437 2 72057594037927936 1224979098644774916 910 3 72057594037927936 216172782113785671 8 921 2 72057594037927936 1224979098644774945 729 2 1 750 730 2 1 750 925 2 72057594037927936 1 2120 3 1224979098644774936 1224979098644774930 215 729 2 1 1224979098644774936 730 2 1 1224979098644774927 926 2 72057594037927936 1 2106 2 1224979098644774927 20 3 0 3 0 77 1 238 77 1 239 902 1 999999 
-61.000000  21 2071 1 1224979098644774912 4 0 1073741895 1 238 71 1 239 77 1 238 77 1 239 3 0 4 0 31 2 144115188075856334 1 2147483720 1 18 2133 2 144115188075856334 0 78 0 902 1 0 3 0 4 0 2122 3 1224979098644774913 144115188075856925 1000 32 2 1224979098644774912 1224979098644774913 78 0 902 1 0 900 1 1513209474796486674 3 0 


prsnt_multiplayer_stats_chart_deathmatch 3 0 2
-60.000000  520 2124 1 1000 911 2 72057594037927936 1441151880758558770 729 2 1 295 730 2 1 115 926 2 72057594037927936 1 729 2 1 1000 730 2 1 1000 925 2 72057594037927936 1 2133 2 1224979098644774912 0 2133 2 1224979098644774913 0 400 1 1224979098644774914 6 3 1224979098644774915 0 1224979098644774914 2120 3 1224979098644774916 1224979098644774915 211 4 0 401 1 1224979098644774915 500 3 360287970189640518 1224979098644774916 1 402 2 1224979098644774917 1224979098644774915 4 0 1073741855 2 1224979098644774917 0 31 2 1224979098644774917 1 2105 2 1224979098644774912 1 5 0 31 2 1224979098644774917 2 2105 2 1224979098644774913 1 3 0 5 0 500 3 360287970189640518 1224979098644774916 0 3 0 3 0 4 0 1073741856 2 144115188075856354 0 32 2 144115188075856356 0 2105 2 1224979098644774912 1 3 0 2120 3 1224979098644774918 1224979098644774912 1224979098644774913 2319 1 0 910 3 144115188075856926 0 131072 729 2 1 300 730 2 1 140 926 2 144115188075856926 1 729 2 1 346 730 2 1 530 929 2 144115188075856926 1 945 1 144115188075856926 2122 3 1224979098644774919 1224979098644774918 20 2105 2 1224979098644774919 80 4 0 32 2 1224979098644774913 0 2105 2 1224979098644774919 70 3 0 4 0 30 2 1224979098644774918 17 2133 2 144115188075856925 10 5 0 2133 2 144115188075856925 1 3 0 415 1 1224979098644774920 2133 2 1224979098644774921 1224979098644774919 2133 2 1224979098644774922 42 4 0 31 2 144115188075856325 8 2133 2 1224979098644774923 0 400 1 1224979098644774914 6 3 1224979098644774915 0 1224979098644774914 401 1 1224979098644774915 402 2 1224979098644774924 1224979098644774915 31 2 1224979098644774924 0 2133 2 1224979098644774923 1 3 0 31 2 1224979098644774923 1 2133 2 1224979098644774922 40 2106 2 1224979098644774921 50 910 3 72057594037927936 216172782113787228 0 921 2 72057594037927936 16777215 729 2 1 1224979098644774922 730 2 1 1224979098644774921 926 2 72057594037927936 1 729 2 1 850 730 2 1 850 925 2 72057594037927936 1 2106 2 1224979098644774921 22 4 0 32 2 144115188075856415 0 2133 2 1224979098644774925 15790320 2121 3 72057594037927937 144115188075856415 144115188075856422 4 0 30 2 144115188075856412 1 910 3 72057594037927936 216172782113787231 0 5 0 910 3 72057594037927936 216172782113787229 0 3 0 921 2 72057594037927936 1224979098644774925 729 2 1 1224979098644774922 730 2 1 1224979098644774921 926 2 72057594037927936 1 729 2 1 750 730 2 1 750 925 2 72057594037927936 1 2106 2 1224979098644774921 22 3 0 1 1 936748722493063760 2133 2 1224979098644774926 72057594037927936 4 0 2147483680 2 144115188075856414 10000 1073741856 2 144115188075856414 31 32 2 1224979098644774926 0 31 2 144115188075856203 0 2133 2 72057594037927937 144115188075856414 4 0 30 2 72057594037927937 60 2123 3 72057594037927938 72057594037927937 60 2109 2 72057594037927937 60 910 3 72057594037927936 216172782113787232 0 5 0 910 3 72057594037927936 216172782113787233 0 3 0 921 2 72057594037927936 1224979098644774925 729 2 1 1224979098644774922 730 2 1 1224979098644774921 926 2 72057594037927936 1 729 2 1 750 730 2 1 750 925 2 72057594037927936 1 2106 2 1224979098644774921 22 3 0 2133 2 1224979098644774927 0 520 3 1224979098644774928 360287970189640518 186 6 3 1224979098644774929 0 1224979098644774928 2122 3 1224979098644774930 1224979098644774929 3 2105 2 1224979098644774930 188 520 3 1224979098644774931 360287970189640518 1224979098644774930 2105 2 1224979098644774927 1224979098644774931 3 0 2133 2 1224979098644774932 0 6 3 1224979098644774929 0 1224979098644774928 2122 3 1224979098644774930 1224979098644774929 3 2105 2 1224979098644774930 187 520 3 1224979098644774933 360287970189640518 1224979098644774930 2133 2 1224979098644774934 0 6 3 1224979098644774935 0 1224979098644774929 31 2 1224979098644774934 0 2122 3 1224979098644774936 1224979098644774935 3 2105 2 1224979098644774936 187 520 3 1224979098644774937 360287970189640518 1224979098644774936 4 0 31 2 1224979098644774933 1224979098644774937 2133 2 1224979098644774934 1 3 0 3 0 4 0 31 2 1224979098644774934 0 2105 2 1224979098644774930 1 520 3 1224979098644774931 360287970189640518 1224979098644774930 2120 3 1224979098644774938 1224979098644774929 1 6 3 1224979098644774935 1224979098644774938 1224979098644774928 2122 3 1224979098644774936 1224979098644774935 3 2105 2 1224979098644774936 187 520 3 1224979098644774937 360287970189640518 1224979098644774936 4 0 31 2 1224979098644774933 1224979098644774937 2105 2 1224979098644774936 1 520 3 1224979098644774939 360287970189640518 1224979098644774936 2105 2 1224979098644774931 1224979098644774939 3 0 3 0 2133 2 1224979098644774940 0 12 1 1224979098644774941 4 0 1704 1 1224979098644774941 1702 1 1224979098644774941 1770 2 1224979098644774942 1224979098644774941 31 2 1224979098644774942 1 1718 2 1224979098644774943 1224979098644774941 31 2 1224979098644774943 1224979098644774933 2105 2 1224979098644774940 1 3 0 3 0 4 0 1073741856 2 1224979098644774931 0 32 2 1224979098644774940 0 4 0 31 2 1224979098644774932 0 2133 2 1224979098644774932 1 2133 2 72057594037927937 1224979098644774926 2133 2 72057594037927938 1224979098644774927 910 3 72057594037927936 216172782113787234 0 921 2 72057594037927936 1224979098644774925 729 2 1 1224979098644774922 730 2 1 1224979098644774921 926 2 72057594037927936 1 729 2 1 750 730 2 1 750 925 2 72057594037927936 1 2106 2 1224979098644774921 20 3 0 4 0 1073741855 2 1224979098644774940 1 1073741857 3 1224979098644774933 360287970189639896 360287970189640016 33 3 1224979098644774933 360287970189639890 360287970189639896 2322 2 0 1224979098644774933 5 0 2323 2 0 1224979098644774933 3 0 2133 2 72057594037927939 1224979098644774931 2133 2 72057594037927940 1224979098644774940 910 3 72057594037927936 216172782113787235 0 921 2 72057594037927936 1224979098644774925 729 2 1 1224979098644774922 730 2 1 1224979098644774921 926 2 72057594037927936 1 729 2 1 750 730 2 1 750 925 2 72057594037927936 1 2106 2 1224979098644774921 18 3 0 3 0 3 0 2133 2 1224979098644774922 42 911 2 72057594037927936 1441151880758558776 921 2 72057594037927936 16777215 922 2 72057594037927936 208 2120 3 1224979098644774944 1224979098644774922 0 729 2 1 1224979098644774944 2120 3 1224979098644774945 1224979098644774921 10 730 2 1 1224979098644774945 926 2 72057594037927936 1 729 2 1 15250 730 2 1 50 925 2 72057594037927936 1 3 0 2106 2 1224979098644774921 13 910 3 72057594037927936 216172782113785710 0 921 2 72057594037927936 16777215 729 2 1 1224979098644774922 730 2 1 1224979098644774921 926 2 72057594037927936 1 729 2 1 750 730 2 1 750 925 2 72057594037927936 1 910 3 72057594037927936 216172782113785711 16 921 2 72057594037927936 16777215 2120 3 1224979098644774944 1224979098644774922 179 729 2 1 1224979098644774944 730 2 1 1224979098644774921 926 2 72057594037927936 1 729 2 1 750 730 2 1 750 925 2 72057594037927936 1 910 3 72057594037927936 216172782113785712 16 921 2 72057594037927936 16777215 2120 3 1224979098644774944 1224979098644774922 233 729 2 1 1224979098644774944 730 2 1 1224979098644774921 926 2 72057594037927936 1 729 2 1 750 730 2 1 750 925 2 72057594037927936 1 910 3 72057594037927936 216172782113785713 16 921 2 72057594037927936 16777215 2120 3 1224979098644774944 1224979098644774922 282 729 2 1 1224979098644774944 730 2 1 1224979098644774921 926 2 72057594037927936 1 729 2 1 750 730 2 1 750 925 2 72057594037927936 1 911 2 72057594037927936 1441151880758558776 921 2 72057594037927936 16777215 922 2 72057594037927936 208 2120 3 1224979098644774944 1224979098644774922 0 729 2 1 1224979098644774944 2120 3 1224979098644774945 1224979098644774921 -10 730 2 1 1224979098644774945 926 2 72057594037927936 1 729 2 1 15250 730 2 1 50 925 2 72057594037927936 1 2106 2 1224979098644774921 35 2120 3 1224979098644774946 1224979098644774914 1 6 3 1224979098644774947 0 1224979098644774946 2133 2 1224979098644774948 -30030 2133 2 1224979098644774949 -1 6 3 1224979098644774915 0 1224979098644774914 2120 3 1224979098644774916 1224979098644774915 211 540 3 360287970189640518 1224979098644774916 1 402 2 1224979098644774917 1224979098644774915 1073741855 2 1224979098644774917 0 31 2 1224979098644774917 1 433 2 1224979098644774950 1224979098644774915 435 2 1224979098644774951 1224979098644774915 2122 3 1224979098644774952 1224979098644774950 1000 2106 2 1224979098644774952 1224979098644774951 1073741856 2 1224979098644774952 1224979098644774948 31 2 1224979098644774952 -30030 2133 2 1224979098644774948 1224979098644774952 2133 2 1224979098644774949 1224979098644774915 3 0 4 0 30 2 1224979098644774949 0 2120 3 1224979098644774916 1224979098644774949 211 500 3 360287970189640518 1224979098644774916 0 2350 2 1 1224979098644774949 4 0 31 2 1224979098644774920 1224979098644774949 911 2 72057594037927936 1441151880758558776 921 2 72057594037927936 16777215 922 2 72057594037927936 53 2120 3 1224979098644774944 1224979098644774922 0 729 2 1 1224979098644774944 2120 3 1224979098644774945 1224979098644774921 0 730 2 1 1224979098644774945 926 2 72057594037927936 1 729 2 1 16000 730 2 1 1000 925 2 72057594037927936 1 3 0 2133 2 1224979098644774925 16777215 4 0 31 2 144115188075856325 8 406 2 1224979098644774953 1224979098644774949 3221225502 2 1224979098644774953 0 2147485350 1 1224979098644774953 2133 2 1224979098644774925 16711680 910 3 72057594037927936 216172782113785714 0 921 2 72057594037927936 1224979098644774925 729 2 1 750 730 2 1 750 925 2 72057594037927936 1 2120 3 1224979098644774944 1224979098644774922 130 729 2 1 1224979098644774944 730 2 1 1224979098644774921 926 2 72057594037927936 1 3 0 4 0 31 2 144115188075856325 8 910 3 72057594037927936 216172782113787126 0 5 0 910 3 72057594037927936 1 0 3 0 921 2 72057594037927936 1224979098644774925 729 2 1 750 730 2 1 750 925 2 72057594037927936 1 729 2 1 1224979098644774922 730 2 1 1224979098644774921 926 2 72057594037927936 1 433 2 72057594037927936 1224979098644774949 910 3 72057594037927936 216172782113785671 8 921 2 72057594037927936 16777215 729 2 1 750 730 2 1 750 925 2 72057594037927936 1 2120 3 1224979098644774944 1224979098644774922 188 729 2 1 1224979098644774944 730 2 1 1224979098644774921 926 2 72057594037927936 1 435 2 72057594037927936 1224979098644774949 910 3 72057594037927936 216172782113785671 8 921 2 72057594037927936 16777215 729 2 1 750 730 2 1 750 925 2 72057594037927936 1 2120 3 1224979098644774944 1224979098644774922 238 729 2 1 1224979098644774944 730 2 1 1224979098644774921 926 2 72057594037927936 1 437 2 72057594037927936 1224979098644774949 910 3 72057594037927936 216172782113785671 8 921 2 72057594037927936 16777215 729 2 1 750 730 2 1 750 925 2 72057594037927936 1 2120 3 1224979098644774944 1224979098644774922 288 729 2 1 1224979098644774944 730 2 1 1224979098644774921 926 2 72057594037927936 1 2106 2 1224979098644774921 20 5 0 2120 3 1224979098644774954 144115188075856354 144115188075856356 30 2 1224979098644774954 1 4 0 32 2 1224979098644774954 1 2133 2 72057594037927936 1224979098644774954 910 3 72057594037927936 216172782113785716 0 5 0 910 3 72057594037927936 216172782113785717 0 3 0 921 2 72057594037927936 13684944 729 2 1 750 730 2 1 750 925 2 72057594037927936 1 729 2 1 1224979098644774922 730 2 1 1224979098644774921 926 2 72057594037927936 1 450 2 72057594037927936 0 2133 2 1224979098644774955 72057594037927936 450 2 72057594037927936 1 2105 2 1224979098644774955 72057594037927936 2133 2 72057594037927936 1224979098644774955 910 3 72057594037927936 216172782113785671 8 921 2 72057594037927936 13684944 729 2 1 750 730 2 1 750 925 2 72057594037927936 1 2120 3 1224979098644774944 1224979098644774922 188 729 2 1 1224979098644774944 730 2 1 1224979098644774921 926 2 72057594037927936 1 452 2 72057594037927936 0 2133 2 1224979098644774956 72057594037927936 452 2 72057594037927936 1 2105 2 1224979098644774956 72057594037927936 2133 2 72057594037927936 1224979098644774956 910 3 72057594037927936 216172782113785671 8 921 2 72057594037927936 13684944 729 2 1 750 730 2 1 750 925 2 72057594037927936 1 2120 3 1224979098644774944 1224979098644774922 238 729 2 1 1224979098644774944 730 2 1 1224979098644774921 926 2 72057594037927936 1 2106 2 1224979098644774921 20 2133 2 1224979098644774946 0 5 0 2133 2 1224979098644774946 0 3 0 3 0 2133 2 1224979098644774922 42 911 2 72057594037927936 1441151880758558776 921 2 72057594037927936 16777215 922 2 72057594037927936 208 2120 3 1224979098644774944 1224979098644774922 0 729 2 1 1224979098644774944 2120 3 1224979098644774945 1224979098644774921 10 730 2 1 1224979098644774945 926 2 72057594037927936 1 729 2 1 15250 730 2 1 50 925 2 72057594037927936 1 4 0 32 2 1224979098644774913 0 2133 2 1224979098644774922 75 2106 2 1224979098644774921 50 910 3 72057594037927936 216172782113785757 0 921 2 72057594037927936 16777215 729 2 1 1224979098644774922 730 2 1 1224979098644774921 926 2 72057594037927936 1 729 2 1 1000 730 2 1 1000 925 2 72057594037927936 1 910 3 72057594037927936 216172782113785713 16 921 2 72057594037927936 16777215 2120 3 1224979098644774944 1224979098644774922 218 729 2 1 1224979098644774944 730 2 1 1224979098644774921 926 2 72057594037927936 1 729 2 1 750 730 2 1 750 925 2 72057594037927936 1 911 2 72057594037927936 1441151880758558776 921 2 72057594037927936 16777215 922 2 72057594037927936 208 2120 3 1224979098644774944 1224979098644774922 0 729 2 1 1224979098644774944 2120 3 1224979098644774945 1224979098644774921 -10 730 2 1 1224979098644774945 926 2 72057594037927936 1 729 2 1 12000 730 2 1 50 925 2 72057594037927936 1 2106 2 1224979098644774921 30 2133 2 1224979098644774925 12632256 2120 3 1224979098644774946 1224979098644774914 1 6 3 1224979098644774915 0 1224979098644774946 2120 3 1224979098644774916 1224979098644774915 211 540 3 360287970189640518 1224979098644774916 1 402 2 1224979098644774917 1224979098644774915 31 2 1224979098644774917 2 500 3 360287970189640518 1224979098644774916 1 4 0 31 2 1224979098644774920 1224979098644774915 911 2 72057594037927936 1441151880758558776 921 2 72057594037927936 16777215 922 2 72057594037927936 53 2120 3 1224979098644774944 1224979098644774922 0 729 2 1 1224979098644774944 2120 3 1224979098644774945 1224979098644774921 0 730 2 1 1224979098644774945 926 2 72057594037927936 1 729 2 1 12000 730 2 1 1000 925 2 72057594037927936 1 3 0 2350 2 1 1224979098644774915 910 3 72057594037927936 1 0 921 2 72057594037927936 1224979098644774925 729 2 1 750 730 2 1 750 925 2 72057594037927936 1 729 2 1 1224979098644774922 730 2 1 1224979098644774921 926 2 72057594037927936 1 437 2 72057594037927936 1224979098644774915 910 3 72057594037927936 216172782113785671 8 921 2 72057594037927936 1224979098644774925 729 2 1 750 730 2 1 750 925 2 72057594037927936 1 2120 3 1224979098644774944 1224979098644774922 215 729 2 1 1224979098644774944 730 2 1 1224979098644774921 926 2 72057594037927936 1 2106 2 1224979098644774921 20 3 0 3 0 77 1 238 77 1 239 902 1 999999 
-61.000000  21 2071 1 1224979098644774912 4 0 1073741895 1 238 71 1 239 77 1 238 77 1 239 3 0 4 0 31 2 144115188075856334 1 2147483720 1 18 2133 2 144115188075856334 0 78 0 902 1 0 3 0 4 0 2122 3 1224979098644774913 144115188075856925 1000 32 2 1224979098644774912 1224979098644774913 78 0 902 1 0 900 1 1513209474796486675 3 0 


prsnt_multiplayer_escape_menu 2 0 3
-60.000000  172 2124 1 1000 911 2 72057594037927936 1441151880758558783 729 2 1 250 730 2 1 80 926 2 72057594037927936 1 729 2 1 1000 730 2 1 1000 925 2 72057594037927936 1 2319 1 0 910 3 144115188075856927 0 131072 729 2 1 285 730 2 1 75 926 2 144115188075856927 1 729 2 1 405 730 2 1 550 929 2 144115188075856927 1 945 1 144115188075856927 2133 2 1224979098644774912 500 910 3 72057594037927936 216172782113785731 0 921 2 72057594037927936 16777215 729 2 1 0 730 2 1 1224979098644774912 926 2 72057594037927936 1 2106 2 1224979098644774912 40 912 3 144115188075856928 216172782113785733 0 921 2 144115188075856928 16777215 411 1 1224979098644774913 2133 2 144115188075856929 -1 2133 2 144115188075856930 -1 2133 2 144115188075856931 -1 2133 2 144115188075856932 -1 2133 2 144115188075856933 -1 2133 2 144115188075856934 -1 2133 2 144115188075856935 -1 2133 2 144115188075856936 -1 2133 2 144115188075856937 -1 2133 2 144115188075856938 -1 2133 2 144115188075856939 -1 4 0 2147483678 2 1224979098644774913 2 912 3 144115188075856929 216172782113785735 0 921 2 144115188075856929 16777215 412 1 1224979098644774914 4 0 30 2 1224979098644774914 0 912 3 144115188075856930 216172782113785737 0 921 2 144115188075856930 16777215 3 0 3 0 912 3 144115188075856940 216172782113785738 0 921 2 144115188075856940 16777215 912 3 144115188075856941 216172782113785739 0 921 2 144115188075856941 16777215 912 3 144115188075856938 1585267068834415058 0 921 2 144115188075856938 16777215 415 1 1224979098644774915 4 0 1073741855 2 144115188075856457 1 1073741855 2 144115188075856456 1 1073741856 2 144115188075856454 0 1073741855 2 144115188075856458 1 31 2 144115188075856459 1 912 3 144115188075856931 216172782113785740 0 921 2 144115188075856931 16777215 2133 2 144115188075856942 1 4 0 30 2 1224979098644774915 0 528 3 1224979098644774916 1224979098644774915 26 2370 1 1224979098644774917 2147483678 2 1224979098644774917 1224979098644774916 921 2 144115188075856931 8947848 923 2 144115188075856931 8947848 2133 2 144115188075856942 0 3 0 3 0 4 0 30 2 1224979098644774915 0 1073742372 3 1224979098644774915 57 1 1073742372 3 1224979098644774915 58 1 1073742372 3 1224979098644774915 59 1 430 1 1224979098644774915 4 0 2147484196 3 1224979098644774915 57 1 912 3 144115188075856932 216172782113785741 0 921 2 144115188075856932 16777215 3 0 912 3 144115188075856933 216172782113785742 0 921 2 144115188075856933 16777215 912 3 144115188075856934 216172782113785743 0 921 2 144115188075856934 16777215 912 3 144115188075856939 216172782113787321 0 921 2 144115188075856939 16711680 3 0 912 3 144115188075856936 216172782113785744 0 921 2 144115188075856936 16777215 4 0 2133 2 144115188075856937 -1 2133 2 1224979098644774918 0 400 1 1224979098644774919 6 3 1224979098644774920 0 1224979098644774919 401 1 1224979098644774920 439 2 1224979098644774921 1224979098644774920 31 2 1224979098644774921 1 2133 2 1224979098644774918 1 3 0 31 2 1224979098644774918 1 912 3 144115188075856937 216172782113785745 0 921 2 144115188075856937 16777215 3 0 912 3 144115188075856935 216172782113785746 0 921 2 144115188075856935 16777215 729 2 1 130 730 2 1 1224979098644774912 926 2 144115188075856928 1 4 0 30 2 144115188075856929 0 2106 2 1224979098644774912 40 730 2 1 1224979098644774912 926 2 144115188075856929 1 3 0 4 0 30 2 144115188075856930 0 2106 2 1224979098644774912 40 730 2 1 1224979098644774912 926 2 144115188075856930 1 3 0 2106 2 1224979098644774912 40 730 2 1 1224979098644774912 926 2 144115188075856940 1 2106 2 1224979098644774912 40 730 2 1 1224979098644774912 926 2 144115188075856941 1 2106 2 1224979098644774912 40 730 2 1 1224979098644774912 926 2 144115188075856938 1 4 0 30 2 144115188075856931 0 2106 2 1224979098644774912 40 730 2 1 1224979098644774912 926 2 144115188075856931 1 3 0 4 0 30 2 144115188075856932 0 2106 2 1224979098644774912 40 730 2 1 1224979098644774912 926 2 144115188075856932 1 3 0 4 0 30 2 144115188075856933 0 2106 2 1224979098644774912 40 730 2 1 1224979098644774912 926 2 144115188075856933 1 3 0 4 0 30 2 144115188075856934 0 2106 2 1224979098644774912 40 730 2 1 1224979098644774912 926 2 144115188075856934 1 3 0 2106 2 1224979098644774912 40 730 2 1 1224979098644774912 926 2 144115188075856936 1 4 0 30 2 144115188075856937 0 2106 2 1224979098644774912 40 730 2 1 1224979098644774912 926 2 144115188075856937 1 3 0 2106 2 1224979098644774912 40 730 2 1 1224979098644774912 926 2 144115188075856935 1 902 1 999999 
-62.000000  64 2071 1 1224979098644774912 4 0 31 2 1224979098644774912 144115188075856928 902 1 0 900 1 1513209474796486662 5 0 31 2 1224979098644774912 144115188075856929 902 1 0 900 1 1513209474796486663 5 0 31 2 1224979098644774912 144115188075856930 902 1 0 2133 2 144115188075856867 0 900 1 1513209474796486664 5 0 31 2 1224979098644774912 144115188075856940 902 1 0 2058 0 5 0 31 2 1224979098644774912 144115188075856941 902 1 0 2057 0 5 0 31 2 1224979098644774912 144115188075856931 31 2 144115188075856942 1 902 1 0 900 1 1513209474796486677 5 0 31 2 1224979098644774912 144115188075856932 902 1 0 388 1 18 5 0 31 2 1224979098644774912 144115188075856933 902 1 0 2133 2 144115188075856739 3 900 1 1513209474796486678 5 0 31 2 1224979098644774912 144115188075856934 902 1 0 2133 2 144115188075856739 4 900 1 1513209474796486678 5 0 31 2 1224979098644774912 144115188075856939 902 1 0 900 1 1513209474796486709 5 0 31 2 1224979098644774912 144115188075856935 902 1 0 1907 1 0 5 0 31 2 1224979098644774912 144115188075856936 902 1 0 2133 2 144115188075856739 5 900 1 1513209474796486678 5 0 31 2 1224979098644774912 144115188075856937 902 1 0 2133 2 144115188075856739 6 900 1 1513209474796486678 5 0 31 2 1224979098644774912 144115188075856938 902 1 0 388 1 45 3 0 
-61.000000  7 2071 1 1224979098644774912 4 0 1073741895 1 1 71 1 248 32 2 1224979098644774912 200 902 1 0 3 0 


prsnt_multiplayer_poll_menu 2 0 3
-60.000000  68 2124 1 1000 911 2 72057594037927936 1441151880758558783 729 2 1 250 730 2 1 80 926 2 72057594037927936 1 729 2 1 1000 730 2 1 1000 925 2 72057594037927936 1 2319 1 0 910 3 144115188075856943 0 131072 729 2 1 285 730 2 1 125 926 2 144115188075856943 1 729 2 1 405 730 2 1 500 929 2 144115188075856943 1 945 1 144115188075856943 2133 2 144115188075856944 -1 2133 2 144115188075856945 -1 2133 2 144115188075856946 -1 2133 2 1224979098644774912 450 910 3 72057594037927936 216172782113785732 0 921 2 72057594037927936 16777215 729 2 1 0 730 2 1 1224979098644774912 926 2 72057594037927936 1 2106 2 1224979098644774912 40 729 2 1 60 4 0 31 2 144115188075856457 1 912 3 144115188075856944 216172782113785747 0 921 2 144115188075856944 16777215 730 2 1 1224979098644774912 926 2 144115188075856944 1 2106 2 1224979098644774912 40 3 0 4 0 31 2 144115188075856456 1 912 3 144115188075856945 216172782113785748 0 921 2 144115188075856945 16777215 730 2 1 1224979098644774912 926 2 144115188075856945 1 2106 2 1224979098644774912 40 3 0 4 0 32 2 144115188075856454 0 912 3 144115188075856946 216172782113785749 0 921 2 144115188075856946 16777215 730 2 1 1224979098644774912 926 2 144115188075856946 1 2106 2 1224979098644774912 40 3 0 4 0 31 2 144115188075856458 1 912 3 144115188075856947 216172782113785750 0 921 2 144115188075856947 16777215 730 2 1 1224979098644774912 926 2 144115188075856947 1 2106 2 1224979098644774912 40 3 0 4 0 31 2 144115188075856459 1 912 3 144115188075856948 216172782113785751 0 921 2 144115188075856948 16777215 730 2 1 1224979098644774912 926 2 144115188075856948 1 3 0 902 1 999999 
-62.000000  27 2071 1 1224979098644774912 4 0 31 2 1224979098644774912 144115188075856944 902 1 0 2133 2 144115188075856949 1 900 1 1513209474796486679 5 0 31 2 1224979098644774912 144115188075856947 902 1 0 2133 2 144115188075856739 1 900 1 1513209474796486678 5 0 31 2 1224979098644774912 144115188075856948 902 1 0 2133 2 144115188075856739 2 900 1 1513209474796486678 5 0 31 2 1224979098644774912 144115188075856945 902 1 0 2133 2 144115188075856949 2 900 1 1513209474796486679 5 0 31 2 1224979098644774912 144115188075856946 902 1 0 2133 2 144115188075856950 1 900 1 1513209474796486681 3 0 
-61.000000  7 2071 1 1224979098644774912 4 0 1073741895 1 1 71 1 248 32 2 1224979098644774912 200 902 1 0 3 0 


prsnt_multiplayer_show_players_list 2 0 3
-60.000000  534 2124 1 1000 911 2 72057594037927936 1441151880758558770 729 2 1 295 730 2 1 115 926 2 72057594037927936 1 729 2 1 1000 730 2 1 1000 925 2 72057594037927936 1 2133 2 144115188075856951 -1 2133 2 1224979098644774912 0 2133 2 1224979098644774913 0 400 1 1224979098644774914 6 3 1224979098644774915 1 1224979098644774914 2120 3 1224979098644774916 1224979098644774915 211 4 0 401 1 1224979098644774915 508 3 1224979098644774915 22 -1 500 3 360287970189640518 1224979098644774916 1 402 2 1224979098644774917 1224979098644774915 4 0 1073741855 2 1224979098644774917 0 31 2 1224979098644774917 1 2105 2 1224979098644774912 1 5 0 31 2 1224979098644774917 2 2105 2 1224979098644774913 1 3 0 5 0 500 3 360287970189640518 1224979098644774916 0 3 0 3 0 4 0 1073741856 2 144115188075856354 0 32 2 144115188075856356 0 2105 2 1224979098644774912 1 3 0 2120 3 1224979098644774918 1224979098644774912 1224979098644774913 2319 1 0 910 3 144115188075856926 0 131072 729 2 1 300 730 2 1 140 926 2 144115188075856926 1 729 2 1 346 730 2 1 530 929 2 144115188075856926 1 945 1 144115188075856926 2122 3 1224979098644774919 1224979098644774918 20 2105 2 1224979098644774919 80 4 0 32 2 1224979098644774913 0 2105 2 1224979098644774919 70 3 0 4 0 30 2 1224979098644774918 17 2133 2 144115188075856925 10 5 0 2133 2 144115188075856925 1 3 0 415 1 1224979098644774920 2133 2 1224979098644774921 1224979098644774919 2133 2 1224979098644774922 42 910 3 72057594037927936 216172782113785710 0 921 2 72057594037927936 16777215 729 2 1 1224979098644774922 730 2 1 1224979098644774921 926 2 72057594037927936 1 729 2 1 750 730 2 1 750 925 2 72057594037927936 1 910 3 72057594037927936 216172782113785711 16 921 2 72057594037927936 16777215 2120 3 1224979098644774923 1224979098644774922 179 729 2 1 1224979098644774923 730 2 1 1224979098644774921 926 2 72057594037927936 1 729 2 1 750 730 2 1 750 925 2 72057594037927936 1 910 3 72057594037927936 216172782113785712 16 921 2 72057594037927936 16777215 2120 3 1224979098644774923 1224979098644774922 233 729 2 1 1224979098644774923 730 2 1 1224979098644774921 926 2 72057594037927936 1 729 2 1 750 730 2 1 750 925 2 72057594037927936 1 910 3 72057594037927936 216172782113785713 16 921 2 72057594037927936 16777215 2120 3 1224979098644774923 1224979098644774922 282 729 2 1 1224979098644774923 730 2 1 1224979098644774921 926 2 72057594037927936 1 729 2 1 750 730 2 1 750 925 2 72057594037927936 1 911 2 72057594037927936 1441151880758558776 921 2 72057594037927936 16777215 922 2 72057594037927936 208 2120 3 1224979098644774923 1224979098644774922 0 729 2 1 1224979098644774923 2120 3 1224979098644774924 1224979098644774921 -10 730 2 1 1224979098644774924 926 2 72057594037927936 1 729 2 1 15250 730 2 1 50 925 2 72057594037927936 1 2106 2 1224979098644774921 30 4 0 1 1 936748722493063806 4 0 415 1 1224979098644774925 401 1 1224979098644774925 1073742372 3 1224979098644774925 57 1 1073742372 3 1224979098644774925 58 1 1073742372 3 1224979098644774925 59 1 430 1 1224979098644774925 912 3 144115188075856951 216172782113787368 0 921 2 144115188075856951 16711680 729 2 1 750 730 2 1 750 925 2 144115188075856951 1 729 2 1 1224979098644774922 730 2 1 1224979098644774921 926 2 144115188075856951 1 3 0 4 0 911 2 72057594037927936 1441151880758558776 921 2 72057594037927936 16777215 922 2 72057594037927936 208 2120 3 1224979098644774923 1224979098644774922 0 729 2 1 1224979098644774923 2120 3 1224979098644774924 1224979098644774921 -5 730 2 1 1224979098644774924 926 2 72057594037927936 1 729 2 1 15250 730 2 1 50 925 2 72057594037927936 1 3 0 2106 2 1224979098644774921 30 2133 2 144115188075856952 -1 3 0 2120 3 1224979098644774926 1224979098644774914 1 6 3 1224979098644774927 0 1224979098644774926 2133 2 1224979098644774928 -30030 2133 2 1224979098644774929 -1 6 3 1224979098644774915 1 1224979098644774914 2120 3 1224979098644774916 1224979098644774915 211 540 3 360287970189640518 1224979098644774916 1 402 2 1224979098644774917 1224979098644774915 1073741855 2 1224979098644774917 0 31 2 1224979098644774917 1 433 2 1224979098644774930 1224979098644774915 435 2 1224979098644774931 1224979098644774915 2122 3 1224979098644774932 1224979098644774930 1000 2106 2 1224979098644774932 1224979098644774931 1073741856 2 1224979098644774932 1224979098644774928 31 2 1224979098644774932 -30030 2133 2 1224979098644774928 1224979098644774932 2133 2 1224979098644774929 1224979098644774915 3 0 4 0 30 2 1224979098644774929 0 2120 3 1224979098644774916 1224979098644774929 211 500 3 360287970189640518 1224979098644774916 0 2350 2 1 1224979098644774929 4 0 401 1 1224979098644774929 548 3 1224979098644774929 40 1 2320 2 1 216172782113787334 5 0 2320 2 1 216172782113787335 3 0 4 0 31 2 1224979098644774920 1224979098644774929 911 2 72057594037927936 1441151880758558776 921 2 72057594037927936 16777215 922 2 72057594037927936 53 2120 3 1224979098644774923 1224979098644774922 0 729 2 1 1224979098644774923 2120 3 1224979098644774924 1224979098644774921 0 730 2 1 1224979098644774924 926 2 72057594037927936 1 729 2 1 16000 730 2 1 1000 925 2 72057594037927936 1 3 0 912 3 72057594037927936 1 0 921 2 72057594037927936 16777215 729 2 1 750 730 2 1 750 925 2 72057594037927936 1 729 2 1 1224979098644774922 730 2 1 1224979098644774921 926 2 72057594037927936 1 508 3 1224979098644774929 22 72057594037927936 433 2 72057594037927936 1224979098644774929 910 3 72057594037927936 216172782113785671 8 921 2 72057594037927936 16777215 729 2 1 750 730 2 1 750 925 2 72057594037927936 1 2120 3 1224979098644774923 1224979098644774922 188 729 2 1 1224979098644774923 730 2 1 1224979098644774921 926 2 72057594037927936 1 435 2 72057594037927936 1224979098644774929 910 3 72057594037927936 216172782113785671 8 921 2 72057594037927936 16777215 729 2 1 750 730 2 1 750 925 2 72057594037927936 1 2120 3 1224979098644774923 1224979098644774922 238 729 2 1 1224979098644774923 730 2 1 1224979098644774921 926 2 72057594037927936 1 437 2 72057594037927936 1224979098644774929 910 3 72057594037927936 216172782113785671 8 921 2 72057594037927936 16777215 729 2 1 750 730 2 1 750 925 2 72057594037927936 1 2120 3 1224979098644774923 1224979098644774922 288 729 2 1 1224979098644774923 730 2 1 1224979098644774921 926 2 72057594037927936 1 2106 2 1224979098644774921 20 5 0 2120 3 1224979098644774933 144115188075856354 144115188075856356 30 2 1224979098644774933 1 4 0 32 2 1224979098644774933 1 2133 2 72057594037927936 1224979098644774933 910 3 72057594037927936 216172782113785716 0 5 0 910 3 72057594037927936 216172782113785717 0 3 0 921 2 72057594037927936 13684944 729 2 1 750 730 2 1 750 925 2 72057594037927936 1 729 2 1 1224979098644774922 730 2 1 1224979098644774921 926 2 72057594037927936 1 450 2 72057594037927936 0 2133 2 1224979098644774934 72057594037927936 450 2 72057594037927936 1 2105 2 1224979098644774934 72057594037927936 2133 2 72057594037927936 1224979098644774934 910 3 72057594037927936 216172782113785671 8 921 2 72057594037927936 13684944 729 2 1 750 730 2 1 750 925 2 72057594037927936 1 2120 3 1224979098644774923 1224979098644774922 188 729 2 1 1224979098644774923 730 2 1 1224979098644774921 926 2 72057594037927936 1 452 2 72057594037927936 0 2133 2 1224979098644774935 72057594037927936 452 2 72057594037927936 1 2105 2 1224979098644774935 72057594037927936 2133 2 72057594037927936 1224979098644774935 910 3 72057594037927936 216172782113785671 8 921 2 72057594037927936 13684944 729 2 1 750 730 2 1 750 925 2 72057594037927936 1 2120 3 1224979098644774923 1224979098644774922 238 729 2 1 1224979098644774923 730 2 1 1224979098644774921 926 2 72057594037927936 1 2106 2 1224979098644774921 20 2133 2 1224979098644774926 0 5 0 2133 2 1224979098644774926 0 3 0 3 0 2133 2 1224979098644774922 42 911 2 72057594037927936 1441151880758558776 921 2 72057594037927936 16777215 922 2 72057594037927936 208 2120 3 1224979098644774923 1224979098644774922 0 729 2 1 1224979098644774923 2120 3 1224979098644774924 1224979098644774921 10 730 2 1 1224979098644774924 926 2 72057594037927936 1 729 2 1 15250 730 2 1 50 925 2 72057594037927936 1 4 0 32 2 1224979098644774913 0 2133 2 1224979098644774922 75 2106 2 1224979098644774921 50 910 3 72057594037927936 216172782113785757 0 921 2 72057594037927936 16777215 729 2 1 1224979098644774922 730 2 1 1224979098644774921 926 2 72057594037927936 1 729 2 1 1000 730 2 1 1000 925 2 72057594037927936 1 910 3 72057594037927936 216172782113785713 16 921 2 72057594037927936 16777215 2120 3 1224979098644774923 1224979098644774922 218 729 2 1 1224979098644774923 730 2 1 1224979098644774921 926 2 72057594037927936 1 729 2 1 750 730 2 1 750 925 2 72057594037927936 1 911 2 72057594037927936 1441151880758558776 921 2 72057594037927936 16777215 922 2 72057594037927936 208 2120 3 1224979098644774923 1224979098644774922 0 729 2 1 1224979098644774923 2120 3 1224979098644774924 1224979098644774921 -10 730 2 1 1224979098644774924 926 2 72057594037927936 1 729 2 1 12000 730 2 1 50 925 2 72057594037927936 1 2106 2 1224979098644774921 30 2133 2 1224979098644774936 12632256 2120 3 1224979098644774926 1224979098644774914 1 6 3 1224979098644774915 0 1224979098644774926 2120 3 1224979098644774916 1224979098644774915 211 540 3 360287970189640518 1224979098644774916 1 402 2 1224979098644774917 1224979098644774915 31 2 1224979098644774917 2 500 3 360287970189640518 1224979098644774916 1 4 0 31 2 1224979098644774920 1224979098644774915 911 2 72057594037927936 1441151880758558776 921 2 72057594037927936 16777215 922 2 72057594037927936 53 2120 3 1224979098644774923 1224979098644774922 0 729 2 1 1224979098644774923 2120 3 1224979098644774924 1224979098644774921 0 730 2 1 1224979098644774924 926 2 72057594037927936 1 729 2 1 12000 730 2 1 1000 925 2 72057594037927936 1 3 0 2350 2 1 1224979098644774915 4 0 401 1 1224979098644774915 548 3 1224979098644774915 40 1 2320 2 1 216172782113787334 5 0 2320 2 1 216172782113787335 3 0 912 3 72057594037927936 1 0 921 2 72057594037927936 1224979098644774936 729 2 1 750 730 2 1 750 925 2 72057594037927936 1 729 2 1 1224979098644774922 730 2 1 1224979098644774921 926 2 72057594037927936 1 508 3 1224979098644774915 22 72057594037927936 437 2 72057594037927936 1224979098644774915 910 3 72057594037927936 216172782113785671 8 921 2 72057594037927936 1224979098644774936 729 2 1 750 730 2 1 750 925 2 72057594037927936 1 2120 3 1224979098644774923 1224979098644774922 215 729 2 1 1224979098644774923 730 2 1 1224979098644774921 926 2 72057594037927936 1 2106 2 1224979098644774921 20 3 0 3 0 77 1 238 77 1 239 4 0 945 1 -1 1073741855 2 144115188075856739 4 31 2 144115188075856739 7 911 2 72057594037927936 1441151880758558783 729 2 1 680 730 2 1 525 926 2 72057594037927936 1 729 2 1 400 730 2 1 120 925 2 72057594037927936 1 2133 2 1224979098644774921 608 2105 2 1224979098644774921 40 2133 2 1224979098644774921 490 916 1 144115188075856741 1 1 936748722493063803 2133 2 144115188075856703 0 927 2 144115188075856741 144115188075856703 729 2 1 800 730 2 1 1224979098644774921 926 2 144115188075856741 1 729 2 1 800 730 2 1 1000 925 2 144115188075856741 1 910 2 72057594037927936 216172782113787385 729 2 1 700 730 2 1 535 926 2 72057594037927936 1 729 2 1 2000 730 2 1 2000 925 2 72057594037927936 1 921 2 72057594037927936 16777215 3 0 4 0 945 1 -1 1073741855 2 144115188075856739 9 31 2 144115188075856739 3 911 2 72057594037927936 1441151880758558783 729 2 1 680 730 2 1 625 926 2 72057594037927936 1 729 2 1 400 730 2 1 120 925 2 72057594037927936 1 2133 2 1224979098644774921 608 2105 2 1224979098644774921 40 2133 2 1224979098644774921 590 916 1 144115188075856741 1 1 936748722493063803 2133 2 144115188075856703 0 927 2 144115188075856741 144115188075856703 729 2 1 800 730 2 1 1224979098644774921 926 2 144115188075856741 1 729 2 1 800 730 2 1 1000 925 2 144115188075856741 1 910 2 72057594037927936 216172782113787385 729 2 1 700 730 2 1 635 926 2 72057594037927936 1 729 2 1 2000 730 2 1 2000 925 2 72057594037927936 1 921 2 72057594037927936 16777215 3 0 4 0 1073741855 2 144115188075856739 7 1073741855 2 144115188075856739 4 1073741855 2 144115188075856739 12 1073741855 2 144115188075856739 8 1073741855 2 144115188075856739 14 1073741855 2 144115188075856739 15 1073741855 2 144115188075856739 16 1073741855 2 144115188075856739 17 1073741855 2 144115188075856739 18 31 2 144115188075856739 10 945 1 -1 911 2 72057594037927936 1441151880758558783 729 2 1 680 730 2 1 625 926 2 72057594037927936 1 729 2 1 400 730 2 1 130 925 2 72057594037927936 1 2133 2 1224979098644774921 608 2105 2 1224979098644774921 40 4 0 31 2 144115188075856739 4 910 2 144115188075856953 216172782113787420 5 0 31 2 144115188075856739 7 910 2 144115188075856953 216172782113787421 5 0 31 2 144115188075856739 10 910 2 144115188075856953 216172782113787422 5 0 31 2 144115188075856739 12 910 2 144115188075856953 216172782113787423 5 0 31 2 144115188075856739 8 910 2 144115188075856953 216172782113787424 5 0 31 2 144115188075856739 14 910 2 144115188075856953 216172782113787425 5 0 31 2 144115188075856739 15 910 2 144115188075856953 216172782113787426 5 0 1073741855 2 144115188075856739 16 31 2 144115188075856739 17 910 2 144115188075856953 216172782113787427 5 0 31 2 144115188075856739 18 910 2 144115188075856953 216172782113787428 3 0 921 2 144115188075856953 16777215 729 2 1 688 730 2 1 1224979098644774921 926 2 144115188075856953 1 729 2 1 850 730 2 1 850 925 2 144115188075856953 1 4 0 2147483679 2 144115188075856739 10 2147483679 2 144115188075856739 8 2133 2 1224979098644774921 550 2105 2 1224979098644774921 40 916 1 144115188075856740 1 1 936748722493063802 927 2 144115188075856740 144115188075856702 729 2 1 800 730 2 1 1224979098644774921 926 2 144115188075856740 1 729 2 1 800 730 2 1 1000 925 2 144115188075856740 1 3 0 4 0 1073741855 2 144115188075856739 10 31 2 144115188075856739 8 4 0 31 2 144115188075856739 8 942 3 144115188075856954 1 101 927 2 144115188075856954 144115188075856701 5 0 31 2 144115188075856739 10 942 3 144115188075856954 0 100001 927 2 144115188075856954 144115188075856700 3 0 2133 2 1224979098644774921 632 729 2 1 800 730 2 1 1224979098644774921 926 2 144115188075856954 1 3 0 3 0 902 1 999999 
-62.000000  212 2071 1 1224979098644774912 2072 1 1224979098644774913 400 1 1224979098644774914 2133 2 1224979098644774915 0 6 3 1224979098644774916 1 1224979098644774914 2147483679 2 144115188075856740 1224979098644774912 4 0 2147483679 2 1224979098644774912 144115188075856951 401 1 1224979098644774916 548 3 1224979098644774916 22 1224979098644774912 2133 2 1224979098644774915 1 5 0 31 2 1224979098644774912 144115188075856951 2133 2 1224979098644774915 1 3 0 4 0 31 2 1224979098644774915 1 4 0 33 3 144115188075856739 1 3 4 0 415 1 1224979098644774917 30 2 1224979098644774917 0 390 3 21 144115188075856739 1224979098644774916 2370 1 1224979098644774918 2105 2 1224979098644774918 900 508 3 1224979098644774917 26 1224979098644774918 3 0 5 0 31 2 144115188075856739 3 390 3 23 1224979098644774916 144115188075856703 900 1 1513209474796486678 5 0 31 2 144115188075856739 4 415 1 1224979098644774919 401 1 1224979098644774919 4 0 1073742372 3 1224979098644774919 58 1 1073742372 3 1224979098644774919 59 1 430 1 1224979098644774919 391 4 24 1224979098644774916 144115188075856702 144115188075856703 5 0 548 3 1224979098644774919 57 1 391 3 24 1224979098644774916 1 3 0 900 1 1513209474796486678 5 0 31 2 144115188075856739 5 440 2 1224979098644774916 1 5 0 31 2 144115188075856739 6 440 2 1224979098644774916 0 5 0 31 2 144115188075856739 8 4 0 31 2 1224979098644774912 144115188075856951 390 3 87 2 144115188075856701 902 1 0 5 0 391 4 126 2 1224979098644774916 144115188075856701 902 1 0 900 1 1513209474796486678 3 0 5 0 31 2 144115188075856739 9 4 0 31 2 1224979098644774912 144115188075856951 389 2 87 1 5 0 391 4 126 1 1224979098644774916 144115188075856703 3 0 5 0 31 2 144115188075856739 10 4 0 31 2 1224979098644774912 144115188075856951 390 3 87 4 144115188075856700 902 1 0 5 0 391 4 126 4 1224979098644774916 144115188075856700 902 1 0 900 1 1513209474796486678 3 0 5 0 31 2 144115188075856739 11 4 0 31 2 1224979098644774912 144115188075856951 2133 2 144115188075856952 50000 2133 2 144115188075856955 2 5 0 2133 2 144115188075856952 1224979098644774916 1106 1 1585267068834415059 2133 2 144115188075856955 1 3 0 902 1 0 900 1 1513209474796486710 5 0 31 2 144115188075856739 7 4 0 31 2 1224979098644774912 144115188075856951 390 3 87 8 144115188075856702 5 0 392 5 126 8 1224979098644774916 144115188075856702 144115188075856703 900 1 1513209474796486678 3 0 5 0 31 2 144115188075856739 12 4 0 31 2 1224979098644774912 144115188075856951 390 3 87 3 144115188075856702 5 0 391 4 126 3 1224979098644774916 144115188075856702 900 1 1513209474796486678 3 0 5 0 31 2 144115188075856739 13 4 0 31 2 1224979098644774912 144115188075856951 389 2 87 5 5 0 390 3 126 5 1224979098644774916 900 1 1513209474796486678 3 0 5 0 31 2 144115188075856739 14 4 0 31 2 1224979098644774912 144115188075856951 390 3 87 14 144115188075856702 5 0 391 4 126 14 1224979098644774916 144115188075856702 900 1 1513209474796486678 3 0 5 0 31 2 144115188075856739 15 4 0 31 2 1224979098644774912 144115188075856951 390 3 87 17 144115188075856702 5 0 391 4 126 17 1224979098644774916 144115188075856702 900 1 1513209474796486678 3 0 5 0 1073741855 2 144115188075856739 16 31 2 144115188075856739 17 4 0 2147483679 2 144115188075856739 17 31 2 1224979098644774912 144115188075856951 390 3 87 18 144115188075856702 5 0 391 4 126 18 1224979098644774916 144115188075856702 900 1 1513209474796486678 3 0 5 0 31 2 144115188075856739 18 4 0 31 2 1224979098644774912 144115188075856951 390 3 87 24 144115188075856702 5 0 391 4 126 24 1224979098644774916 144115188075856702 900 1 1513209474796486678 3 0 5 0 31 2 144115188075856739 19 4 0 31 2 1224979098644774912 144115188075856951 389 2 87 25 5 0 390 3 126 25 1224979098644774916 900 1 1513209474796486678 3 0 5 0 31 2 144115188075856739 20 390 3 49 6 1224979098644774916 900 1 1513209474796486678 3 0 3 0 31 2 1224979098644774915 1 2133 2 1224979098644774914 0 2147483679 2 144115188075856739 11 2147483679 2 144115188075856739 8 2147483679 2 144115188075856739 10 902 1 0 3 0 4 0 31 2 1224979098644774912 144115188075856740 2133 2 144115188075856702 1224979098644774913 4 0 31 2 144115188075856739 16 31 2 144115188075856702 1 2133 2 144115188075856739 17 902 1 0 900 1 1513209474796486678 5 0 31 2 144115188075856739 17 31 2 144115188075856702 0 2133 2 144115188075856739 16 902 1 0 900 1 1513209474796486678 3 0 3 0 4 0 31 2 1224979098644774912 144115188075856954 4 0 31 2 144115188075856739 8 2133 2 144115188075856701 1224979098644774913 5 0 31 2 144115188075856739 10 2133 2 144115188075856700 1224979098644774913 3 0 3 0 4 0 31 2 1224979098644774912 144115188075856741 2133 2 144115188075856703 1224979098644774913 3 0 
-61.000000  7 2071 1 1224979098644774912 4 0 1073741895 1 1 71 1 248 32 2 1224979098644774912 200 902 1 0 3 0 


prsnt_multiplayer_show_maps_list 2 0 3
-60.000000  44 2124 1 1000 911 2 72057594037927936 1441151880758558783 729 2 1 250 730 2 1 80 926 2 72057594037927936 1 729 2 1 1000 730 2 1 1000 925 2 72057594037927936 1 2319 1 0 910 3 144115188075856956 0 131072 729 2 1 285 730 2 1 125 926 2 144115188075856956 1 729 2 1 405 730 2 1 500 929 2 144115188075856956 1 945 1 144115188075856956 1 2 936748722493063288 144115188075856325 2133 2 1224979098644774912 72057594037927936 2122 3 1224979098644774913 1224979098644774912 40 2105 2 1224979098644774913 10 910 3 72057594037927936 216172782113785753 0 921 2 72057594037927936 16777215 729 2 1 0 730 2 1 1224979098644774913 926 2 72057594037927936 1 2106 2 1224979098644774913 40 2133 2 1224979098644774914 -1 6 3 1224979098644774915 0 1224979098644774912 2120 3 1224979098644774916 1224979098644774915 0 520 3 1224979098644774917 360287970189640518 1224979098644774916 2121 3 1224979098644774918 1224979098644774917 720575940379279851 2105 2 1224979098644774918 216172782113785456 2320 2 0 1224979098644774918 912 3 1224979098644774914 0 0 921 2 1224979098644774914 16777215 729 2 1 100 730 2 1 1224979098644774913 926 2 1224979098644774914 1 2106 2 1224979098644774913 40 3 0 2120 3 144115188075856957 1224979098644774914 1 2121 3 144115188075856958 144115188075856957 1224979098644774912 902 1 999999 
-62.000000  25 2071 1 1224979098644774912 6 3 1224979098644774913 144115188075856958 144115188075856957 31 2 1224979098644774912 1224979098644774913 1 2 936748722493063288 144115188075856325 2121 3 1224979098644774914 1224979098644774912 144115188075856958 2105 2 1224979098644774914 0 520 3 1224979098644774915 360287970189640518 1224979098644774914 902 1 0 4 0 31 2 144115188075856949 1 4 0 415 1 1224979098644774916 30 2 1224979098644774916 0 390 3 21 0 1224979098644774915 2370 1 1224979098644774917 2105 2 1224979098644774917 900 508 3 1224979098644774916 26 1224979098644774917 3 0 5 0 2133 2 144115188075856959 1 2133 2 144115188075856960 1224979098644774915 900 1 1513209474796486680 3 0 2133 2 144115188075856957 0 3 0 
-61.000000  7 2071 1 1224979098644774912 4 0 1073741895 1 1 71 1 248 32 2 1224979098644774912 200 902 1 0 3 0 


prsnt_multiplayer_show_factions_list 2 0 3
-60.000000  46 2124 1 1000 911 2 72057594037927936 1441151880758558783 729 2 1 250 730 2 1 80 926 2 72057594037927936 1 729 2 1 1000 730 2 1 1000 925 2 72057594037927936 1 2319 1 0 910 3 144115188075856961 0 131072 729 2 1 285 730 2 1 125 926 2 144115188075856961 1 729 2 1 405 730 2 1 500 929 2 144115188075856961 1 945 1 144115188075856961 2121 3 1224979098644774912 432345564227567637 432345564227567631 4 0 31 2 144115188075856959 2 2106 2 1224979098644774912 1 3 0 2122 3 1224979098644774913 1224979098644774912 40 2105 2 1224979098644774913 10 2133 2 72057594037927936 144115188075856959 910 3 72057594037927936 216172782113785754 0 921 2 72057594037927936 16777215 729 2 1 0 730 2 1 1224979098644774913 926 2 72057594037927936 1 2106 2 1224979098644774913 40 2133 2 1224979098644774914 -1 6 3 1224979098644774915 432345564227567631 432345564227567637 1073741855 2 144115188075856959 1 2147483679 2 144115188075856962 1224979098644774915 2335 2 0 1224979098644774915 912 3 1224979098644774914 0 0 921 2 1224979098644774914 16777215 729 2 1 100 730 2 1 1224979098644774913 926 2 1224979098644774914 1 2106 2 1224979098644774913 40 3 0 2120 3 144115188075856963 1224979098644774914 1 2121 3 144115188075856964 144115188075856963 1224979098644774912 902 1 999999 
-62.000000  27 2071 1 1224979098644774912 6 3 1224979098644774913 144115188075856964 144115188075856963 31 2 1224979098644774912 1224979098644774913 2121 3 1224979098644774914 1224979098644774912 144115188075856964 2105 2 1224979098644774914 432345564227567631 902 1 0 4 0 31 2 144115188075856959 2 4 0 30 2 1224979098644774914 144115188075856962 2105 2 1224979098644774914 1 3 0 4 0 415 1 1224979098644774915 30 2 1224979098644774915 0 392 5 21 3 144115188075856960 144115188075856962 1224979098644774914 2370 1 1224979098644774916 2105 2 1224979098644774916 900 508 3 1224979098644774915 26 1224979098644774916 3 0 5 0 2133 2 144115188075856959 2 2133 2 144115188075856962 1224979098644774914 900 1 1513209474796486680 3 0 2133 2 144115188075856963 0 3 0 
-61.000000  7 2071 1 1224979098644774912 4 0 1073741895 1 1 71 1 248 32 2 1224979098644774912 200 902 1 0 3 0 


prsnt_multiplayer_show_number_of_bots_list 2 0 3
-60.000000  53 2124 1 1000 911 2 72057594037927936 1441151880758558783 729 2 1 250 730 2 1 80 926 2 72057594037927936 1 729 2 1 1000 730 2 1 1000 925 2 72057594037927936 1 2319 1 0 910 3 144115188075856965 0 131072 729 2 1 285 730 2 1 125 926 2 144115188075856965 1 729 2 1 405 730 2 1 500 929 2 144115188075856965 1 945 1 144115188075856965 2133 2 1224979098644774912 0 2120 3 1224979098644774913 144115188075856454 1 6 3 1224979098644774914 0 1224979098644774913 2133 2 1224979098644774915 1224979098644774914 2109 2 1224979098644774915 5 3221225502 2 1224979098644774914 10 31 2 1224979098644774915 0 2105 2 1224979098644774912 1 3 0 2122 3 1224979098644774916 1224979098644774912 40 2105 2 1224979098644774916 10 2133 2 72057594037927936 144115188075856950 910 3 72057594037927936 216172782113785755 0 921 2 72057594037927936 16777215 729 2 1 0 730 2 1 1224979098644774916 926 2 72057594037927936 1 2106 2 1224979098644774916 40 2133 2 1224979098644774917 -1 6 3 1224979098644774914 0 1224979098644774913 2133 2 1224979098644774915 1224979098644774914 2109 2 1224979098644774915 5 3221225502 2 1224979098644774914 10 31 2 1224979098644774915 0 2133 2 72057594037927936 1224979098644774914 2320 2 0 216172782113785671 912 3 1224979098644774917 0 0 921 2 1224979098644774917 16777215 729 2 1 100 730 2 1 1224979098644774916 926 2 1224979098644774917 1 2106 2 1224979098644774916 40 3 0 2120 3 144115188075856966 1224979098644774917 1 2121 3 144115188075856967 144115188075856966 1224979098644774912 902 1 999999 
-62.000000  29 2071 1 1224979098644774912 6 3 1224979098644774913 144115188075856967 144115188075856966 31 2 1224979098644774912 1224979098644774913 2121 3 1224979098644774914 1224979098644774912 144115188075856967 4 0 2147483678 2 1224979098644774914 10 2133 2 1224979098644774915 1224979098644774914 5 0 2121 3 1224979098644774915 1224979098644774914 8 2107 2 1224979098644774915 5 3 0 902 1 0 4 0 31 2 144115188075856950 2 4 0 415 1 1224979098644774916 30 2 1224979098644774916 0 391 4 21 4 144115188075856968 1224979098644774915 2370 1 1224979098644774917 2105 2 1224979098644774917 900 508 3 1224979098644774916 26 1224979098644774917 3 0 5 0 2133 2 144115188075856950 2 2133 2 144115188075856968 1224979098644774915 900 1 1513209474796486681 3 0 2133 2 144115188075856966 0 3 0 
-61.000000  7 2071 1 1224979098644774912 4 0 1073741895 1 1 71 1 248 32 2 1224979098644774912 200 902 1 0 3 0 


prsnt_multiplayer_poll 3 0 2
-60.000000  114 2124 1 1000 911 2 72057594037927936 1441151880758558776 921 2 72057594037927936 0 922 2 72057594037927936 68 729 2 1 50 730 2 1 50 926 2 72057594037927936 1 729 2 1 37500 730 2 1 4500 925 2 72057594037927936 1 4 0 31 2 144115188075856351 0 2121 3 1224979098644774912 144115188075856352 720575940379279851 2105 2 1224979098644774912 216172782113785456 2320 2 0 1224979098644774912 910 3 72057594037927936 216172782113785613 16 5 0 31 2 144115188075856351 1 2350 2 0 144115188075856352 910 3 72057594037927936 216172782113785611 16 5 0 31 2 144115188075856351 2 2350 2 0 144115188075856352 910 3 72057594037927936 216172782113785612 16 5 0 31 2 144115188075856351 3 2121 3 1224979098644774912 144115188075856352 720575940379279851 2105 2 1224979098644774912 216172782113785456 2320 2 0 1224979098644774912 2335 2 1 144115188075856483 2335 2 2 144115188075856484 910 3 72057594037927936 216172782113785614 131088 5 0 2133 2 72057594037927936 144115188075856352 2133 2 72057594037927937 144115188075856483 2335 2 0 144115188075856450 2335 2 1 144115188075856451 910 3 72057594037927936 216172782113785615 131088 3 0 921 2 72057594037927936 16777215 4 0 2147483679 2 144115188075856351 3 2147483679 2 144115188075856351 4 729 2 1 400 730 2 1 100 926 2 72057594037927936 1 5 0 729 2 1 50 730 2 1 70 926 2 72057594037927936 1 729 2 1 750 730 2 1 60 929 2 72057594037927936 1 3 0 2370 1 1224979098644774913 2121 3 144115188075856969 144115188075856487 1224979098644774913 2133 2 72057594037927936 144115188075856969 910 3 144115188075856970 216172782113785616 32776 921 2 144115188075856970 16777215 729 2 1 790 730 2 1 60 926 2 144115188075856970 1 4 0 415 1 1224979098644774914 1073742372 3 1224979098644774914 57 1 1073742372 3 1224979098644774914 58 1 1073742372 3 1224979098644774914 59 1 430 1 1224979098644774914 911 2 72057594037927936 1441151880758558783 729 2 1 850 730 2 1 310 926 2 72057594037927936 1 729 2 1 510 730 2 1 500 925 2 72057594037927936 1 2133 2 1224979098644774915 520 2105 2 1224979098644774915 40 910 3 72057594037927936 216172782113787323 0 921 2 72057594037927936 16777215 729 2 1 860 730 2 1 1224979098644774915 926 2 72057594037927936 1 2106 2 1224979098644774915 40 910 3 72057594037927936 216172782113787324 0 921 2 72057594037927936 16777215 729 2 1 860 730 2 1 1224979098644774915 926 2 72057594037927936 1 2106 2 1224979098644774915 80 910 3 72057594037927936 216172782113787325 0 921 2 72057594037927936 3858176 729 2 1 860 730 2 1 1224979098644774915 926 2 72057594037927936 1 2106 2 1224979098644774915 40 910 3 72057594037927936 216172782113787326 0 921 2 72057594037927936 16711680 729 2 1 860 730 2 1 1224979098644774915 926 2 72057594037927936 1 2106 2 1224979098644774915 40 910 3 72057594037927936 216172782113787327 0 921 2 72057594037927936 16777215 729 2 1 860 730 2 1 1224979098644774915 926 2 72057594037927936 1 2106 2 1224979098644774915 40 77 1 63 77 1 64 77 1 65 3 0 77 1 2 77 1 3 902 1 999999 
-61.000000  60 2071 1 1224979098644774912 415 1 1224979098644774913 4 0 1073741895 1 1 1073741895 1 248 71 1 3 32 2 1224979098644774912 500 389 2 22 0 78 0 902 1 0 5 0 71 1 2 32 2 1224979098644774912 500 389 2 22 1 78 0 902 1 0 5 0 71 1 65 1073742372 3 1224979098644774913 57 1 1073742372 3 1224979098644774913 58 1 1073742372 3 1224979098644774913 59 1 430 1 1224979098644774913 32 2 1224979098644774912 500 78 0 902 1 0 5 0 71 1 63 1073742372 3 1224979098644774913 57 1 1073742372 3 1224979098644774913 58 1 1073742372 3 1224979098644774913 59 1 430 1 1224979098644774913 32 2 1224979098644774912 500 390 3 126 9 1 78 0 902 1 0 5 0 71 1 64 1073742372 3 1224979098644774913 57 1 1073742372 3 1224979098644774913 58 1 1073742372 3 1224979098644774913 59 1 430 1 1224979098644774913 32 2 1224979098644774912 500 390 3 126 9 2 78 0 902 1 0 3 0 2370 1 1224979098644774914 2121 3 1224979098644774915 144115188075856487 1224979098644774914 4 0 2147483679 2 1224979098644774915 144115188075856969 4 0 2147483678 2 1224979098644774915 0 78 0 902 1 0 5 0 2133 2 144115188075856969 1224979098644774915 2133 2 72057594037927936 144115188075856969 920 2 144115188075856970 216172782113785616 3 0 3 0 


prsnt_tutorial_show_mouse_movement 3 0 2
-60.000000  38 4 0 1073741855 2 144115188075856253 -1 31 2 144115188075856254 -1 902 1 0 5 0 2124 1 1000 2133 2 144115188075856971 144115188075856253 2133 2 144115188075856972 144115188075856254 2120 3 1224979098644774912 144115188075856253 1441151880758559228 911 2 72057594037927936 1224979098644774912 729 2 1 800 730 2 1 800 925 2 72057594037927936 1 729 2 1 380 730 2 1 500 926 2 72057594037927936 1 4 0 31 2 144115188075856254 0 911 2 72057594037927936 1441151880758559233 5 0 911 2 72057594037927936 1441151880758559234 3 0 729 2 1 800 730 2 1 800 925 2 72057594037927936 1 729 2 1 540 730 2 1 500 926 2 72057594037927936 1 911 2 72057594037927936 1441151880758559232 921 2 72057594037927936 16777215 729 2 1 600 730 2 1 600 925 2 72057594037927936 1 729 2 1 470 730 2 1 510 926 2 72057594037927936 1 902 1 999999 3 0 
-61.000000  10 4 0 3221225503 2 144115188075856971 144115188075856253 2147483679 2 144115188075856972 144115188075856254 902 1 0 4 0 30 2 144115188075856253 0 30 2 144115188075856254 0 900 1 1513209474796486683 3 0 3 0 


prsnt_name_kingdom 0 53 2
-60.000000  25 2124 1 1000 2320 2 1 216172782113786859 910 3 72057594037927937 1 16 729 2 1 500 730 2 1 500 926 2 72057594037927937 1 920 2 72057594037927937 1 919 1 144115188075856973 729 2 1 400 730 2 1 400 926 2 144115188075856973 1 4 0 31 2 144115188075856974 1 2335 2 7 432345564227567630 920 2 144115188075856973 7 5 0 2322 2 0 360287970189639680 920 2 144115188075856973 216172782113786860 2320 2 7 216172782113786860 3 0 912 3 144115188075856975 1585267068834415060 16 729 2 1 500 730 2 1 300 926 2 144115188075856975 1 902 1 999999 
-62.000000  11 2071 1 1224979098644774912 4 0 31 2 1224979098644774912 144115188075856973 2320 2 7 0 5 0 31 2 1224979098644774912 144115188075856975 1275 2 432345564227567630 7 1276 2 432345564227567630 16711680 2133 2 144115188075856974 1 902 1 0 3 0 


prsnt_banner_selection 0 53 3
-60.000000  35 2124 1 1000 2320 2 1 216172782113784215 910 3 72057594037927937 1 16 729 2 1 500 730 2 1 600 926 2 72057594037927937 1 920 2 72057594037927937 1 912 3 144115188075856976 1585267068834415054 16 729 2 1 500 730 2 1 50 926 2 144115188075856976 1 2133 2 1224979098644774912 150 2133 2 1224979098644774913 575 2133 2 1224979098644774914 1441151880758559073 2121 3 1224979098644774915 432345564227567637 432345564227567631 2106 2 1224979098644774914 1224979098644774915 2122 3 1224979098644774916 16 144115188075856775 2105 2 1224979098644774916 1441151880758558932 2120 3 1224979098644774917 1224979098644774916 16 2110 2 1224979098644774914 1224979098644774917 2120 3 144115188075856776 144115188075856976 1 6 3 1224979098644774918 1224979098644774916 1224979098644774914 913 3 72057594037927937 1224979098644774918 1224979098644774918 729 2 1 1224979098644774912 730 2 1 1224979098644774913 926 2 72057594037927937 1 729 2 1 100 730 2 1 100 925 2 72057594037927937 1 2105 2 1224979098644774912 100 30 2 1224979098644774912 900 2133 2 1224979098644774912 150 2106 2 1224979098644774913 250 3 0 902 1 999999 
-62.000000  36 2071 1 1224979098644774912 4 0 31 2 1224979098644774912 144115188075856976 2105 2 144115188075856775 1 2109 2 144115188075856775 8 900 1 1513209474796486685 5 0 2121 3 1224979098644774913 1224979098644774912 144115188075856776 2122 3 1224979098644774914 16 144115188075856775 2105 2 1224979098644774913 1224979098644774914 2120 3 1224979098644774915 1224979098644774913 1297036692682702894 1677 2 648518346341351424 1224979098644774915 2120 3 1224979098644774916 1224979098644774913 1080863910568919283 500 3 360287970189639680 13 1224979098644774916 902 1 0 2133 2 1224979098644774917 0 2133 2 1224979098644774918 360287970189640022 6 3 1224979098644774919 360287970189639874 1224979098644774918 540 3 1224979098644774919 13 1224979098644774916 2133 2 1224979098644774917 1224979098644774919 2133 2 1224979098644774918 0 500 3 1224979098644774919 13 1080863910568919424 520 3 1224979098644774920 1224979098644774919 10 32 2 1224979098644774920 0 1677 2 1224979098644774920 1297036692682703035 3 0 6 3 1224979098644774921 648518346341351445 648518346341351515 4 0 541 3 1224979098644774921 7 360287970189639680 1677 2 1224979098644774921 1224979098644774915 5 0 541 3 1224979098644774921 7 1224979098644774917 1677 2 1224979098644774921 1297036692682703035 3 0 3 0 3 0 
-61.000000  9 4 0 1073741895 1 57 1073741895 1 28 1073741895 1 1 1073741895 1 14 1073741895 1 252 71 1 253 902 1 0 3 0 


prsnt_custom_banner 0 53 2
-60.000000  280 2124 1 1000 520 3 1224979098644774912 360287970189639680 96 2111 2 1224979098644774912 0 2105 2 1224979098644774912 1441151880758558834 520 3 1224979098644774913 360287970189639680 99 2111 2 1224979098644774913 0 2105 2 1224979098644774913 1441151880758558831 520 3 1224979098644774914 360287970189639680 85 520 3 1224979098644774915 360287970189639680 86 910 3 72057594037927937 216172782113783859 0 729 2 1 40 730 2 1 550 926 2 72057594037927937 1 910 3 72057594037927937 216172782113783860 0 729 2 1 40 730 2 1 500 926 2 72057594037927937 1 938 4 144115188075856977 1441151880758558830 1729382256910270505 1224979098644774914 938 4 144115188075856978 1441151880758558830 1729382256910270505 1224979098644774915 729 2 1 200 730 2 1 565 926 2 144115188075856977 1 730 2 1 515 926 2 144115188075856978 1 729 2 1 250 730 2 1 250 925 2 144115188075856977 1 925 2 144115188075856978 1 912 3 144115188075856979 216172782113783858 16 912 3 144115188075856980 216172782113783858 16 912 3 144115188075856981 216172782113783831 16 912 3 144115188075856982 216172782113783858 16 912 3 144115188075856983 216172782113783858 16 912 3 144115188075856984 216172782113783853 16 520 3 1224979098644774916 360287970189639680 97 912 3 144115188075856985 216172782113783834 16 938 4 144115188075856986 1224979098644774912 1729382256910270507 360287970189639680 4 0 31 2 1224979098644774913 1441151880758558831 938 4 144115188075856987 1224979098644774913 1729382256910270509 360287970189639680 5 0 31 2 1224979098644774913 1441151880758558832 938 4 144115188075856987 1224979098644774913 1729382256910270510 360287970189639680 5 0 938 4 144115188075856987 1224979098644774913 1729382256910270508 360287970189639680 3 0 938 4 144115188075856988 -1 1729382256910270506 360287970189639680 910 3 72057594037927937 216172782113783835 16 729 2 1 825 730 2 1 650 926 2 72057594037927937 1 910 3 72057594037927937 216172782113783836 16 730 2 1 500 926 2 72057594037927937 1 729 2 1 800 730 2 1 640 926 2 144115188075856986 1 729 2 1 780 730 2 1 315 926 2 144115188075856987 1 729 2 1 50 730 2 1 50 925 2 144115188075856986 1 729 2 1 50 730 2 1 50 925 2 144115188075856987 1 910 3 72057594037927937 216172782113783837 0 729 2 1 40 730 2 1 350 926 2 72057594037927937 1 2133 2 72057594037927937 1224979098644774916 910 3 72057594037927938 216172782113783817 16 729 2 1 350 730 2 1 350 926 2 72057594037927938 1 4 0 2147483678 2 1224979098644774916 4 912 3 144115188075856989 216172782113786968 16 729 2 1 385 730 2 1 350 926 2 144115188075856989 1 5 0 2133 2 144115188075856989 -1 3 0 4 0 32 2 1224979098644774916 0 912 3 144115188075856990 216172782113786969 16 729 2 1 370 730 2 1 350 926 2 144115188075856990 1 5 0 2133 2 144115188075856990 -1 3 0 4 0 30 2 1224979098644774916 1 910 3 72057594037927937 216172782113783861 16 729 2 1 300 730 2 1 300 926 2 72057594037927937 1 910 3 72057594037927937 216172782113783862 16 729 2 1 550 730 2 1 300 926 2 72057594037927937 1 912 3 144115188075856991 216172782113783846 16 730 2 1 350 729 2 1 550 926 2 144115188075856991 1 910 3 72057594037927937 216172782113783854 0 729 2 1 40 730 2 1 240 926 2 72057594037927937 1 912 3 144115188075856992 216172782113783858 0 729 2 1 310 926 2 144115188075856992 1 912 3 144115188075856993 216172782113783858 0 729 2 1 560 926 2 144115188075856993 1 520 3 1224979098644774917 360287970189639680 92 2109 2 1224979098644774917 256 2105 2 1224979098644774917 1441151880758558860 913 3 144115188075856994 1224979098644774917 1224979098644774917 729 2 1 260 730 2 1 255 926 2 144115188075856994 1 729 2 1 50 730 2 1 50 925 2 144115188075856994 1 520 3 1224979098644774918 360287970189639680 87 938 4 144115188075856995 1441151880758558830 1729382256910270505 1224979098644774918 729 2 1 530 730 2 1 255 926 2 144115188075856995 1 729 2 1 250 730 2 1 250 925 2 144115188075856995 1 912 3 144115188075856996 216172782113783863 0 729 2 1 700 730 2 1 240 926 2 144115188075856996 1 912 3 144115188075856997 216172782113783864 0 729 2 1 800 926 2 144115188075856997 1 3 0 4 0 30 2 1224979098644774916 2 910 3 72057594037927937 216172782113783855 0 729 2 1 40 730 2 1 180 926 2 72057594037927937 1 912 3 144115188075856998 216172782113783858 0 729 2 1 310 926 2 144115188075856998 1 912 3 144115188075856999 216172782113783858 0 729 2 1 560 926 2 144115188075856999 1 520 3 1224979098644774917 360287970189639680 93 2109 2 1224979098644774917 256 2105 2 1224979098644774917 1441151880758558860 913 3 144115188075857000 1224979098644774917 1224979098644774917 729 2 1 260 730 2 1 195 926 2 144115188075857000 1 729 2 1 50 730 2 1 50 925 2 144115188075857000 1 520 3 1224979098644774918 360287970189639680 88 938 4 144115188075857001 1441151880758558830 1729382256910270505 1224979098644774918 729 2 1 530 730 2 1 195 926 2 144115188075857001 1 729 2 1 250 730 2 1 250 925 2 144115188075857001 1 912 3 144115188075857002 216172782113783863 0 729 2 1 700 730 2 1 180 926 2 144115188075857002 1 912 3 144115188075857003 216172782113783864 0 729 2 1 800 926 2 144115188075857003 1 3 0 4 0 30 2 1224979098644774916 3 910 3 72057594037927937 216172782113783856 0 729 2 1 40 730 2 1 120 926 2 72057594037927937 1 912 3 144115188075857004 216172782113783858 0 729 2 1 310 926 2 144115188075857004 1 912 3 144115188075857005 216172782113783858 0 729 2 1 560 926 2 144115188075857005 1 520 3 1224979098644774917 360287970189639680 94 2109 2 1224979098644774917 256 2105 2 1224979098644774917 1441151880758558860 913 3 144115188075857006 1224979098644774917 1224979098644774917 729 2 1 260 730 2 1 135 926 2 144115188075857006 1 729 2 1 50 730 2 1 50 925 2 144115188075857006 1 520 3 1224979098644774918 360287970189639680 89 938 4 144115188075857007 1441151880758558830 1729382256910270505 1224979098644774918 729 2 1 530 730 2 1 135 926 2 144115188075857007 1 729 2 1 250 730 2 1 250 925 2 144115188075857007 1 912 3 144115188075857008 216172782113783863 0 729 2 1 700 730 2 1 120 926 2 144115188075857008 1 912 3 144115188075857009 216172782113783864 0 729 2 1 800 926 2 144115188075857009 1 3 0 4 0 30 2 1224979098644774916 4 910 3 72057594037927937 216172782113783857 0 729 2 1 40 730 2 1 60 926 2 72057594037927937 1 912 3 144115188075857010 216172782113783858 0 729 2 1 310 926 2 144115188075857010 1 912 3 144115188075857011 216172782113783858 0 729 2 1 560 926 2 144115188075857011 1 520 3 1224979098644774917 360287970189639680 95 2109 2 1224979098644774917 256 2105 2 1224979098644774917 1441151880758558860 913 3 144115188075857012 1224979098644774917 1224979098644774917 729 2 1 260 730 2 1 75 926 2 144115188075857012 1 729 2 1 50 730 2 1 50 925 2 144115188075857012 1 520 3 1224979098644774918 360287970189639680 90 938 4 144115188075857013 1441151880758558830 1729382256910270505 1224979098644774918 729 2 1 530 730 2 1 75 926 2 144115188075857013 1 729 2 1 250 730 2 1 250 925 2 144115188075857013 1 912 3 144115188075857014 216172782113783863 0 729 2 1 700 730 2 1 60 926 2 144115188075857014 1 912 3 144115188075857015 216172782113783864 0 729 2 1 800 926 2 144115188075857015 1 3 0 729 2 1 350 730 2 1 400 926 2 144115188075856988 1 729 2 1 275 730 2 1 550 926 2 144115188075856979 1 730 2 1 500 926 2 144115188075856980 1 729 2 1 175 730 2 1 600 926 2 144115188075856981 1 729 2 1 880 730 2 1 575 926 2 144115188075856982 1 730 2 1 400 926 2 144115188075856983 1 730 2 1 650 729 2 1 175 926 2 144115188075856985 1 730 2 1 150 729 2 1 850 926 2 144115188075856984 1 902 1 999999 
-62.000000  228 2071 1 1224979098644774912 520 3 1224979098644774913 360287970189639680 97 4 0 1073741855 2 1224979098644774912 144115188075856979 31 2 1224979098644774912 144115188075856977 2133 2 144115188075857016 1513209474796486686 2133 2 144115188075857017 85 900 1 1513209474796486692 5 0 1073741855 2 1224979098644774912 144115188075856980 31 2 1224979098644774912 144115188075856978 2133 2 144115188075857016 1513209474796486686 2133 2 144115188075857017 86 900 1 1513209474796486692 5 0 1073741855 2 1224979098644774912 144115188075856981 31 2 1224979098644774912 144115188075856988 2133 2 144115188075857016 1513209474796486686 900 1 1513209474796486689 5 0 31 2 1224979098644774912 144115188075856982 2133 2 144115188075857016 1513209474796486686 900 1 1513209474796486690 5 0 30 2 1224979098644774913 1 1073741855 2 1224979098644774912 144115188075856992 31 2 1224979098644774912 144115188075856994 2133 2 144115188075857016 1513209474796486686 2133 2 144115188075857017 92 900 1 1513209474796486688 5 0 30 2 1224979098644774913 1 1073741855 2 1224979098644774912 144115188075856993 31 2 1224979098644774912 144115188075856995 2133 2 144115188075857016 1513209474796486686 2133 2 144115188075857017 87 900 1 1513209474796486692 5 0 30 2 1224979098644774913 2 1073741855 2 1224979098644774912 144115188075856998 31 2 1224979098644774912 144115188075857000 2133 2 144115188075857016 1513209474796486686 2133 2 144115188075857017 93 900 1 1513209474796486688 5 0 30 2 1224979098644774913 2 1073741855 2 1224979098644774912 144115188075856999 31 2 1224979098644774912 144115188075857001 2133 2 144115188075857016 1513209474796486686 2133 2 144115188075857017 88 900 1 1513209474796486692 5 0 30 2 1224979098644774913 3 1073741855 2 1224979098644774912 144115188075857004 31 2 1224979098644774912 144115188075857006 2133 2 144115188075857016 1513209474796486686 2133 2 144115188075857017 94 900 1 1513209474796486688 5 0 30 2 1224979098644774913 3 1073741855 2 1224979098644774912 144115188075857005 31 2 1224979098644774912 144115188075857007 2133 2 144115188075857016 1513209474796486686 2133 2 144115188075857017 89 900 1 1513209474796486692 5 0 30 2 1224979098644774913 4 1073741855 2 1224979098644774912 144115188075857010 31 2 1224979098644774912 144115188075857012 2133 2 144115188075857016 1513209474796486686 2133 2 144115188075857017 95 900 1 1513209474796486688 5 0 30 2 1224979098644774913 4 1073741855 2 1224979098644774912 144115188075857011 31 2 1224979098644774912 144115188075857013 2133 2 144115188075857016 1513209474796486686 2133 2 144115188075857017 90 900 1 1513209474796486692 5 0 30 2 1224979098644774913 1 31 2 1224979098644774912 144115188075856991 2133 2 144115188075857016 1513209474796486686 900 1 1513209474796486687 5 0 31 2 1224979098644774912 144115188075856989 520 3 1224979098644774913 360287970189639680 97 2105 2 1224979098644774913 1 2112 3 1224979098644774913 0 5 500 3 360287970189639680 97 1224979098644774913 900 1 1513209474796486686 5 0 31 2 1224979098644774912 144115188075856990 520 3 1224979098644774913 360287970189639680 97 2106 2 1224979098644774913 1 2112 3 1224979098644774913 0 5 500 3 360287970189639680 97 1224979098644774913 900 1 1513209474796486686 5 0 31 2 1224979098644774912 144115188075856985 1 2 936748722493063636 360287970189639680 900 1 1513209474796486686 5 0 31 2 1224979098644774912 144115188075856986 2133 2 144115188075857016 1513209474796486686 900 1 1513209474796486690 5 0 31 2 1224979098644774912 144115188075856987 2133 2 144115188075857016 1513209474796486686 900 1 1513209474796486691 5 0 31 2 1224979098644774912 144115188075856983 2133 2 144115188075857016 1513209474796486686 900 1 1513209474796486691 5 0 31 2 1224979098644774912 144115188075856996 520 3 1224979098644774914 360287970189639680 92 2119 3 1224979098644774915 1224979098644774914 256 2108 2 1224979098644774914 256 2119 3 1224979098644774916 1224979098644774914 2 2108 2 1224979098644774914 2 2105 2 1224979098644774916 1 2109 2 1224979098644774916 2 2107 2 1224979098644774914 2 2105 2 1224979098644774914 1224979098644774916 2107 2 1224979098644774914 256 2105 2 1224979098644774914 1224979098644774915 500 3 360287970189639680 92 1224979098644774914 900 1 1513209474796486686 5 0 31 2 1224979098644774912 144115188075857002 520 3 1224979098644774914 360287970189639680 93 2119 3 1224979098644774915 1224979098644774914 256 2108 2 1224979098644774914 256 2119 3 1224979098644774916 1224979098644774914 2 2108 2 1224979098644774914 2 2105 2 1224979098644774916 1 2109 2 1224979098644774916 2 2107 2 1224979098644774914 2 2105 2 1224979098644774914 1224979098644774916 2107 2 1224979098644774914 256 2105 2 1224979098644774914 1224979098644774915 500 3 360287970189639680 93 1224979098644774914 900 1 1513209474796486686 5 0 31 2 1224979098644774912 144115188075857008 520 3 1224979098644774914 360287970189639680 94 2119 3 1224979098644774915 1224979098644774914 256 2108 2 1224979098644774914 256 2119 3 1224979098644774916 1224979098644774914 2 2108 2 1224979098644774914 2 2105 2 1224979098644774916 1 2109 2 1224979098644774916 2 2107 2 1224979098644774914 2 2105 2 1224979098644774914 1224979098644774916 2107 2 1224979098644774914 256 2105 2 1224979098644774914 1224979098644774915 500 3 360287970189639680 94 1224979098644774914 900 1 1513209474796486686 5 0 31 2 1224979098644774912 144115188075857014 520 3 1224979098644774914 360287970189639680 95 2119 3 1224979098644774915 1224979098644774914 256 2108 2 1224979098644774914 256 2119 3 1224979098644774916 1224979098644774914 2 2108 2 1224979098644774914 2 2105 2 1224979098644774916 1 2109 2 1224979098644774916 2 2107 2 1224979098644774914 2 2105 2 1224979098644774914 1224979098644774916 2107 2 1224979098644774914 256 2105 2 1224979098644774914 1224979098644774915 500 3 360287970189639680 95 1224979098644774914 900 1 1513209474796486686 5 0 31 2 1224979098644774912 144115188075856997 520 3 1224979098644774914 360287970189639680 92 2123 3 1224979098644774916 1224979098644774914 512 2105 2 1224979098644774916 1 2109 2 1224979098644774916 2 2107 2 1224979098644774916 512 2109 2 1224979098644774914 512 2105 2 1224979098644774914 1224979098644774916 500 3 360287970189639680 92 1224979098644774914 900 1 1513209474796486686 5 0 31 2 1224979098644774912 144115188075857003 520 3 1224979098644774914 360287970189639680 93 2123 3 1224979098644774916 1224979098644774914 512 2105 2 1224979098644774916 1 2109 2 1224979098644774916 2 2107 2 1224979098644774916 512 2109 2 1224979098644774914 512 2105 2 1224979098644774914 1224979098644774916 500 3 360287970189639680 93 1224979098644774914 900 1 1513209474796486686 5 0 31 2 1224979098644774912 144115188075857009 520 3 1224979098644774914 360287970189639680 94 2123 3 1224979098644774916 1224979098644774914 512 2105 2 1224979098644774916 1 2109 2 1224979098644774916 2 2107 2 1224979098644774916 512 2109 2 1224979098644774914 512 2105 2 1224979098644774914 1224979098644774916 500 3 360287970189639680 94 1224979098644774914 900 1 1513209474796486686 5 0 31 2 1224979098644774912 144115188075857015 520 3 1224979098644774914 360287970189639680 95 2123 3 1224979098644774916 1224979098644774914 512 2105 2 1224979098644774916 1 2109 2 1224979098644774916 2 2107 2 1224979098644774916 512 2109 2 1224979098644774914 512 2105 2 1224979098644774914 1224979098644774916 500 3 360287970189639680 95 1224979098644774914 900 1 1513209474796486686 5 0 31 2 1224979098644774912 144115188075856984 520 3 1224979098644774917 360287970189639680 99 4 0 30 2 1224979098644774917 0 2105 2 1224979098644774917 1297036692682702891 1677 2 648518346341351424 1224979098644774917 3 0 902 1 0 3 0 


prsnt_banner_charge_positioning 0 53 2
-60.000000  22 2124 1 1000 910 3 72057594037927937 216172782113783847 16 729 2 1 500 730 2 1 600 926 2 72057594037927937 1 2133 2 1224979098644774912 125 2133 2 1224979098644774913 400 1 2 936748722493063634 360287970189639680 2133 2 1224979098644774914 72057594037927936 2122 3 1224979098644774915 1224979098644774914 125 2106 2 1224979098644774915 25 2123 3 1224979098644774912 1224979098644774915 2 2121 3 1224979098644774912 500 1224979098644774912 6 3 1224979098644774916 0 1224979098644774914 938 4 72057594037927937 -1 1729382256910270512 1224979098644774916 729 2 1 1224979098644774912 730 2 1 1224979098644774913 2105 2 1224979098644774912 125 926 2 72057594037927937 1 500 3 360287970189640509 1224979098644774916 72057594037927937 3 0 902 1 999999 
-62.000000  14 2071 1 1224979098644774912 1 2 936748722493063634 360287970189639680 2133 2 1224979098644774913 72057594037927936 6 3 1224979098644774914 0 1224979098644774913 540 3 360287970189640509 1224979098644774914 1224979098644774912 500 3 360287970189639680 98 1224979098644774914 2133 2 1224979098644774913 0 3 0 4 0 32 2 144115188075857016 0 900 1 144115188075857016 5 0 902 1 0 3 0 


prsnt_banner_charge_selection 0 53 2
-60.000000  25 2124 1 1000 910 3 72057594037927937 216172782113783848 16 729 2 1 500 730 2 1 650 926 2 72057594037927937 1 2133 2 1224979098644774912 100 2133 2 1224979098644774913 600 6 3 1224979098644774914 1441151880758558860 1441151880758558906 913 3 72057594037927937 1224979098644774914 1224979098644774914 729 2 1 1224979098644774912 730 2 1 1224979098644774913 2105 2 1224979098644774912 100 4 0 32 2 1224979098644774912 900 2133 2 1224979098644774912 100 2106 2 1224979098644774913 100 3 0 926 2 72057594037927937 1 729 2 1 80 730 2 1 80 925 2 72057594037927937 1 2121 3 1224979098644774915 1224979098644774914 1441151880758558860 500 3 360287970189640509 1224979098644774915 72057594037927937 3 0 902 1 999999 
-62.000000  14 2071 1 1224979098644774912 2133 2 1224979098644774913 1441151880758558906 2106 2 1224979098644774913 1441151880758558860 6 3 1224979098644774914 0 1224979098644774913 540 3 360287970189640509 1224979098644774914 1224979098644774912 500 3 360287970189639680 144115188075857017 1224979098644774914 2133 2 1224979098644774913 0 3 0 4 0 32 2 144115188075857016 0 900 1 144115188075857016 5 0 902 1 0 3 0 


prsnt_banner_background_selection 0 53 2
-60.000000  22 2124 1 1000 910 3 72057594037927937 216172782113783849 16 729 2 1 500 730 2 1 600 926 2 72057594037927937 1 2133 2 1224979098644774912 75 2133 2 1224979098644774913 450 6 3 1224979098644774914 1441151880758558836 1441151880758558860 2121 3 1224979098644774915 1224979098644774914 1441151880758558836 938 4 72057594037927937 -1 1729382256910270511 1224979098644774915 729 2 1 1224979098644774912 730 2 1 1224979098644774913 2105 2 1224979098644774912 125 4 0 32 2 1224979098644774912 900 2133 2 1224979098644774912 75 2106 2 1224979098644774913 125 3 0 926 2 72057594037927937 1 500 3 360287970189640509 1224979098644774915 72057594037927937 3 0 902 1 999999 
-62.000000  14 2071 1 1224979098644774912 2133 2 1224979098644774913 1441151880758558860 2106 2 1224979098644774913 1441151880758558836 6 3 1224979098644774914 0 1224979098644774913 540 3 360287970189640509 1224979098644774914 1224979098644774912 500 3 360287970189639680 91 1224979098644774914 2133 2 1224979098644774913 0 3 0 4 0 32 2 144115188075857016 0 900 1 144115188075857016 5 0 902 1 0 3 0 


prsnt_banner_flag_type_selection 0 53 2
-60.000000  21 2124 1 1000 910 3 72057594037927937 216172782113783850 16 729 2 1 500 730 2 1 600 926 2 72057594037927937 1 2133 2 1224979098644774912 435 2133 2 1224979098644774913 450 6 3 1224979098644774914 1441151880758558834 1441151880758558836 2121 3 1224979098644774915 1224979098644774914 1441151880758558834 500 3 360287970189639680 96 1224979098644774915 938 4 72057594037927937 1224979098644774914 1729382256910270507 360287970189639680 729 2 1 1224979098644774912 730 2 1 1224979098644774913 2105 2 1224979098644774912 130 926 2 72057594037927937 1 729 2 1 100 730 2 1 100 925 2 72057594037927937 1 500 3 360287970189640509 1224979098644774915 72057594037927937 3 0 902 1 999999 
-62.000000  14 2071 1 1224979098644774912 2133 2 1224979098644774913 1441151880758558836 2106 2 1224979098644774913 1441151880758558834 6 3 1224979098644774914 0 1224979098644774913 540 3 360287970189640509 1224979098644774914 1224979098644774912 500 3 360287970189639680 96 1224979098644774914 2133 2 1224979098644774913 0 3 0 4 0 32 2 144115188075857016 0 900 1 144115188075857016 5 0 902 1 0 3 0 


prsnt_banner_flag_map_type_selection 0 53 2
-60.000000  31 2124 1 1000 910 3 72057594037927937 216172782113783851 16 729 2 1 500 730 2 1 600 926 2 72057594037927937 1 520 3 1224979098644774912 360287970189639680 91 2105 2 1224979098644774912 1441151880758558836 2133 2 1224979098644774913 250 2133 2 1224979098644774914 150 6 3 1224979098644774915 1441151880758558831 1441151880758558834 2121 3 1224979098644774916 1224979098644774915 1441151880758558831 500 3 360287970189639680 99 1224979098644774916 4 0 31 2 1224979098644774915 1441151880758558831 938 4 72057594037927937 1224979098644774915 1729382256910270509 360287970189639680 5 0 31 2 1224979098644774915 1441151880758558832 938 4 72057594037927937 1224979098644774915 1729382256910270510 360287970189639680 5 0 938 4 72057594037927937 1224979098644774915 1729382256910270508 360287970189639680 3 0 729 2 1 1224979098644774913 730 2 1 1224979098644774914 2105 2 1224979098644774913 200 926 2 72057594037927937 1 729 2 1 100 730 2 1 100 925 2 72057594037927937 1 500 3 360287970189640509 1224979098644774916 72057594037927937 3 0 902 1 999999 
-62.000000  14 2071 1 1224979098644774912 2133 2 1224979098644774913 1441151880758558834 2106 2 1224979098644774913 1441151880758558831 6 3 1224979098644774914 0 1224979098644774913 540 3 360287970189640509 1224979098644774914 1224979098644774912 500 3 360287970189639680 99 1224979098644774914 2133 2 1224979098644774913 0 3 0 4 0 32 2 144115188075857016 0 900 1 144115188075857016 5 0 902 1 0 3 0 


prsnt_color_selection 0 53 2
-60.000000  30 2124 1 1000 910 3 72057594037927937 216172782113783852 16 729 2 1 500 730 2 1 600 926 2 72057594037927937 1 2133 2 1224979098644774912 125 2133 2 1224979098644774913 450 6 3 1224979098644774914 0 42 1 2 936748722493063637 1224979098644774914 2133 2 1224979098644774915 72057594037927936 938 4 72057594037927937 1441151880758558830 1729382256910270505 1224979098644774915 729 2 1 1224979098644774912 730 2 1 1224979098644774913 2105 2 1224979098644774912 50 4 0 2119 3 1224979098644774916 1224979098644774914 7 31 2 1224979098644774916 6 2133 2 1224979098644774912 125 2106 2 1224979098644774913 50 3 0 926 2 72057594037927937 1 729 2 1 500 730 2 1 500 925 2 72057594037927937 1 2122 3 1224979098644774917 1224979098644774914 2 2120 3 1224979098644774918 1224979098644774917 1 500 3 360287970189640509 1224979098644774917 72057594037927937 500 3 360287970189640509 1224979098644774918 1224979098644774915 3 0 902 1 999999 
-62.000000  16 2071 1 1224979098644774912 2133 2 1224979098644774913 64 6 3 1224979098644774914 0 1224979098644774913 2122 3 1224979098644774915 1224979098644774914 2 540 3 360287970189640509 1224979098644774915 1224979098644774912 2120 3 1224979098644774916 1224979098644774915 1 520 3 1224979098644774917 360287970189640509 1224979098644774916 500 3 360287970189639680 144115188075857017 1224979098644774917 2133 2 1224979098644774913 0 3 0 4 0 32 2 144115188075857016 0 900 1 144115188075857016 5 0 902 1 0 3 0 


prsnt_marshall_selection 0 53 2
-60.000000  153 2133 2 144115188075857018 -1 2133 2 144115188075857019 -1 2133 2 144115188075857020 -1 2124 1 1000 2133 2 144115188075857016 -1 2120 3 1224979098644774912 144115188075857021 144115188075857022 522 3 1224979098644774913 144115188075855903 11 2322 2 1 144115188075857023 910 3 72057594037927937 1585267068834415061 16 729 2 1 200 730 2 1 600 926 2 72057594037927937 1 2322 2 1 144115188075857024 910 3 72057594037927937 1585267068834415062 16 729 2 1 800 730 2 1 600 926 2 72057594037927937 1 939 4 72057594037927937 -1 1729382256910270499 144115188075857023 729 2 1 500 730 2 1 500 925 2 72057594037927937 1 729 2 1 100 730 2 1 300 926 2 72057594037927937 1 939 4 72057594037927937 -1 1729382256910270499 144115188075857024 729 2 1 500 730 2 1 500 925 2 72057594037927937 1 729 2 1 700 730 2 1 300 926 2 72057594037927937 1 2133 2 1224979098644774914 144115188075857025 2105 2 144115188075857025 1 4 0 2147483678 2 1224979098644774914 0 2322 2 1 144115188075857023 2322 2 2 144115188075857024 2322 2 3 1224979098644774913 2335 2 4 144115188075855903 910 3 72057594037927937 1585267068834415063 16 729 2 1 500 730 2 1 200 926 2 72057594037927937 1 912 3 144115188075857018 1585267068834415060 16 729 2 1 500 730 2 1 100 926 2 144115188075857018 1 2133 2 144115188075857016 1513209474796486693 5 0 2133 2 1224979098644774915 1224979098644774914 7 3 1224979098644774916 360287970189639873 360287970189640022 30 2 1224979098644774915 0 2133 2 1224979098644774917 1224979098644774916 2133 2 1224979098644774918 0 4 0 31 2 1224979098644774916 360287970189639873 2133 2 1224979098644774917 360287970189639680 4 0 31 2 144115188075855879 0 2133 2 1224979098644774918 1 3 0 5 0 2173 2 1224979098644774919 1224979098644774917 31 2 144115188075855903 1224979098644774919 2147484208 3 1224979098644774917 8 0 560 3 1224979098644774917 10 1 540 3 1224979098644774917 2 2 2147484190 3 1224979098644774919 11 1224979098644774917 2133 2 1224979098644774918 1 3 0 31 2 1224979098644774918 1 2147483679 2 144115188075857023 1224979098644774917 2147483679 2 144115188075857024 1224979098644774917 2106 2 1224979098644774915 1 2147483678 2 1224979098644774915 0 2133 2 144115188075857016 1513209474796486693 939 4 72057594037927937 -1 1729382256910270499 1224979098644774917 729 2 1 300 730 2 1 300 925 2 72057594037927937 1 729 2 1 440 730 2 1 400 926 2 72057594037927937 1 4 0 31 2 1224979098644774917 360287970189639680 910 3 72057594037927937 1585267068834415064 16 729 2 1 500 730 2 1 200 926 2 72057594037927937 1 2322 2 1 144115188075857023 912 3 144115188075857019 1585267068834415065 16 729 2 1 300 730 2 1 100 926 2 144115188075857019 1 2322 2 1 144115188075857024 912 3 144115188075857020 1585267068834415065 16 729 2 1 700 730 2 1 100 926 2 144115188075857020 1 5 0 2322 2 1 1224979098644774917 2136 3 1224979098644774920 0 1224979098644774912 2106 2 1224979098644774920 144115188075857021 4 0 2147483678 2 1224979098644774920 0 2105 2 144115188075857026 1 2322 2 2 144115188075857023 5 0 2105 2 144115188075857027 1 2322 2 2 144115188075857024 3 0 910 3 72057594037927937 1585267068834415066 16 729 2 1 500 730 2 1 200 926 2 72057594037927937 1 912 3 144115188075857018 1585267068834415060 16 729 2 1 500 730 2 1 100 926 2 144115188075857018 1 3 0 3 0 3 0 2133 2 72057594037927936 144115188075857026 910 3 72057594037927937 1585267068834415067 16 729 2 1 200 730 2 1 550 926 2 72057594037927937 1 2133 2 72057594037927936 144115188075857027 910 3 72057594037927937 1585267068834415067 16 729 2 1 800 730 2 1 550 926 2 72057594037927937 1 4 0 2147483678 2 144115188075857016 0 4 0 32 2 144115188075857027 144115188075857026 2133 2 1224979098644774921 144115188075857023 2133 2 144115188075857023 144115188075857024 2133 2 144115188075857024 1224979098644774921 3 0 2322 2 1 144115188075857023 2322 2 2 1224979098644774913 2335 2 3 144115188075855903 910 3 72057594037927937 1585267068834415068 16 729 2 1 500 730 2 1 200 926 2 72057594037927937 1 912 3 144115188075857018 1585267068834415060 16 729 2 1 500 730 2 1 100 926 2 144115188075857018 1 3 0 902 1 999999 
-62.000000  40 2071 1 1224979098644774912 4 0 31 2 1224979098644774912 144115188075857019 2105 2 144115188075857026 1 1 3 936748722493063439 144115188075857023 2 1 3 936748722493063439 144115188075857024 -2 5 0 31 2 1224979098644774912 144115188075857020 2105 2 144115188075857027 1 1 3 936748722493063439 144115188075857023 -2 1 3 936748722493063439 144115188075857024 2 3 0 4 0 1073741855 2 1224979098644774912 144115188075857018 1073741855 2 1224979098644774912 144115188075857019 31 2 1224979098644774912 144115188075857020 4 0 30 2 144115188075857016 0 900 1 144115188075857016 5 0 4 0 2147484190 3 144115188075855903 8 144115188075857023 1 2 936748722493063436 144115188075855903 3 0 522 3 1224979098644774913 144115188075855903 8 4 0 30 2 1224979098644774913 0 132 1 1224979098644774913 1604 2 1224979098644774913 0 3 0 502 3 144115188075855903 8 144115188075857023 4 0 31 2 144115188075857023 360287970189639680 1 3 936748722493063439 144115188075857024 -3 3 0 2133 2 144115188075855918 1 2133 2 144115188075857028 1 902 1 0 3 0 3 0 


prsnt_battle 0 0 4
-60.000000  566 2124 1 1000 2133 2 144115188075856566 0 2133 2 144115188075856567 0 2133 2 144115188075856568 0 2133 2 144115188075856569 0 2133 2 144115188075856570 0 2133 2 144115188075856571 0 2133 2 144115188075856572 0 2133 2 144115188075856573 0 2133 2 144115188075856574 0 2133 2 144115188075856618 -1 2133 2 144115188075856620 -1 2133 2 144115188075856622 -1 2133 2 144115188075856624 -1 2133 2 144115188075856626 -1 2133 2 144115188075856628 -1 2133 2 144115188075856630 -1 2133 2 144115188075856632 -1 2133 2 144115188075856634 -1 2319 1 7 12 1 1224979098644774912 505 3 1224979098644774912 10 0 3 0 1700 1 1224979098644774913 1718 2 1224979098644774914 1224979098644774913 730 2 1 700 910 3 72057594037927937 1585267068834415069 98320 921 2 72057594037927937 4289374890 729 2 1 270 926 2 72057594037927937 1 910 3 72057594037927937 1585267068834414907 98320 921 2 72057594037927937 4289374890 729 2 1 410 926 2 72057594037927937 1 910 3 72057594037927937 1585267068834415070 98320 921 2 72057594037927937 4289374890 729 2 1 550 926 2 72057594037927937 1 2133 2 144115188075856575 0 2133 2 144115188075856579 0 2133 2 144115188075856583 0 2133 2 144115188075856587 0 2133 2 144115188075856591 0 2133 2 144115188075856595 0 2133 2 144115188075856599 0 2133 2 144115188075856603 0 2133 2 144115188075856607 0 1650 2 1224979098644774915 648518346341351424 2133 2 144115188075857029 0 6 3 1224979098644774916 0 1224979098644774915 1652 3 1224979098644774917 648518346341351424 1224979098644774916 1516 2 1224979098644774918 1224979098644774917 2147483679 2 1224979098644774914 1224979098644774917 4 0 31 2 1224979098644774918 0 4 0 2147483679 2 144115188075856575 1 2105 2 144115188075857029 1 3 0 2133 2 144115188075856575 1 5 0 31 2 1224979098644774918 1 4 0 2147483679 2 144115188075856579 1 2105 2 144115188075857029 1 3 0 2133 2 144115188075856579 1 5 0 31 2 1224979098644774918 2 4 0 2147483679 2 144115188075856583 1 2105 2 144115188075857029 1 3 0 2133 2 144115188075856583 1 5 0 31 2 1224979098644774918 3 4 0 2147483679 2 144115188075856587 1 2105 2 144115188075857029 1 3 0 2133 2 144115188075856587 1 5 0 31 2 1224979098644774918 4 4 0 2147483679 2 144115188075856591 1 2105 2 144115188075857029 1 3 0 2133 2 144115188075856591 1 5 0 31 2 1224979098644774918 5 4 0 2147483679 2 144115188075856595 1 2105 2 144115188075857029 1 3 0 2133 2 144115188075856595 1 5 0 31 2 1224979098644774918 6 4 0 2147483679 2 144115188075856599 1 2105 2 144115188075857029 1 3 0 2133 2 144115188075856599 1 5 0 31 2 1224979098644774918 7 4 0 2147483679 2 144115188075856603 1 2105 2 144115188075857029 1 3 0 2133 2 144115188075856603 1 5 0 31 2 1224979098644774918 8 4 0 2147483679 2 144115188075856607 1 2105 2 144115188075857029 1 3 0 2133 2 144115188075856607 1 3 0 3 0 2133 2 1224979098644774919 0 2133 2 1224979098644774920 653 2133 2 1224979098644774921 20 2133 2 1224979098644774922 662 2133 2 1224979098644774923 50 2133 2 1224979098644774924 660 4 0 31 2 144115188075856575 1 913 3 144115188075856618 1441151880758558776 1441151880758558776 729 2 1 1224979098644774919 730 2 1 1224979098644774920 926 2 144115188075856618 1 2105 2 1224979098644774920 -40 729 2 1 32500 730 2 1 2000 925 2 144115188075856618 1 922 2 144115188075856618 0 921 2 144115188075856618 16776960 918 3 144115188075856617 1441151880758558774 1441151880758558775 729 2 2 1224979098644774921 730 2 2 1224979098644774922 926 2 144115188075856617 2 2105 2 1224979098644774922 -40 910 3 144115188075856635 7 0 729 2 3 1224979098644774923 730 2 3 1224979098644774924 926 2 144115188075856635 3 2105 2 1224979098644774924 -40 910 3 144115188075856576 7 16 910 3 144115188075856577 7 16 910 3 144115188075856578 7 16 3 0 4 0 31 2 144115188075856579 1 913 3 144115188075856620 1441151880758558776 1441151880758558776 729 2 1 1224979098644774919 730 2 1 1224979098644774920 926 2 144115188075856620 1 2105 2 1224979098644774920 -40 729 2 1 32500 730 2 1 2000 925 2 144115188075856620 1 922 2 144115188075856620 0 921 2 144115188075856620 16776960 918 3 144115188075856619 1441151880758558774 1441151880758558775 729 2 2 1224979098644774921 730 2 2 1224979098644774922 926 2 144115188075856619 2 2105 2 1224979098644774922 -40 910 3 144115188075856636 7 0 729 2 3 1224979098644774923 730 2 3 1224979098644774924 926 2 144115188075856636 3 2105 2 1224979098644774924 -40 910 3 144115188075856580 7 16 910 3 144115188075856581 7 16 910 3 144115188075856582 7 16 3 0 4 0 31 2 144115188075856583 1 913 3 144115188075856622 1441151880758558776 1441151880758558776 729 2 1 1224979098644774919 730 2 1 1224979098644774920 926 2 144115188075856622 1 2105 2 1224979098644774920 -40 729 2 1 32500 730 2 1 2000 925 2 144115188075856622 1 922 2 144115188075856622 0 921 2 144115188075856622 16776960 918 3 144115188075856621 1441151880758558774 1441151880758558775 729 2 2 1224979098644774921 730 2 2 1224979098644774922 926 2 144115188075856621 2 2105 2 1224979098644774922 -40 910 3 144115188075856637 7 0 729 2 3 1224979098644774923 730 2 3 1224979098644774924 926 2 144115188075856637 3 2105 2 1224979098644774924 -40 910 3 144115188075856584 7 16 910 3 144115188075856585 7 16 910 3 144115188075856586 7 16 3 0 4 0 31 2 144115188075856587 1 913 3 144115188075856624 1441151880758558776 1441151880758558776 729 2 1 1224979098644774919 730 2 1 1224979098644774920 926 2 144115188075856624 1 2105 2 1224979098644774920 -40 729 2 1 32500 730 2 1 2000 925 2 144115188075856624 1 922 2 144115188075856624 0 921 2 144115188075856624 16776960 918 3 144115188075856623 1441151880758558774 1441151880758558775 729 2 2 1224979098644774921 730 2 2 1224979098644774922 926 2 144115188075856623 2 2105 2 1224979098644774922 -40 910 3 144115188075856638 7 0 729 2 3 1224979098644774923 730 2 3 1224979098644774924 926 2 144115188075856638 3 2105 2 1224979098644774924 -40 910 3 144115188075856588 7 16 910 3 144115188075856589 7 16 910 3 144115188075856590 7 16 3 0 4 0 31 2 144115188075856591 1 913 3 144115188075856626 1441151880758558776 1441151880758558776 729 2 1 1224979098644774919 730 2 1 1224979098644774920 926 2 144115188075856626 1 2105 2 1224979098644774920 -40 729 2 1 32500 730 2 1 2000 925 2 144115188075856626 1 922 2 144115188075856626 0 921 2 144115188075856626 16776960 918 3 144115188075856625 1441151880758558774 1441151880758558775 729 2 2 1224979098644774921 730 2 2 1224979098644774922 926 2 144115188075856625 2 2105 2 1224979098644774922 -40 910 3 144115188075856639 7 0 729 2 3 1224979098644774923 730 2 3 1224979098644774924 926 2 144115188075856639 3 2105 2 1224979098644774924 -40 910 3 144115188075856592 7 16 910 3 144115188075856593 7 16 910 3 144115188075856594 7 16 3 0 4 0 31 2 144115188075856595 1 913 3 144115188075856628 1441151880758558776 1441151880758558776 729 2 1 1224979098644774919 730 2 1 1224979098644774920 926 2 144115188075856628 1 2105 2 1224979098644774920 -40 729 2 1 32500 730 2 1 2000 925 2 144115188075856628 1 922 2 144115188075856628 0 921 2 144115188075856628 16776960 918 3 144115188075856627 1441151880758558774 1441151880758558775 729 2 2 1224979098644774921 730 2 2 1224979098644774922 926 2 144115188075856627 2 2105 2 1224979098644774922 -40 910 3 144115188075856640 7 0 729 2 3 1224979098644774923 730 2 3 1224979098644774924 926 2 144115188075856640 3 2105 2 1224979098644774924 -40 910 3 144115188075856596 7 16 910 3 144115188075856597 7 16 910 3 144115188075856598 7 16 3 0 4 0 31 2 144115188075856599 1 913 3 144115188075856630 1441151880758558776 1441151880758558776 729 2 1 1224979098644774919 730 2 1 1224979098644774920 926 2 144115188075856630 1 2105 2 1224979098644774920 -40 729 2 1 32500 730 2 1 2000 925 2 144115188075856630 1 922 2 144115188075856630 0 921 2 144115188075856630 16776960 918 3 144115188075856629 1441151880758558774 1441151880758558775 729 2 2 1224979098644774921 730 2 2 1224979098644774922 926 2 144115188075856629 2 2105 2 1224979098644774922 -40 910 3 144115188075856641 7 0 729 2 3 1224979098644774923 730 2 3 1224979098644774924 926 2 144115188075856641 3 2105 2 1224979098644774924 -40 910 3 144115188075856600 7 16 910 3 144115188075856601 7 16 910 3 144115188075856602 7 16 3 0 4 0 31 2 144115188075856603 1 913 3 144115188075856632 1441151880758558776 1441151880758558776 729 2 1 1224979098644774919 730 2 1 1224979098644774920 926 2 144115188075856632 1 2105 2 1224979098644774920 -40 729 2 1 32500 730 2 1 2000 925 2 144115188075856632 1 922 2 144115188075856632 0 921 2 144115188075856632 16776960 918 3 144115188075856631 1441151880758558774 1441151880758558775 729 2 2 1224979098644774921 730 2 2 1224979098644774922 926 2 144115188075856631 2 2105 2 1224979098644774922 -40 910 3 144115188075856642 7 0 729 2 3 1224979098644774923 730 2 3 1224979098644774924 926 2 144115188075856642 3 2105 2 1224979098644774924 -40 910 3 144115188075856604 7 16 910 3 144115188075856605 7 16 910 3 144115188075856606 7 16 3 0 4 0 31 2 144115188075856607 1 913 3 144115188075856634 1441151880758558776 1441151880758558776 729 2 1 1224979098644774919 730 2 1 1224979098644774920 926 2 144115188075856634 1 2105 2 1224979098644774920 -40 729 2 1 32500 730 2 1 2000 925 2 144115188075856634 1 922 2 144115188075856634 0 921 2 144115188075856634 16776960 918 3 144115188075856633 1441151880758558774 1441151880758558775 729 2 2 1224979098644774921 730 2 2 1224979098644774922 926 2 144115188075856633 2 2105 2 1224979098644774922 -40 910 3 144115188075856643 7 0 729 2 3 1224979098644774923 730 2 3 1224979098644774924 926 2 144115188075856643 3 2105 2 1224979098644774924 -40 910 3 144115188075856608 7 16 910 3 144115188075856609 7 16 910 3 144115188075856610 7 16 3 0 1700 1 1224979098644774913 1770 2 1224979098644774925 1224979098644774913 1 2 936748722493063533 1224979098644774925 2133 2 1224979098644774926 640 2133 2 1224979098644774927 144115188075857029 2107 2 1224979098644774927 -40 2105 2 1224979098644774926 1224979098644774927 943 3 144115188075857030 216172782113785766 0 943 3 144115188075857031 216172782113785766 0 943 3 144115188075857032 216172782113785766 0 943 3 144115188075857033 216172782113785766 0 931 2 144115188075857030 1585267068834415071 931 2 144115188075857030 1585267068834415072 931 2 144115188075857030 1585267068834415073 931 2 144115188075857030 1585267068834415074 912 3 144115188075857034 1585267068834415075 98320 921 2 144115188075857034 4294967295 912 3 144115188075857035 1585267068834415076 98320 921 2 144115188075857035 4294967295 912 3 144115188075857036 1585267068834415077 98320 921 2 144115188075857036 4294967295 912 3 144115188075857037 1585267068834415078 98320 921 2 144115188075857037 4294967295 729 2 1 600 730 2 1 600 925 2 144115188075857030 1 2105 2 1224979098644774926 -35 729 2 1 205 730 2 1 1224979098644774926 2105 2 1224979098644774926 35 926 2 144115188075857030 1 922 2 144115188075857030 96 927 2 144115188075857030 144115188075856221 2105 2 1224979098644774926 -40 729 2 1 130 730 2 1 1224979098644774926 2105 2 1224979098644774926 40 926 2 144115188075857034 1 2105 2 1224979098644774926 -20 729 2 1 130 730 2 1 1224979098644774926 2105 2 1224979098644774926 20 926 2 144115188075857035 1 2105 2 1224979098644774926 0 729 2 1 130 730 2 1 1224979098644774926 2105 2 1224979098644774926 0 926 2 144115188075857036 1 2105 2 1224979098644774926 20 729 2 1 130 730 2 1 1224979098644774926 2105 2 1224979098644774926 -20 926 2 144115188075857037 1 931 2 144115188075857031 1585267068834414908 931 2 144115188075857031 1585267068834414907 729 2 1 600 730 2 1 600 925 2 144115188075857031 1 729 2 1 350 730 2 1 1224979098644774926 926 2 144115188075857031 1 922 2 144115188075857031 96 927 2 144115188075857031 144115188075856222 931 2 144115188075857032 1585267068834415079 931 2 144115188075857032 1585267068834415080 729 2 1 600 730 2 1 600 925 2 144115188075857032 1 729 2 1 495 730 2 1 1224979098644774926 926 2 144115188075857032 1 922 2 144115188075857032 96 927 2 144115188075857032 144115188075856223 931 2 144115188075857033 1585267068834415081 931 2 144115188075857033 1585267068834415082 729 2 1 600 730 2 1 600 925 2 144115188075857033 1 2105 2 1224979098644774926 -35 729 2 1 495 730 2 1 1224979098644774926 2105 2 1224979098644774926 35 926 2 144115188075857033 1 922 2 144115188075857033 96 927 2 144115188075857033 144115188075856224 910 3 144115188075857038 216172782113785767 0 910 3 144115188075857039 216172782113785768 0 910 3 144115188075857040 216172782113785769 0 910 3 144115188075857041 1585267068834415083 16 910 3 144115188075857042 1585267068834415084 16 910 3 144115188075857043 216172782113785850 16 910 3 144115188075857044 1585267068834415085 16 910 3 144115188075856644 7 16 910 3 144115188075856645 7 16 910 3 144115188075856646 7 16 910 3 144115188075856647 7 16 910 3 144115188075856652 7 16 910 3 144115188075856653 7 16 910 3 144115188075856654 7 16 910 3 144115188075856655 7 16 910 3 144115188075856648 7 16 910 3 144115188075856649 7 16 910 3 144115188075856650 7 16 910 3 144115188075856651 7 16 913 3 144115188075857045 1441151880758558776 1441151880758558776 921 2 144115188075857045 0 729 2 1 15500 730 2 1 6000 925 2 144115188075857045 1 729 2 1 672 730 2 1 275 926 2 144115188075857045 1 922 2 144115188075857045 68 921 2 144115188075857045 1140411 729 2 1 750 730 2 1 750 925 2 144115188075857034 1 925 2 144115188075857035 1 925 2 144115188075857036 1 925 2 144115188075857037 1 925 2 144115188075857038 1 925 2 144115188075857039 1 925 2 144115188075857040 1 925 2 144115188075857041 1 925 2 144115188075857042 1 925 2 144115188075857044 1 925 2 144115188075857043 1 925 2 144115188075856644 1 925 2 144115188075856645 1 925 2 144115188075856646 1 925 2 144115188075856647 1 925 2 144115188075856652 1 925 2 144115188075856653 1 925 2 144115188075856654 1 925 2 144115188075856655 1 925 2 144115188075856648 1 925 2 144115188075856649 1 925 2 144115188075856650 1 925 2 144115188075856651 1 2133 2 1224979098644774919 675 2133 2 1224979098644774920 280 2105 2 1224979098644774919 70 2105 2 1224979098644774920 90 729 2 1 1224979098644774919 730 2 1 1224979098644774920 926 2 144115188075857041 1 2105 2 1224979098644774919 70 729 2 1 1224979098644774919 926 2 144115188075857042 1 2105 2 1224979098644774919 70 729 2 1 1224979098644774919 926 2 144115188075857043 1 2105 2 1224979098644774919 70 729 2 1 1224979098644774919 926 2 144115188075857044 1 2105 2 1224979098644774919 -280 2105 2 1224979098644774920 -30 729 2 1 1224979098644774919 730 2 1 1224979098644774920 926 2 144115188075857038 1 2105 2 1224979098644774920 -30 730 2 1 1224979098644774920 926 2 144115188075857039 1 2105 2 1224979098644774920 -30 730 2 1 1224979098644774920 926 2 144115188075857040 1 1799 2 2 3 717 3 4 2 3 2124 1 1000 726 2 1224979098644774928 4 727 2 1224979098644774929 4 2124 1 1000 2123 3 1224979098644774930 1224979098644774929 100 2123 3 1224979098644774930 1224979098644774928 1224979098644774930 4 0 32 2 1224979098644774930 100 2133 2 144115188075856612 300 2123 3 144115188075856611 1224979098644774928 144115188075856612 2123 3 144115188075856613 1224979098644774929 144115188075856611 5 0 2133 2 144115188075856613 300 2123 3 144115188075856611 1224979098644774929 144115188075856613 2123 3 144115188075856612 1224979098644774928 144115188075856611 3 0 913 3 144115188075857046 1441151880758558776 1441151880758558776 921 2 144115188075857046 0 2120 3 1224979098644774931 144115188075856612 20 2120 3 1224979098644774932 144115188075856613 20 2122 3 1224979098644774933 1224979098644774931 50 2122 3 1224979098644774934 1224979098644774932 50 729 2 1 1224979098644774933 730 2 1 1224979098644774934 925 2 144115188075857046 1 2121 3 1224979098644774935 990 1224979098644774931 2121 3 1224979098644774936 740 1224979098644774932 729 2 1 1224979098644774935 730 2 1 1224979098644774936 926 2 144115188075857046 1 922 2 144115188075857046 68 911 2 144115188075856614 1441151880758558779 911 2 144115188075856615 1441151880758558780 911 2 144115188075856616 1441151880758558781 922 2 144115188075856614 0 922 2 144115188075856615 0 922 2 144115188075856616 0 1 1 936748722493063537 1 1 936748722493063538 902 1 999999 
-62.000000  783 2071 1 1224979098644774912 2072 1 1224979098644774913 1700 1 1224979098644774914 1770 2 1224979098644774915 1224979098644774914 2133 2 1224979098644774916 0 4 0 31 2 144115188075856575 1 31 2 1224979098644774912 144115188075856617 2133 2 1224979098644774916 1 2133 2 144115188075856566 1224979098644774913 4 0 31 2 1224979098644774913 1 933 3 144115188075856618 250 68 5 0 933 3 144115188075856618 250 0 3 0 5 0 31 2 144115188075856579 1 31 2 1224979098644774912 144115188075856619 2133 2 1224979098644774916 1 2133 2 144115188075856567 1224979098644774913 4 0 31 2 1224979098644774913 1 933 3 144115188075856620 250 68 5 0 933 3 144115188075856620 250 0 3 0 5 0 31 2 144115188075856583 1 31 2 1224979098644774912 144115188075856621 2133 2 1224979098644774916 1 2133 2 144115188075856568 1224979098644774913 4 0 31 2 1224979098644774913 1 933 3 144115188075856622 250 68 5 0 933 3 144115188075856622 250 0 3 0 5 0 31 2 144115188075856587 1 31 2 1224979098644774912 144115188075856623 2133 2 1224979098644774916 1 2133 2 144115188075856569 1224979098644774913 4 0 31 2 1224979098644774913 1 933 3 144115188075856624 250 68 5 0 933 3 144115188075856624 250 0 3 0 5 0 31 2 144115188075856591 1 31 2 1224979098644774912 144115188075856625 2133 2 1224979098644774916 1 2133 2 144115188075856570 1224979098644774913 4 0 31 2 1224979098644774913 1 933 3 144115188075856626 250 68 5 0 933 3 144115188075856626 250 0 3 0 5 0 31 2 144115188075856595 1 31 2 1224979098644774912 144115188075856627 2133 2 1224979098644774916 1 2133 2 144115188075856571 1224979098644774913 4 0 31 2 1224979098644774913 1 933 3 144115188075856628 250 68 5 0 933 3 144115188075856628 250 0 3 0 5 0 31 2 144115188075856599 1 31 2 1224979098644774912 144115188075856629 2133 2 1224979098644774916 1 2133 2 144115188075856572 1224979098644774913 4 0 31 2 1224979098644774913 1 933 3 144115188075856630 250 68 5 0 933 3 144115188075856630 250 0 3 0 5 0 31 2 144115188075856603 1 31 2 1224979098644774912 144115188075856631 2133 2 1224979098644774916 1 2133 2 144115188075856573 1224979098644774913 4 0 31 2 1224979098644774913 1 933 3 144115188075856632 250 68 5 0 933 3 144115188075856632 250 0 3 0 5 0 31 2 144115188075856607 1 31 2 1224979098644774912 144115188075856633 2133 2 1224979098644774916 1 2133 2 144115188075856574 1224979098644774913 4 0 31 2 1224979098644774913 1 933 3 144115188075856634 250 68 5 0 933 3 144115188075856634 250 0 3 0 5 0 31 2 1224979098644774912 144115188075856618 2133 2 1224979098644774916 1 2133 2 144115188075856566 1 933 3 144115188075856618 250 68 927 2 144115188075856617 1 4 0 31 2 144115188075856579 1 2133 2 144115188075856567 0 927 2 144115188075856619 0 933 3 144115188075856620 250 0 3 0 4 0 31 2 144115188075856583 1 2133 2 144115188075856568 0 927 2 144115188075856621 0 933 3 144115188075856622 250 0 3 0 4 0 31 2 144115188075856587 1 2133 2 144115188075856569 0 927 2 144115188075856623 0 933 3 144115188075856624 250 0 3 0 4 0 31 2 144115188075856591 1 2133 2 144115188075856570 0 927 2 144115188075856625 0 933 3 144115188075856626 250 0 3 0 4 0 31 2 144115188075856595 1 2133 2 144115188075856571 0 927 2 144115188075856627 0 933 3 144115188075856628 250 0 3 0 4 0 31 2 144115188075856599 1 2133 2 144115188075856572 0 927 2 144115188075856629 0 933 3 144115188075856630 250 0 3 0 4 0 31 2 144115188075856603 1 2133 2 144115188075856573 0 927 2 144115188075856631 0 933 3 144115188075856632 250 0 3 0 4 0 31 2 144115188075856607 1 2133 2 144115188075856574 0 927 2 144115188075856633 0 933 3 144115188075856634 250 0 3 0 5 0 31 2 1224979098644774912 144115188075856620 2133 2 1224979098644774916 1 2133 2 144115188075856567 1 933 3 144115188075856620 250 68 927 2 144115188075856619 1 4 0 31 2 144115188075856575 1 2133 2 144115188075856566 0 927 2 144115188075856617 0 933 3 144115188075856618 250 0 3 0 4 0 31 2 144115188075856583 1 2133 2 144115188075856568 0 927 2 144115188075856621 0 933 3 144115188075856622 250 0 3 0 4 0 31 2 144115188075856587 1 2133 2 144115188075856569 0 927 2 144115188075856623 0 933 3 144115188075856624 250 0 3 0 4 0 31 2 144115188075856591 1 2133 2 144115188075856570 0 927 2 144115188075856625 0 933 3 144115188075856626 250 0 3 0 4 0 31 2 144115188075856595 1 2133 2 144115188075856571 0 927 2 144115188075856627 0 933 3 144115188075856628 250 0 3 0 4 0 31 2 144115188075856599 1 2133 2 144115188075856572 0 927 2 144115188075856629 0 933 3 144115188075856630 250 0 3 0 4 0 31 2 144115188075856603 1 2133 2 144115188075856573 0 927 2 144115188075856631 0 933 3 144115188075856632 250 0 3 0 4 0 31 2 144115188075856607 1 2133 2 144115188075856574 0 927 2 144115188075856633 0 933 3 144115188075856634 250 0 3 0 5 0 31 2 1224979098644774912 144115188075856622 2133 2 1224979098644774916 1 2133 2 144115188075856568 1 933 3 144115188075856622 250 68 927 2 144115188075856621 1 4 0 31 2 144115188075856575 1 2133 2 144115188075856566 0 927 2 144115188075856617 0 933 3 144115188075856618 250 0 3 0 4 0 31 2 144115188075856579 1 2133 2 144115188075856567 0 927 2 144115188075856619 0 933 3 144115188075856620 250 0 3 0 4 0 31 2 144115188075856587 1 2133 2 144115188075856569 0 927 2 144115188075856623 0 933 3 144115188075856624 250 0 3 0 4 0 31 2 144115188075856591 1 2133 2 144115188075856570 0 927 2 144115188075856625 0 933 3 144115188075856626 250 0 3 0 4 0 31 2 144115188075856595 1 2133 2 144115188075856571 0 927 2 144115188075856627 0 933 3 144115188075856628 250 0 3 0 4 0 31 2 144115188075856599 1 2133 2 144115188075856572 0 927 2 144115188075856629 0 933 3 144115188075856630 250 0 3 0 4 0 31 2 144115188075856603 1 2133 2 144115188075856573 0 927 2 144115188075856631 0 933 3 144115188075856632 250 0 3 0 4 0 31 2 144115188075856607 1 2133 2 144115188075856574 0 927 2 144115188075856633 0 933 3 144115188075856634 250 0 3 0 5 0 31 2 1224979098644774912 144115188075856624 2133 2 1224979098644774916 1 2133 2 144115188075856569 1 933 3 144115188075856624 250 68 927 2 144115188075856623 1 4 0 31 2 144115188075856575 1 2133 2 144115188075856566 0 927 2 144115188075856617 0 933 3 144115188075856618 250 0 3 0 4 0 31 2 144115188075856579 1 2133 2 144115188075856567 0 927 2 144115188075856619 0 933 3 144115188075856620 250 0 3 0 4 0 31 2 144115188075856583 1 2133 2 144115188075856568 0 927 2 144115188075856621 0 933 3 144115188075856622 250 0 3 0 4 0 31 2 144115188075856591 1 2133 2 144115188075856570 0 927 2 144115188075856625 0 933 3 144115188075856626 250 0 3 0 4 0 31 2 144115188075856595 1 2133 2 144115188075856571 0 927 2 144115188075856627 0 933 3 144115188075856628 250 0 3 0 4 0 31 2 144115188075856599 1 2133 2 144115188075856572 0 927 2 144115188075856629 0 933 3 144115188075856630 250 0 3 0 4 0 31 2 144115188075856603 1 2133 2 144115188075856573 0 927 2 144115188075856631 0 933 3 144115188075856632 250 0 3 0 4 0 31 2 144115188075856607 1 2133 2 144115188075856574 0 927 2 144115188075856633 0 933 3 144115188075856634 250 0 3 0 5 0 31 2 1224979098644774912 144115188075856626 2133 2 1224979098644774916 1 2133 2 144115188075856570 1 933 3 144115188075856626 250 68 927 2 144115188075856625 1 4 0 31 2 144115188075856575 1 2133 2 144115188075856566 0 927 2 144115188075856617 0 933 3 144115188075856618 250 0 3 0 4 0 31 2 144115188075856579 1 2133 2 144115188075856567 0 927 2 144115188075856619 0 933 3 144115188075856620 250 0 3 0 4 0 31 2 144115188075856583 1 2133 2 144115188075856568 0 927 2 144115188075856621 0 933 3 144115188075856622 250 0 3 0 4 0 31 2 144115188075856587 1 2133 2 144115188075856569 0 927 2 144115188075856623 0 933 3 144115188075856624 250 0 3 0 4 0 31 2 144115188075856595 1 2133 2 144115188075856571 0 927 2 144115188075856627 0 933 3 144115188075856628 250 0 3 0 4 0 31 2 144115188075856599 1 2133 2 144115188075856572 0 927 2 144115188075856629 0 933 3 144115188075856630 250 0 3 0 4 0 31 2 144115188075856603 1 2133 2 144115188075856573 0 927 2 144115188075856631 0 933 3 144115188075856632 250 0 3 0 4 0 31 2 144115188075856607 1 2133 2 144115188075856574 0 927 2 144115188075856633 0 933 3 144115188075856634 250 0 3 0 5 0 31 2 1224979098644774912 144115188075856628 2133 2 1224979098644774916 1 2133 2 144115188075856571 1 933 3 144115188075856628 250 68 927 2 144115188075856627 1 4 0 31 2 144115188075856575 1 2133 2 144115188075856566 0 927 2 144115188075856617 0 933 3 144115188075856618 250 0 3 0 4 0 31 2 144115188075856579 1 2133 2 144115188075856567 0 927 2 144115188075856619 0 933 3 144115188075856620 250 0 3 0 4 0 31 2 144115188075856583 1 2133 2 144115188075856568 0 927 2 144115188075856621 0 933 3 144115188075856622 250 0 3 0 4 0 31 2 144115188075856587 1 2133 2 144115188075856569 0 927 2 144115188075856623 0 933 3 144115188075856624 250 0 3 0 4 0 31 2 144115188075856591 1 2133 2 144115188075856570 0 927 2 144115188075856625 0 933 3 144115188075856626 250 0 3 0 4 0 31 2 144115188075856599 1 2133 2 144115188075856572 0 927 2 144115188075856629 0 933 3 144115188075856630 250 0 3 0 4 0 31 2 144115188075856603 1 2133 2 144115188075856573 0 927 2 144115188075856631 0 933 3 144115188075856632 250 0 3 0 4 0 31 2 144115188075856607 1 2133 2 144115188075856574 0 927 2 144115188075856633 0 933 3 144115188075856634 250 0 3 0 5 0 31 2 1224979098644774912 144115188075856630 2133 2 1224979098644774916 1 2133 2 144115188075856572 1 933 3 144115188075856630 250 68 927 2 144115188075856629 1 4 0 31 2 144115188075856575 1 2133 2 144115188075856566 0 927 2 144115188075856617 0 933 3 144115188075856618 250 0 3 0 4 0 31 2 144115188075856579 1 2133 2 144115188075856567 0 927 2 144115188075856619 0 933 3 144115188075856620 250 0 3 0 4 0 31 2 144115188075856583 1 2133 2 144115188075856568 0 927 2 144115188075856621 0 933 3 144115188075856622 250 0 3 0 4 0 31 2 144115188075856587 1 2133 2 144115188075856569 0 927 2 144115188075856623 0 933 3 144115188075856624 250 0 3 0 4 0 31 2 144115188075856591 1 2133 2 144115188075856570 0 927 2 144115188075856625 0 933 3 144115188075856626 250 0 3 0 4 0 31 2 144115188075856595 1 2133 2 144115188075856571 0 927 2 144115188075856627 0 933 3 144115188075856628 250 0 3 0 4 0 31 2 144115188075856603 1 2133 2 144115188075856573 0 927 2 144115188075856631 0 933 3 144115188075856632 250 0 3 0 4 0 31 2 144115188075856607 1 2133 2 144115188075856574 0 927 2 144115188075856633 0 933 3 144115188075856634 250 0 3 0 5 0 31 2 1224979098644774912 144115188075856632 2133 2 1224979098644774916 1 2133 2 144115188075856573 1 933 3 144115188075856632 250 68 927 2 144115188075856631 1 4 0 31 2 144115188075856575 1 2133 2 144115188075856566 0 927 2 144115188075856617 0 933 3 144115188075856618 250 0 3 0 4 0 31 2 144115188075856579 1 2133 2 144115188075856567 0 927 2 144115188075856619 0 933 3 144115188075856620 250 0 3 0 4 0 31 2 144115188075856583 1 2133 2 144115188075856568 0 927 2 144115188075856621 0 933 3 144115188075856622 250 0 3 0 4 0 31 2 144115188075856587 1 2133 2 144115188075856569 0 927 2 144115188075856623 0 933 3 144115188075856624 250 0 3 0 4 0 31 2 144115188075856591 1 2133 2 144115188075856570 0 927 2 144115188075856625 0 933 3 144115188075856626 250 0 3 0 4 0 31 2 144115188075856595 1 2133 2 144115188075856571 0 927 2 144115188075856627 0 933 3 144115188075856628 250 0 3 0 4 0 31 2 144115188075856599 1 2133 2 144115188075856572 0 927 2 144115188075856629 0 933 3 144115188075856630 250 0 3 0 4 0 31 2 144115188075856607 1 2133 2 144115188075856574 0 927 2 144115188075856633 0 933 3 144115188075856634 250 0 3 0 5 0 31 2 1224979098644774912 144115188075856634 2133 2 1224979098644774916 1 2133 2 144115188075856574 1 933 3 144115188075856634 250 68 927 2 144115188075856633 1 4 0 31 2 144115188075856575 1 2133 2 144115188075856566 0 927 2 144115188075856617 0 933 3 144115188075856618 250 0 3 0 4 0 31 2 144115188075856579 1 2133 2 144115188075856567 0 927 2 144115188075856619 0 933 3 144115188075856620 250 0 3 0 4 0 31 2 144115188075856583 1 2133 2 144115188075856568 0 927 2 144115188075856621 0 933 3 144115188075856622 250 0 3 0 4 0 31 2 144115188075856587 1 2133 2 144115188075856569 0 927 2 144115188075856623 0 933 3 144115188075856624 250 0 3 0 4 0 31 2 144115188075856591 1 2133 2 144115188075856570 0 927 2 144115188075856625 0 933 3 144115188075856626 250 0 3 0 4 0 31 2 144115188075856595 1 2133 2 144115188075856571 0 927 2 144115188075856627 0 933 3 144115188075856628 250 0 3 0 4 0 31 2 144115188075856599 1 2133 2 144115188075856572 0 927 2 144115188075856629 0 933 3 144115188075856630 250 0 3 0 4 0 31 2 144115188075856603 1 2133 2 144115188075856573 0 927 2 144115188075856631 0 933 3 144115188075856632 250 0 3 0 5 0 31 2 1224979098644774912 144115188075857034 1 3 936748722493063532 1224979098644774914 8 5 0 31 2 1224979098644774912 144115188075857035 1 3 936748722493063532 1224979098644774914 7 5 0 31 2 1224979098644774912 144115188075857036 1 3 936748722493063532 1224979098644774914 6 5 0 31 2 1224979098644774912 144115188075857037 1 3 936748722493063532 1224979098644774914 5 5 0 31 2 1224979098644774912 144115188075857030 4 0 31 2 1224979098644774913 3 1 3 936748722493063532 1224979098644774914 0 1 2 936748722493063533 1224979098644774915 2133 2 144115188075856221 3 5 0 31 2 1224979098644774913 2 1 3 936748722493063532 1224979098644774914 1 1 2 936748722493063533 1224979098644774915 2133 2 144115188075856221 2 5 0 31 2 1224979098644774913 1 1 3 936748722493063532 1224979098644774914 2 1 2 936748722493063533 1224979098644774915 2133 2 144115188075856221 1 5 0 31 2 1224979098644774913 0 1 3 936748722493063532 1224979098644774914 11 1 2 936748722493063533 1224979098644774915 2133 2 144115188075856221 0 3 0 5 0 31 2 1224979098644774912 144115188075857031 4 0 31 2 1224979098644774913 1 1 3 936748722493063532 1224979098644774914 3 1 2 936748722493063533 1224979098644774915 2133 2 144115188075856222 1 5 0 31 2 1224979098644774913 0 1 3 936748722493063532 1224979098644774914 4 1 2 936748722493063533 1224979098644774915 2133 2 144115188075856222 0 3 0 5 0 31 2 1224979098644774912 144115188075857032 4 0 31 2 1224979098644774913 1 1 3 936748722493063532 1224979098644774914 12 1 2 936748722493063533 1224979098644774915 2133 2 144115188075856223 1 5 0 31 2 1224979098644774913 0 1 3 936748722493063532 1224979098644774914 13 1 2 936748722493063533 1224979098644774915 2133 2 144115188075856223 0 3 0 5 0 31 2 1224979098644774912 144115188075857033 4 0 31 2 1224979098644774913 1 1 3 936748722493063532 1224979098644774914 10 1 2 936748722493063533 1224979098644774915 2133 2 144115188075856224 1 5 0 31 2 1224979098644774913 0 1 3 936748722493063532 1224979098644774914 9 1 2 936748722493063533 1224979098644774915 2133 2 144115188075856224 0 3 0 5 0 31 2 1224979098644774912 144115188075857046 1799 2 2 3 75 1 1 2124 1 1000 726 2 1224979098644774917 1 727 2 1224979098644774918 1 2121 3 1224979098644774919 980 144115188075856612 2121 3 1224979098644774920 730 144115188075856613 2106 2 1224979098644774917 1224979098644774919 2106 2 1224979098644774918 1224979098644774920 2112 3 1224979098644774917 0 144115188075856612 2112 3 1224979098644774918 0 144115188075856613 2107 2 1224979098644774917 144115188075856611 2107 2 1224979098644774918 144115188075856611 2124 1 1000 729 2 1 1224979098644774917 730 2 1 1224979098644774918 716 3 3 2 1 4 0 31 2 144115188075856566 1 1790 3 1224979098644774915 0 0 1791 3 1224979098644774915 0 3 3 0 4 0 31 2 144115188075856567 1 1790 3 1224979098644774915 1 0 1791 3 1224979098644774915 1 3 3 0 4 0 31 2 144115188075856568 1 1790 3 1224979098644774915 2 0 1791 3 1224979098644774915 2 3 3 0 4 0 31 2 144115188075856569 1 1790 3 1224979098644774915 3 0 1791 3 1224979098644774915 3 3 3 0 4 0 31 2 144115188075856570 1 1790 3 1224979098644774915 4 0 1791 3 1224979098644774915 4 3 3 0 4 0 31 2 144115188075856571 1 1790 3 1224979098644774915 5 0 1791 3 1224979098644774915 5 3 3 0 4 0 31 2 144115188075856572 1 1790 3 1224979098644774915 6 0 1791 3 1224979098644774915 6 3 3 0 4 0 31 2 144115188075856573 1 1790 3 1224979098644774915 7 0 1791 3 1224979098644774915 7 3 3 0 4 0 31 2 144115188075856574 1 1790 3 1224979098644774915 8 0 1791 3 1224979098644774915 8 3 3 0 1 1 936748722493063536 1 2 936748722493063533 1224979098644774915 3 0 4 0 31 2 1224979098644774916 1 1795 2 1224979098644774915 -1 4 0 1073741855 2 144115188075856566 1 31 2 144115188075856575 0 1073741855 2 144115188075856567 1 31 2 144115188075856579 0 1073741855 2 144115188075856568 1 31 2 144115188075856583 0 1073741855 2 144115188075856569 1 31 2 144115188075856587 0 1073741855 2 144115188075856570 1 31 2 144115188075856591 0 1073741855 2 144115188075856571 1 31 2 144115188075856595 0 1073741855 2 144115188075856572 1 31 2 144115188075856599 0 1073741855 2 144115188075856573 1 31 2 144115188075856603 0 1073741855 2 144115188075856574 1 31 2 144115188075856607 0 1795 2 1224979098644774915 9 5 0 31 2 144115188075856566 1 1795 3 1224979098644774915 0 1 5 0 31 2 144115188075856567 1 1795 3 1224979098644774915 1 1 5 0 31 2 144115188075856568 1 1795 3 1224979098644774915 2 1 5 0 31 2 144115188075856569 1 1795 3 1224979098644774915 3 1 5 0 31 2 144115188075856570 1 1795 3 1224979098644774915 4 1 5 0 31 2 144115188075856571 1 1795 3 1224979098644774915 5 1 5 0 31 2 144115188075856572 1 1795 3 1224979098644774915 6 1 5 0 31 2 144115188075856573 1 1795 3 1224979098644774915 7 1 5 0 31 2 144115188075856574 1 1795 3 1224979098644774915 8 1 3 0 3 0 
-63.000000  129 2071 1 1224979098644774912 2072 1 1224979098644774913 4 0 31 2 1224979098644774912 144115188075856618 4 0 31 2 1224979098644774913 0 932 3 144115188075856576 250 16777215 932 3 144115188075856577 250 16777215 932 3 144115188075856578 250 16777215 932 3 144115188075856635 250 16777215 5 0 932 3 144115188075856576 250 0 932 3 144115188075856577 250 0 932 3 144115188075856578 250 0 932 3 144115188075856635 250 0 3 0 5 0 31 2 1224979098644774912 144115188075856620 4 0 31 2 1224979098644774913 0 932 3 144115188075856580 250 16777215 932 3 144115188075856581 250 16777215 932 3 144115188075856582 250 16777215 932 3 144115188075856636 250 16777215 5 0 932 3 144115188075856580 250 0 932 3 144115188075856581 250 0 932 3 144115188075856582 250 0 932 3 144115188075856636 250 0 3 0 5 0 31 2 1224979098644774912 144115188075856622 4 0 31 2 1224979098644774913 0 932 3 144115188075856584 250 16777215 932 3 144115188075856585 250 16777215 932 3 144115188075856586 250 16777215 932 3 144115188075856637 250 16777215 5 0 932 3 144115188075856584 250 0 932 3 144115188075856585 250 0 932 3 144115188075856586 250 0 932 3 144115188075856637 250 0 3 0 5 0 31 2 1224979098644774912 144115188075856624 4 0 31 2 1224979098644774913 0 932 3 144115188075856588 250 16777215 932 3 144115188075856589 250 16777215 932 3 144115188075856590 250 16777215 932 3 144115188075856638 250 16777215 5 0 932 3 144115188075856588 250 0 932 3 144115188075856589 250 0 932 3 144115188075856590 250 0 932 3 144115188075856638 250 0 3 0 5 0 31 2 1224979098644774912 144115188075856626 4 0 31 2 1224979098644774913 0 932 3 144115188075856592 250 16777215 932 3 144115188075856593 250 16777215 932 3 144115188075856594 250 16777215 932 3 144115188075856639 250 16777215 5 0 932 3 144115188075856592 250 0 932 3 144115188075856593 250 0 932 3 144115188075856594 250 0 932 3 144115188075856639 250 0 3 0 5 0 31 2 1224979098644774912 144115188075856628 4 0 31 2 1224979098644774913 0 932 3 144115188075856596 250 16777215 932 3 144115188075856597 250 16777215 932 3 144115188075856598 250 16777215 932 3 144115188075856640 250 16777215 5 0 932 3 144115188075856596 250 0 932 3 144115188075856597 250 0 932 3 144115188075856598 250 0 932 3 144115188075856640 250 0 3 0 5 0 31 2 1224979098644774912 144115188075856630 4 0 31 2 1224979098644774913 0 932 3 144115188075856600 250 16777215 932 3 144115188075856601 250 16777215 932 3 144115188075856602 250 16777215 932 3 144115188075856641 250 16777215 5 0 932 3 144115188075856600 250 0 932 3 144115188075856601 250 0 932 3 144115188075856602 250 0 932 3 144115188075856641 250 0 3 0 5 0 31 2 1224979098644774912 144115188075856632 4 0 31 2 1224979098644774913 0 932 3 144115188075856604 250 16777215 932 3 144115188075856605 250 16777215 932 3 144115188075856606 250 16777215 932 3 144115188075856642 250 16777215 5 0 932 3 144115188075856604 250 0 932 3 144115188075856605 250 0 932 3 144115188075856606 250 0 932 3 144115188075856642 250 0 3 0 5 0 31 2 1224979098644774912 144115188075856634 4 0 31 2 1224979098644774913 0 932 3 144115188075856608 250 16777215 932 3 144115188075856609 250 16777215 932 3 144115188075856610 250 16777215 932 3 144115188075856643 250 16777215 5 0 932 3 144115188075856608 250 0 932 3 144115188075856609 250 0 932 3 144115188075856610 250 0 932 3 144115188075856643 250 0 3 0 3 0 
-61.000000  34 2071 1 1224979098644774912 4 0 1073741897 1 30 1073741897 1 31 1073741897 1 32 1073741897 1 33 1073741897 1 34 1073741897 1 35 1073741897 1 36 1073741897 1 37 1073741897 1 38 1073741897 1 29 73 1 39 1 1 936748722493063537 3 0 4 0 1073741897 1 23 1073741897 1 24 1073741897 1 25 1073741897 1 26 1073741897 1 27 73 1 28 1700 1 1224979098644774913 1770 2 1224979098644774914 1224979098644774913 1 2 936748722493063533 1224979098644774914 3 0 4 0 32 2 1224979098644774912 200 73 1 22 12 1 1224979098644774915 505 3 1224979098644774915 10 0 3 0 902 1 0 3 0 


prsnt_sliders 0 0 3
-60.000000  39 2124 1 1000 914 3 144115188075857047 0 100 914 3 144115188075857048 0 100 914 3 144115188075857049 0 100 914 3 144115188075857050 0 100 2133 2 72057594037927937 25 2320 2 1 216172782113783817 910 2 144115188075857051 1 910 2 144115188075857052 1 910 2 144115188075857053 1 910 2 144115188075857054 1 2133 2 144115188075857055 25 927 2 144115188075857047 25 2133 2 144115188075857056 25 927 2 144115188075857048 25 2133 2 144115188075857057 25 927 2 144115188075857049 25 2133 2 144115188075857058 25 927 2 144115188075857050 25 729 2 1 600 730 2 1 200 926 2 144115188075857047 1 730 2 1 300 926 2 144115188075857048 1 730 2 1 400 926 2 144115188075857049 1 730 2 1 500 926 2 144115188075857050 1 729 2 1 800 730 2 1 200 926 2 144115188075857051 1 730 2 1 300 926 2 144115188075857052 1 730 2 1 400 926 2 144115188075857053 1 730 2 1 500 926 2 144115188075857054 1 729 2 1 500 925 2 144115188075857049 1 
-61.000000  0 
-62.000000  107 2071 1 1224979098644774912 2072 1 1224979098644774913 2133 2 1224979098644774914 0 4 0 31 2 1224979098644774912 144115188075857047 4 0 2147483679 2 144115188075857055 1224979098644774913 2133 2 144115188075857055 1224979098644774913 2133 2 1224979098644774914 1 3 0 5 0 31 2 1224979098644774912 144115188075857048 4 0 2147483679 2 144115188075857056 1224979098644774913 2133 2 144115188075857056 1224979098644774913 2133 2 1224979098644774914 1 3 0 5 0 31 2 1224979098644774912 144115188075857049 4 0 2147483679 2 144115188075857057 1224979098644774913 2133 2 144115188075857057 1224979098644774913 2133 2 1224979098644774914 1 3 0 5 0 31 2 1224979098644774912 144115188075857050 4 0 2147483679 2 144115188075857058 1224979098644774913 2133 2 144115188075857058 1224979098644774913 2133 2 1224979098644774914 1 3 0 3 0 4 0 31 2 1224979098644774914 1 2133 2 1224979098644774915 0 2105 2 1224979098644774915 144115188075857055 2105 2 1224979098644774915 144115188075857056 2105 2 1224979098644774915 144115188075857057 2105 2 1224979098644774915 144115188075857058 2121 3 1224979098644774916 100 1224979098644774915 2133 2 1224979098644774917 144115188075857055 2133 2 1224979098644774918 144115188075857056 2133 2 1224979098644774919 144115188075857057 2133 2 1224979098644774920 144115188075857058 2133 2 1224979098644774921 1 2133 2 1224979098644774922 0 2133 2 1224979098644774923 100 4 0 2147483678 2 1224979098644774916 0 2107 2 1224979098644774916 -1 2133 2 1224979098644774921 -1 2133 2 1224979098644774922 1 2133 2 1224979098644774923 101 3 0 2121 3 1224979098644774924 1224979098644774915 1224979098644774913 2105 2 1224979098644774924 30 6 3 1224979098644774925 0 1224979098644774916 2136 3 1224979098644774926 0 1224979098644774924 4 0 2147483679 2 1224979098644774912 144115188075857047 2106 2 1224979098644774926 144115188075857055 2106 2 1224979098644774926 10 2147483678 2 1224979098644774926 0 33 3 1224979098644774917 1224979098644774922 1224979098644774923 2105 2 1224979098644774917 1224979098644774921 5 0 2147483679 2 1224979098644774912 144115188075857048 2106 2 1224979098644774926 144115188075857056 2106 2 1224979098644774926 10 2147483678 2 1224979098644774926 0 33 3 1224979098644774918 1224979098644774922 1224979098644774923 2105 2 1224979098644774918 1224979098644774921 5 0 2147483679 2 1224979098644774912 144115188075857049 2106 2 1224979098644774926 144115188075857057 2106 2 1224979098644774926 10 2147483678 2 1224979098644774926 0 33 3 1224979098644774919 1224979098644774922 1224979098644774923 2105 2 1224979098644774919 1224979098644774921 5 0 33 3 1224979098644774920 1224979098644774922 1224979098644774923 2105 2 1224979098644774920 1224979098644774921 5 0 2105 2 1224979098644774916 1 3 0 3 0 2133 2 144115188075857055 1224979098644774917 2133 2 144115188075857056 1224979098644774918 2133 2 144115188075857057 1224979098644774919 2133 2 144115188075857058 1224979098644774920 3 0 927 2 144115188075857047 144115188075857055 927 2 144115188075857048 144115188075857056 927 2 144115188075857049 144115188075857057 927 2 144115188075857050 144115188075857058 2133 2 72057594037927937 144115188075857055 2320 2 1 216172782113783817 920 2 144115188075857051 1 2133 2 72057594037927937 144115188075857056 2320 2 1 216172782113783817 920 2 144115188075857052 1 2133 2 72057594037927937 144115188075857057 2320 2 1 216172782113783817 920 2 144115188075857053 1 2133 2 72057594037927937 144115188075857058 2320 2 1 216172782113783817 920 2 144115188075857054 1 


prsnt_arena_training 3 0 2
-60.000000  17 902 1 999999 2124 1 1000 1700 1 1224979098644774912 1723 3 72057594037927937 1224979098644774912 1 2320 2 1 1585267068834415086 910 2 144115188075857059 1 921 2 144115188075857059 16777215 729 2 1 10 730 2 1 700 926 2 144115188075857059 1 2133 2 72057594037927937 0 2320 2 1 1585267068834415087 910 2 144115188075857060 1 921 2 144115188075857060 16777215 729 2 1 10 730 2 1 670 926 2 144115188075857060 1 
-61.000000  14 1700 1 1224979098644774912 1723 3 72057594037927937 1224979098644774912 1 2320 2 1 1585267068834415088 920 2 144115188075857059 1 2133 2 1224979098644774913 144115188075856244 12 1 1224979098644774914 1704 1 1224979098644774914 2147485350 1 1224979098644774914 2147483679 2 1224979098644774914 1224979098644774912 2106 2 1224979098644774913 1 3 0 2133 2 72057594037927937 1224979098644774913 2320 2 1 1585267068834415089 920 2 144115188075857060 1 


prsnt_retirement 0 53 2
-60.000000  639 902 1 999999 2124 1 1000 912 3 144115188075857061 1585267068834415090 16 912 3 144115188075857062 1585267068834415091 16 729 2 1 500 730 2 1 80 926 2 144115188075857061 1 730 2 1 40 926 2 144115188075857062 1 2133 2 1224979098644774912 0 2149 2 1224979098644774913 360287970189639680 2123 3 1224979098644774914 1224979098644774913 200 2105 2 1224979098644774912 1224979098644774914 2133 2 1224979098644774915 0 2133 2 1224979098644774916 0 2133 2 1224979098644774917 0 2133 2 1224979098644774918 0 2133 2 1224979098644774919 0 2133 2 1224979098644774920 0 2133 2 1224979098644774921 0 6 3 1224979098644774922 648518346341351445 648518346341351625 521 3 1224979098644774923 1224979098644774922 0 4 0 541 3 1224979098644774922 7 360287970189639680 4 0 31 2 1224979098644774923 3 2105 2 1224979098644774915 1 5 0 31 2 1224979098644774923 2 2105 2 1224979098644774916 1 5 0 2105 2 1224979098644774917 1 3 0 3 0 521 3 1224979098644774924 1224979098644774922 26 4 0 30 2 1224979098644774924 40 4 0 31 2 1224979098644774923 3 2105 2 1224979098644774918 1 5 0 31 2 1224979098644774923 4 2105 2 1224979098644774919 1 3 0 5 0 2147483680 2 1224979098644774924 -40 4 0 31 2 1224979098644774923 3 2105 2 1224979098644774920 1 5 0 31 2 1224979098644774923 4 2105 2 1224979098644774921 1 3 0 3 0 3 0 2122 3 1224979098644774925 1224979098644774915 100 2122 3 1224979098644774926 1224979098644774916 50 2122 3 1224979098644774927 1224979098644774917 20 2120 3 1224979098644774928 1224979098644774915 1224979098644774916 2105 2 1224979098644774928 1224979098644774917 2120 3 1224979098644774929 1224979098644774925 1224979098644774926 2105 2 1224979098644774929 1224979098644774927 2105 2 1224979098644774912 1224979098644774929 2122 3 1224979098644774930 1224979098644774918 20 2122 3 1224979098644774931 1224979098644774919 4 2120 3 1224979098644774932 1224979098644774918 1224979098644774919 2120 3 1224979098644774933 1224979098644774930 1224979098644774931 2105 2 1224979098644774912 1224979098644774933 2122 3 1224979098644774934 1224979098644774920 -40 2122 3 1224979098644774935 1224979098644774921 -8 2120 3 1224979098644774936 1224979098644774920 1224979098644774921 2120 3 1224979098644774937 1224979098644774934 1224979098644774935 2105 2 1224979098644774912 1224979098644774937 2133 2 1224979098644774938 0 1540 2 1224979098644774939 360287970189639680 6 3 1224979098644774940 0 1224979098644774939 1541 3 1224979098644774941 360287970189639680 1224979098644774940 30 2 1224979098644774941 0 2230 2 1224979098644774942 1224979098644774941 2105 2 1224979098644774938 1224979098644774942 3 0 2123 3 1224979098644774943 1224979098644774938 200 2105 2 1224979098644774912 1224979098644774943 520 3 1224979098644774944 360287970189639680 7 2123 3 1224979098644774945 1224979098644774944 1 2105 2 1224979098644774912 1224979098644774945 2133 2 1224979098644774946 0 2133 2 1224979098644774947 0 6 3 1224979098644774948 360287970189639874 360287970189640143 1073742364 3 1224979098644774948 2 2 540 3 1224979098644774948 2 6 1 2 936748722493063437 1224979098644774948 2133 2 1224979098644774924 72057594037927936 4 0 30 2 1224979098644774924 40 2105 2 1224979098644774947 1 5 0 2147483680 2 1224979098644774924 -40 2105 2 1224979098644774946 1 3 0 3 0 2122 3 1224979098644774949 1224979098644774947 10 2105 2 1224979098644774912 1224979098644774949 2122 3 1224979098644774950 1224979098644774946 -10 2105 2 1224979098644774912 1224979098644774950 2272 1 1224979098644774951 2123 3 1224979098644774952 1224979098644774951 -1 2105 2 1224979098644774912 1224979098644774952 2122 3 1224979098644774953 144115188075857063 2 2105 2 1224979098644774912 1224979098644774953 2122 3 1224979098644774954 144115188075857064 -3 2105 2 1224979098644774912 1224979098644774954 2122 3 1224979098644774955 144115188075856656 4 2105 2 1224979098644774912 1224979098644774955 1515 2 1224979098644774956 360287970189639680 2123 3 1224979098644774957 1224979098644774956 5000 2105 2 1224979098644774912 1224979098644774957 2133 2 1224979098644774958 0 2133 2 1224979098644774959 0 6 3 1224979098644774948 360287970189639874 360287970189639890 4 0 540 3 1224979098644774948 2 5 2105 2 1224979098644774958 1 5 0 560 3 1224979098644774948 82 1 2105 2 1224979098644774959 1 3 0 3 0 2123 3 1224979098644774960 1224979098644774958 2 2105 2 1224979098644774912 1224979098644774960 2123 3 1224979098644774961 1224979098644774959 -4 2105 2 1224979098644774912 1224979098644774961 990 1 1224979098644774962 2133 2 1224979098644774963 1224979098644774912 2107 2 1224979098644774912 1224979098644774962 2108 2 1224979098644774912 75 2107 2 1224979098644774912 1224979098644774962 2108 2 1224979098644774912 75 2121 3 1224979098644774963 1224979098644774912 1224979098644774963 2133 2 72057594037927941 1224979098644774951 2171 2 72057594037927940 360287970189639680 910 3 72057594037927937 1585267068834415092 16 729 2 1 700 730 2 1 700 926 2 72057594037927937 1 729 2 1 950 730 2 1 950 925 2 72057594037927937 1 910 3 72057594037927938 1585267068834415093 16 729 2 1 750 730 2 1 750 925 2 72057594037927938 1 729 2 1 850 730 2 1 670 926 2 72057594037927938 1 2133 2 72057594037927936 1224979098644774928 910 3 72057594037927937 1585267068834415094 0 729 2 1 750 730 2 1 750 925 2 72057594037927937 1 729 2 1 600 730 2 1 650 926 2 72057594037927937 1 2133 2 72057594037927936 1224979098644774929 910 3 72057594037927937 1585267068834415095 16 729 2 1 750 730 2 1 750 925 2 72057594037927937 1 729 2 1 850 730 2 1 650 926 2 72057594037927937 1 4 0 32 2 72057594037927936 0 921 2 72057594037927937 43520 3 0 2133 2 72057594037927936 1224979098644774932 910 3 72057594037927937 1585267068834415096 0 729 2 1 750 730 2 1 750 925 2 72057594037927937 1 729 2 1 600 730 2 1 630 926 2 72057594037927937 1 2133 2 72057594037927936 1224979098644774933 910 3 72057594037927937 1585267068834415095 16 729 2 1 750 730 2 1 750 925 2 72057594037927937 1 729 2 1 850 730 2 1 630 926 2 72057594037927937 1 4 0 32 2 72057594037927936 0 921 2 72057594037927937 43520 3 0 2133 2 72057594037927936 1224979098644774936 910 3 72057594037927937 1585267068834415097 0 729 2 1 750 730 2 1 750 925 2 72057594037927937 1 729 2 1 600 730 2 1 610 926 2 72057594037927937 1 2133 2 72057594037927936 1224979098644774937 910 3 72057594037927937 1585267068834415098 16 729 2 1 750 730 2 1 750 925 2 72057594037927937 1 729 2 1 850 730 2 1 610 926 2 72057594037927937 1 4 0 2147483678 2 72057594037927936 0 921 2 72057594037927937 16711680 3 0 2133 2 72057594037927936 1224979098644774947 910 3 72057594037927937 1585267068834415099 0 729 2 1 750 730 2 1 750 925 2 72057594037927937 1 729 2 1 600 730 2 1 590 926 2 72057594037927937 1 2133 2 72057594037927936 1224979098644774949 910 3 72057594037927937 1585267068834415095 16 729 2 1 750 730 2 1 750 925 2 72057594037927937 1 729 2 1 850 730 2 1 590 926 2 72057594037927937 1 4 0 32 2 72057594037927936 0 921 2 72057594037927937 43520 3 0 2133 2 72057594037927936 1224979098644774946 910 3 72057594037927937 1585267068834415100 0 729 2 1 750 730 2 1 750 925 2 72057594037927937 1 729 2 1 600 730 2 1 570 926 2 72057594037927937 1 2133 2 72057594037927936 1224979098644774950 910 3 72057594037927937 1585267068834415098 16 729 2 1 750 730 2 1 750 925 2 72057594037927937 1 729 2 1 850 730 2 1 570 926 2 72057594037927937 1 4 0 2147483678 2 72057594037927936 0 921 2 72057594037927937 16711680 3 0 2133 2 72057594037927936 144115188075857063 910 3 72057594037927937 1585267068834415101 0 729 2 1 750 730 2 1 750 925 2 72057594037927937 1 729 2 1 600 730 2 1 550 926 2 72057594037927937 1 2133 2 72057594037927936 1224979098644774953 910 3 72057594037927937 1585267068834415095 16 729 2 1 750 730 2 1 750 925 2 72057594037927937 1 729 2 1 850 730 2 1 550 926 2 72057594037927937 1 4 0 32 2 72057594037927936 0 921 2 72057594037927937 43520 3 0 2133 2 72057594037927936 144115188075857064 910 3 72057594037927937 1585267068834415102 0 729 2 1 750 730 2 1 750 925 2 72057594037927937 1 729 2 1 600 730 2 1 530 926 2 72057594037927937 1 2133 2 72057594037927936 1224979098644774954 910 3 72057594037927937 1585267068834415098 16 729 2 1 750 730 2 1 750 925 2 72057594037927937 1 729 2 1 850 730 2 1 530 926 2 72057594037927937 1 4 0 2147483678 2 72057594037927936 0 921 2 72057594037927937 16711680 3 0 2133 2 72057594037927936 144115188075856656 910 3 72057594037927937 1585267068834415103 0 729 2 1 750 730 2 1 750 925 2 72057594037927937 1 729 2 1 600 730 2 1 510 926 2 72057594037927937 1 2133 2 72057594037927936 1224979098644774955 910 3 72057594037927937 1585267068834415095 16 729 2 1 750 730 2 1 750 925 2 72057594037927937 1 729 2 1 850 730 2 1 510 926 2 72057594037927937 1 4 0 32 2 72057594037927936 0 921 2 72057594037927937 43520 3 0 2133 2 72057594037927936 1224979098644774958 910 3 72057594037927937 1585267068834415104 0 729 2 1 750 730 2 1 750 925 2 72057594037927937 1 729 2 1 600 730 2 1 490 926 2 72057594037927937 1 2133 2 72057594037927936 1224979098644774960 910 3 72057594037927937 1585267068834415095 16 729 2 1 750 730 2 1 750 925 2 72057594037927937 1 729 2 1 850 730 2 1 490 926 2 72057594037927937 1 4 0 32 2 72057594037927936 0 921 2 72057594037927937 43520 3 0 2133 2 72057594037927936 1224979098644774959 910 3 72057594037927937 1585267068834415105 0 729 2 1 750 730 2 1 750 925 2 72057594037927937 1 729 2 1 600 730 2 1 470 926 2 72057594037927937 1 2133 2 72057594037927936 1224979098644774961 910 3 72057594037927937 1585267068834415098 16 729 2 1 750 730 2 1 750 925 2 72057594037927937 1 729 2 1 850 730 2 1 470 926 2 72057594037927937 1 4 0 2147483678 2 72057594037927936 0 921 2 72057594037927937 16711680 3 0 2133 2 72057594037927936 1224979098644774913 910 3 72057594037927937 1585267068834415106 0 729 2 1 750 730 2 1 750 925 2 72057594037927937 1 729 2 1 600 730 2 1 450 926 2 72057594037927937 1 2133 2 72057594037927936 1224979098644774914 910 3 72057594037927937 1585267068834415095 16 729 2 1 750 730 2 1 750 925 2 72057594037927937 1 729 2 1 850 730 2 1 450 926 2 72057594037927937 1 4 0 32 2 72057594037927936 0 921 2 72057594037927937 43520 3 0 2133 2 72057594037927936 1224979098644774938 910 3 72057594037927937 1585267068834415107 0 729 2 1 750 730 2 1 750 925 2 72057594037927937 1 729 2 1 600 730 2 1 430 926 2 72057594037927937 1 2133 2 72057594037927936 1224979098644774943 910 3 72057594037927937 1585267068834415095 16 729 2 1 750 730 2 1 750 925 2 72057594037927937 1 729 2 1 850 730 2 1 430 926 2 72057594037927937 1 4 0 32 2 72057594037927936 0 921 2 72057594037927937 43520 3 0 2133 2 72057594037927936 1224979098644774944 910 3 72057594037927937 1585267068834415108 0 729 2 1 750 730 2 1 750 925 2 72057594037927937 1 729 2 1 600 730 2 1 410 926 2 72057594037927937 1 2133 2 72057594037927936 1224979098644774945 910 3 72057594037927937 1585267068834415095 16 729 2 1 750 730 2 1 750 925 2 72057594037927937 1 729 2 1 850 730 2 1 410 926 2 72057594037927937 1 4 0 32 2 72057594037927936 0 921 2 72057594037927937 43520 3 0 2133 2 72057594037927936 1224979098644774956 910 3 72057594037927937 1585267068834415109 0 729 2 1 750 730 2 1 750 925 2 72057594037927937 1 729 2 1 600 730 2 1 390 926 2 72057594037927937 1 2133 2 72057594037927936 1224979098644774957 910 3 72057594037927937 1585267068834415095 16 729 2 1 750 730 2 1 750 925 2 72057594037927937 1 729 2 1 850 730 2 1 390 926 2 72057594037927937 1 4 0 32 2 72057594037927936 0 921 2 72057594037927937 43520 3 0 2133 2 72057594037927936 1224979098644774951 910 3 72057594037927937 1585267068834415110 0 729 2 1 750 730 2 1 750 925 2 72057594037927937 1 729 2 1 600 730 2 1 370 926 2 72057594037927937 1 2133 2 72057594037927936 1224979098644774952 910 3 72057594037927937 1585267068834415098 16 729 2 1 750 730 2 1 750 925 2 72057594037927937 1 729 2 1 850 730 2 1 370 926 2 72057594037927937 1 4 0 2147483678 2 72057594037927936 0 921 2 72057594037927937 16711680 3 0 2133 2 72057594037927936 1224979098644774962 910 3 72057594037927937 1585267068834415111 0 729 2 1 750 730 2 1 750 925 2 72057594037927937 1 729 2 1 600 730 2 1 350 926 2 72057594037927937 1 2133 2 72057594037927936 1224979098644774963 2133 2 72057594037927939 72057594037927936 2111 2 72057594037927939 0 910 3 72057594037927937 1585267068834415112 16 729 2 1 750 730 2 1 750 925 2 72057594037927937 1 729 2 1 850 730 2 1 350 926 2 72057594037927937 1 4 0 32 2 72057594037927936 0 921 2 72057594037927937 43520 5 0 2147483678 2 72057594037927936 0 921 2 72057594037927937 16711680 3 0 2133 2 72057594037927936 1224979098644774912 910 3 72057594037927937 1585267068834415113 16 729 2 1 750 730 2 1 320 926 2 72057594037927937 1 2133 2 1224979098644774964 0 2133 2 1224979098644774965 0 2133 2 1224979098644774966 0 2133 2 1224979098644774967 0 2133 2 1224979098644774968 0 2133 2 1224979098644774969 0 6 3 1224979098644774970 648518346341351445 648518346341351625 4 0 541 3 1224979098644774970 7 360287970189639680 4 0 541 3 1224979098644774970 0 3 2105 2 1224979098644774966 1 5 0 541 3 1224979098644774970 0 2 2105 2 1224979098644774965 1 5 0 2105 2 1224979098644774964 1 3 0 5 0 521 3 1224979098644774971 1224979098644774970 26 32 2 1224979098644774971 0 4 0 541 3 1224979098644774970 0 3 2105 2 1224979098644774969 1224979098644774971 5 0 541 3 1224979098644774970 0 2 2105 2 1224979098644774968 1224979098644774971 5 0 2105 2 1224979098644774967 1224979098644774971 3 0 3 0 3 0 4 0 32 2 1224979098644774966 0 2136 3 1224979098644774972 0 1224979098644774966 6 3 1224979098644774970 648518346341351445 648518346341351467 541 3 1224979098644774970 7 360287970189639680 2106 2 1224979098644774972 1 2147483678 2 1224979098644774972 0 2330 2 9 1224979098644774970 3 0 5 0 32 2 1224979098644774969 0 2136 3 1224979098644774973 0 1224979098644774969 6 3 1224979098644774970 648518346341351445 648518346341351467 521 3 1224979098644774971 1224979098644774970 26 32 2 1224979098644774971 0 2106 2 1224979098644774973 1224979098644774971 2147483678 2 1224979098644774973 0 2330 2 9 1224979098644774970 3 0 5 0 2136 3 1224979098644774972 648518346341351445 648518346341351467 2330 2 9 1224979098644774972 3 0 4 0 32 2 1224979098644774965 0 2136 3 1224979098644774974 0 1224979098644774965 6 3 1224979098644774970 648518346341351467 648518346341351515 541 3 1224979098644774970 7 360287970189639680 2106 2 1224979098644774974 1 2147483678 2 1224979098644774974 0 2330 2 8 1224979098644774970 3 0 5 0 32 2 1224979098644774968 0 2136 3 1224979098644774975 0 1224979098644774968 6 3 1224979098644774970 648518346341351467 648518346341351515 521 3 1224979098644774971 1224979098644774970 26 32 2 1224979098644774971 0 2106 2 1224979098644774975 1224979098644774971 2147483678 2 1224979098644774975 0 2330 2 8 1224979098644774970 3 0 5 0 2136 3 1224979098644774974 648518346341351467 648518346341351515 2330 2 8 1224979098644774974 3 0 4 0 32 2 1224979098644774964 0 2136 3 1224979098644774976 0 1224979098644774964 6 3 1224979098644774970 648518346341351515 648518346341351625 541 3 1224979098644774970 7 360287970189639680 2106 2 1224979098644774976 1 2147483678 2 1224979098644774976 0 2330 2 7 1224979098644774970 3 0 5 0 32 2 1224979098644774967 0 2136 3 1224979098644774977 0 1224979098644774967 6 3 1224979098644774970 648518346341351515 648518346341351625 521 3 1224979098644774971 1224979098644774970 26 32 2 1224979098644774971 0 2106 2 1224979098644774977 1224979098644774971 2147483678 2 1224979098644774977 0 2330 2 7 1224979098644774970 3 0 5 0 2136 3 1224979098644774976 648518346341351515 648518346341351625 2330 2 7 1224979098644774976 3 0 4 0 2147483678 2 1224979098644774912 100 939 4 72057594037927937 -1 1729382256910270515 0 2320 2 0 216172782113784216 5 0 2147483678 2 1224979098644774912 200 939 4 72057594037927937 -1 1729382256910270515 1 2320 2 0 216172782113784217 5 0 2147483678 2 1224979098644774912 400 939 4 72057594037927937 -1 1729382256910270515 2 2320 2 0 216172782113784218 5 0 2147483678 2 1224979098644774912 700 939 4 72057594037927937 -1 1729382256910270515 3 2320 2 0 216172782113784219 5 0 2147483678 2 1224979098644774912 1200 939 4 72057594037927937 -1 1729382256910270515 4 2320 2 0 216172782113784220 5 0 2147483678 2 1224979098644774912 1850 939 4 72057594037927937 -1 1729382256910270515 5 2320 2 0 216172782113784221 5 0 2147483678 2 1224979098644774912 2500 939 4 72057594037927937 -1 1729382256910270515 6 2320 2 0 216172782113784222 5 0 2147483678 2 1224979098644774912 3500 939 4 72057594037927937 -1 1729382256910270515 7 2320 2 0 216172782113784223 5 0 2147483678 2 1224979098644774912 5000 939 4 72057594037927937 -1 1729382256910270515 8 2320 2 0 216172782113784224 5 0 939 4 72057594037927937 -1 1729382256910270515 9 2320 2 0 216172782113784225 3 0 729 2 1 0 730 2 1 120 926 2 72057594037927937 1 910 3 72057594037927937 0 10240 729 2 1 600 730 2 1 120 926 2 72057594037927937 1 729 2 1 360 730 2 1 190 929 2 72057594037927937 1 729 2 1 800 730 2 1 800 925 2 72057594037927937 1 
-62.000000  10 2071 1 1224979098644774912 4 0 31 2 1224979098644774912 144115188075857061 2060 1 864691128455135265 900 1 1513209474796486657 5 0 31 2 1224979098644774912 144115188075857062 902 1 0 2040 0 3 0 


prsnt_budget_report 0 53 2
-60.000000  548 902 1 999999 2124 1 1000 911 2 72057594037927937 1441151880758558729 729 2 1 800 730 2 1 800 925 2 72057594037927937 1 729 2 1 170 730 2 1 0 926 2 72057594037927937 1 910 3 72057594037927937 216172782113785771 16 729 2 1 1500 730 2 1 1500 925 2 72057594037927937 1 729 2 1 260 730 2 1 650 926 2 72057594037927937 1 2319 1 0 910 3 144115188075857065 0 131072 729 2 1 0 730 2 1 100 926 2 144115188075857065 1 729 2 1 505 730 2 1 500 929 2 144115188075857065 1 945 1 144115188075857065 424 1 1224979098644774912 4 0 31 2 1224979098644774912 0 2133 2 1224979098644774913 2 2133 2 1224979098644774914 5 5 0 31 2 1224979098644774912 1 2133 2 1224979098644774913 4 2133 2 1224979098644774914 4 5 0 31 2 1224979098644774912 2 2133 2 1224979098644774913 6 2133 2 1224979098644774914 3 3 0 2133 2 1224979098644774915 0 2133 2 1224979098644774916 0 2133 2 1224979098644774917 0 2133 2 1224979098644774918 0 6 3 1224979098644774919 648518346341351445 648518346341351625 4 0 561 3 1224979098644774919 137 1 2105 2 1224979098644774915 1 3 0 541 3 1224979098644774919 7 360287970189639680 2105 2 1224979098644774915 1 2105 2 1224979098644774916 1 4 0 33 3 1224979098644774919 648518346341351445 648518346341351467 2105 2 1224979098644774915 1 2105 2 1224979098644774916 1 3 0 3 0 4 0 32 2 144115188075855903 0 2147483679 2 144115188075855903 432345564227567630 2147483679 2 144115188075855903 432345564227567629 31 2 144115188075855904 0 2105 2 1224979098644774915 1 3 0 4 0 32 2 1224979098644774916 1224979098644774913 2105 2 1224979098644774915 1 3 0 11 1 1224979098644774920 2133 2 1224979098644774921 0 4 0 1073742365 3 1224979098644774920 0 3 541 3 1224979098644774920 0 2 541 3 1224979098644774920 7 360287970189639680 2133 2 1224979098644774921 1 5 0 1073742365 3 1224979098644774920 0 3 541 3 1224979098644774920 0 2 2147484209 3 1224979098644774920 7 1 2204 2 1224979098644774922 1224979098644774920 31 2 1224979098644774922 432345564227567630 542 3 432345564227567630 11 360287970189639680 2133 2 1224979098644774921 1 3 0 1073741855 2 1224979098644774920 648518346341351424 31 2 1224979098644774921 1 2105 2 1224979098644774915 1 3 0 4 0 32 2 144115188075856534 0 2105 2 1224979098644774915 2 3 0 2105 2 1224979098644774915 3 2122 3 1224979098644774923 27 1224979098644774915 2133 2 1224979098644774924 0 6 3 1224979098644774919 648518346341351445 648518346341351625 4 0 521 3 1224979098644774925 1224979098644774919 137 32 2 1224979098644774925 1 2147484209 3 1224979098644774919 139 1 2330 2 0 1224979098644774919 1 3 936748722493063715 1224979098644774925 1224979098644774919 2133 2 1224979098644774926 72057594037927936 2133 2 1224979098644774927 72057594037927940 2133 2 1224979098644774928 72057594037927941 2133 2 1224979098644774929 72057594037927946 2121 3 1224979098644774930 1224979098644774919 648518346341351445 2120 3 1224979098644774931 1224979098644774930 360287970189640480 527 3 1224979098644774932 1224979098644774925 55 2133 2 1224979098644774933 0 4 0 541 3 1224979098644774919 138 1 2133 2 1224979098644774934 0 1540 2 1224979098644774935 1224979098644774931 6 3 1224979098644774936 0 1224979098644774935 1541 3 1224979098644774937 1224979098644774931 1224979098644774936 2147483678 2 1224979098644774937 1 2105 2 1224979098644774934 1 3 0 2133 2 1224979098644774933 1224979098644774932 2110 2 1224979098644774933 1224979098644774934 32 2 1224979098644774933 0 2122 3 1224979098644774938 1224979098644774927 1224979098644774933 2106 2 1224979098644774926 1224979098644774938 2106 2 1224979098644774932 1224979098644774933 3 0 4 0 31 2 144115188075855902 1 1535 3 1224979098644774931 1224979098644774925 1224979098644774933 2121 3 1224979098644774939 1224979098644774925 288230376151711835 2105 2 1224979098644774939 250 521 3 1224979098644774940 1224979098644774919 1224979098644774939 2122 3 1224979098644774941 1224979098644774932 15 2106 2 1224979098644774940 1224979098644774941 501 3 1224979098644774919 1224979098644774939 1224979098644774940 32 2 144115188075855897 0 2322 2 3 1224979098644774931 2133 2 72057594037927939 1224979098644774933 1106 1 1585267068834415114 3 0 527 3 1224979098644774942 1224979098644774925 52 4 0 567 3 1224979098644774925 57 1 2133 2 1224979098644774943 1224979098644774942 5 0 2133 2 1224979098644774943 0 3 0 2133 2 1224979098644774944 0 2133 2 1224979098644774945 0 4 0 1540 2 1224979098644774935 1224979098644774931 6 3 1224979098644774936 0 1224979098644774935 1541 3 1224979098644774946 1224979098644774931 1224979098644774936 2147483678 2 1224979098644774944 1224979098644774942 547 3 1224979098644774925 50 1224979098644774946 2105 2 1224979098644774944 1 5 0 2147483678 2 1224979098644774945 1224979098644774943 547 3 1224979098644774925 57 1224979098644774946 2105 2 1224979098644774945 1 3 0 4 0 32 2 1224979098644774944 0 2106 2 1224979098644774942 1224979098644774944 2122 3 1224979098644774947 1224979098644774928 1224979098644774944 2105 2 1224979098644774926 1224979098644774947 3 0 4 0 32 2 1224979098644774945 0 2106 2 1224979098644774943 1224979098644774945 2133 2 1224979098644774947 1224979098644774929 2105 2 1224979098644774926 1224979098644774947 3 0 3 0 4 0 31 2 144115188075855902 1 527 3 1224979098644774948 1224979098644774925 50 1536 3 1224979098644774931 1224979098644774948 1224979098644774944 527 3 1224979098644774949 1224979098644774925 57 1536 3 1224979098644774931 1224979098644774949 1224979098644774945 2121 3 1224979098644774939 1224979098644774948 288230376151711835 2105 2 1224979098644774939 250 521 3 1224979098644774940 1224979098644774919 1224979098644774939 2122 3 1224979098644774941 1224979098644774932 15 2105 2 1224979098644774940 1224979098644774941 501 3 1224979098644774919 1224979098644774939 1224979098644774940 4 0 32 2 1224979098644774943 0 2121 3 1224979098644774939 1224979098644774949 288230376151711835 2105 2 1224979098644774939 250 521 3 1224979098644774940 1224979098644774919 1224979098644774939 2105 2 1224979098644774940 15 501 3 1224979098644774919 1224979098644774939 1224979098644774940 3 0 3 0 1 2 936748722493063316 1224979098644774925 2320 2 5 72057594037927936 910 3 72057594037927937 216172782113787093 0 729 2 1 900 730 2 1 900 925 2 72057594037927937 1 729 2 1 25 730 2 1 1224979098644774923 926 2 72057594037927937 1 2133 2 72057594037927936 1224979098644774926 4 0 2204 2 1224979098644774950 1224979098644774919 2190 3 1224979098644774951 1224979098644774950 144115188075855903 2147483678 2 1224979098644774951 0 2133 2 72057594037927936 0 2133 2 1224979098644774926 0 910 3 72057594037927937 216172782113787103 32776 921 2 72057594037927937 16711680 5 0 30 2 72057594037927936 0 910 3 72057594037927937 1585267068834415098 32776 921 2 72057594037927937 43520 5 0 910 3 72057594037927937 1585267068834415098 32776 921 2 72057594037927937 16711680 3 0 2105 2 1224979098644774917 1224979098644774926 2105 2 1224979098644774924 1224979098644774926 729 2 1 900 730 2 1 900 925 2 72057594037927937 1 729 2 1 500 730 2 1 1224979098644774923 926 2 72057594037927937 1 2106 2 1224979098644774923 27 3 0 541 3 1224979098644774919 7 360287970189639680 521 3 1224979098644774952 1224979098644774919 47 521 3 1224979098644774953 1224979098644774919 48 2120 3 1224979098644774954 1224979098644774952 1224979098644774953 2105 2 1224979098644774917 1224979098644774954 2105 2 1224979098644774918 1224979098644774954 2105 2 1224979098644774924 1224979098644774954 2330 2 0 1224979098644774919 910 3 72057594037927937 216172782113787056 0 729 2 1 900 730 2 1 900 925 2 72057594037927937 1 729 2 1 25 730 2 1 1224979098644774923 926 2 72057594037927937 1 4 0 32 2 1224979098644774952 0 2133 2 72057594037927936 1224979098644774952 910 3 72057594037927937 1585267068834415098 32776 921 2 72057594037927937 43520 5 0 910 3 72057594037927937 1585267068834414820 32776 3 0 729 2 1 900 730 2 1 900 925 2 72057594037927937 1 729 2 1 500 730 2 1 1224979098644774923 926 2 72057594037927937 1 2106 2 1224979098644774923 27 4 0 33 3 1224979098644774919 648518346341351445 648518346341351467 910 3 72057594037927937 216172782113787057 0 729 2 1 900 730 2 1 900 925 2 72057594037927937 1 729 2 1 25 730 2 1 1224979098644774923 926 2 72057594037927937 1 4 0 32 2 1224979098644774953 0 2133 2 72057594037927936 1224979098644774953 910 3 72057594037927937 1585267068834415098 32776 921 2 72057594037927937 43520 5 0 910 3 72057594037927937 1585267068834414820 32776 3 0 729 2 1 900 730 2 1 900 925 2 72057594037927937 1 729 2 1 500 730 2 1 1224979098644774923 926 2 72057594037927937 1 2106 2 1224979098644774923 27 3 0 3 0 4 0 32 2 144115188075855903 0 2147483679 2 144115188075855903 432345564227567630 2147483679 2 144115188075855903 432345564227567629 31 2 144115188075855904 0 2335 2 0 144115188075855903 910 3 72057594037927937 216172782113785773 0 729 2 1 900 730 2 1 900 925 2 72057594037927937 1 729 2 1 25 730 2 1 1224979098644774923 926 2 72057594037927937 1 1 3 936748722493063319 648518346341351424 0 2133 2 1224979098644774955 72057594037927936 2108 2 1224979098644774955 2 2105 2 1224979098644774955 30 1 2 936748722493063506 1224979098644774955 2105 2 1224979098644774924 72057594037927936 910 3 72057594037927937 1585267068834415098 32776 729 2 1 900 730 2 1 900 925 2 72057594037927937 1 921 2 72057594037927937 43520 729 2 1 500 730 2 1 1224979098644774923 926 2 72057594037927937 1 2106 2 1224979098644774923 27 3 0 4 0 32 2 1224979098644774916 1224979098644774913 32 2 1224979098644774917 0 2121 3 1224979098644774956 1224979098644774916 1224979098644774913 2107 2 1224979098644774956 1224979098644774914 2110 2 1224979098644774956 65 2122 3 1224979098644774957 1224979098644774918 1224979098644774956 2108 2 1224979098644774957 100 2106 2 1224979098644774924 1224979098644774957 910 3 72057594037927937 216172782113785775 0 729 2 1 25 730 2 1 1224979098644774923 926 2 72057594037927937 1 729 2 1 900 730 2 1 900 925 2 72057594037927937 1 2122 3 72057594037927936 1224979098644774957 -1 910 3 72057594037927937 1585267068834415098 32776 729 2 1 900 730 2 1 900 925 2 72057594037927937 1 921 2 72057594037927937 16711680 729 2 1 500 730 2 1 1224979098644774923 926 2 72057594037927937 1 2106 2 1224979098644774923 27 3 0 11 1 1224979098644774920 2133 2 1224979098644774921 0 4 0 1073742365 3 1224979098644774920 0 3 541 3 1224979098644774920 0 2 541 3 1224979098644774920 7 360287970189639680 2133 2 1224979098644774921 1 5 0 1073742365 3 1224979098644774920 0 3 541 3 1224979098644774920 0 2 2147484209 3 1224979098644774920 7 1 2204 2 1224979098644774922 1224979098644774920 31 2 1224979098644774922 432345564227567630 542 3 432345564227567630 11 360287970189639680 2133 2 1224979098644774921 1 3 0 1073741855 2 1224979098644774920 648518346341351424 31 2 1224979098644774921 1 2133 2 1224979098644774958 0 1650 2 1224979098644774959 1224979098644774920 6 3 1224979098644774960 0 1224979098644774959 1652 3 1224979098644774961 1224979098644774920 1224979098644774960 1653 3 1224979098644774962 1224979098644774920 1224979098644774960 1 3 936748722493063187 1224979098644774961 1224979098644774920 2133 2 1224979098644774963 72057594037927936 2107 2 1224979098644774963 1224979098644774962 2105 2 1224979098644774958 1224979098644774963 3 0 4 0 31 2 1224979098644774921 1 2108 2 1224979098644774958 2 5 0 31 2 1224979098644774920 648518346341351424 2121 3 1224979098644774964 14 144115188075855913 2107 2 1224979098644774958 1224979098644774964 2108 2 1224979098644774958 14 3 0 2107 2 1224979098644774958 -1 2105 2 1224979098644774924 1224979098644774958 2330 2 0 1224979098644774920 4 0 31 2 1224979098644774920 648518346341351424 2320 2 0 216172782113785774 3 0 910 3 72057594037927937 216172782113785776 0 729 2 1 900 730 2 1 900 925 2 72057594037927937 1 729 2 1 25 730 2 1 1224979098644774923 926 2 72057594037927937 1 4 0 2147483678 2 1224979098644774958 0 2133 2 72057594037927936 1224979098644774958 910 3 72057594037927937 1585267068834415098 32776 921 2 72057594037927937 16711680 5 0 910 3 72057594037927937 1585267068834414820 32776 3 0 729 2 1 900 730 2 1 900 925 2 72057594037927937 1 729 2 1 500 730 2 1 1224979098644774923 926 2 72057594037927937 1 2106 2 1224979098644774923 27 3 0 4 0 32 2 144115188075856534 0 2106 2 1224979098644774924 144115188075856534 910 3 72057594037927937 216172782113785777 0 729 2 1 900 730 2 1 900 925 2 72057594037927937 1 729 2 1 25 730 2 1 1224979098644774923 926 2 72057594037927937 1 2122 3 72057594037927936 144115188075856534 -1 910 3 72057594037927937 1585267068834415098 32776 729 2 1 900 730 2 1 900 925 2 72057594037927937 1 921 2 72057594037927937 16711680 729 2 1 500 730 2 1 1224979098644774923 926 2 72057594037927937 1 2106 2 1224979098644774923 27 3 0 911 2 72057594037927937 1441151880758558776 921 2 72057594037927937 0 729 2 1 24000 730 2 1 50 925 2 72057594037927937 1 729 2 1 25 2120 3 1224979098644774965 1224979098644774923 25 730 2 1 1224979098644774965 926 2 72057594037927937 1 910 3 72057594037927937 216172782113785778 0 729 2 1 900 730 2 1 900 925 2 72057594037927937 1 729 2 1 25 730 2 1 1224979098644774923 926 2 72057594037927937 1 2133 2 72057594037927936 1224979098644774924 910 3 72057594037927937 1585267068834415098 32776 729 2 1 900 730 2 1 900 925 2 72057594037927937 1 4 0 32 2 72057594037927936 0 921 2 72057594037927937 43520 5 0 2147483678 2 72057594037927936 0 921 2 72057594037927937 16711680 3 0 729 2 1 500 730 2 1 1224979098644774923 926 2 72057594037927937 1 2106 2 1224979098644774923 27 910 3 72057594037927937 216172782113785779 0 729 2 1 900 730 2 1 900 925 2 72057594037927937 1 729 2 1 25 730 2 1 1224979098644774923 926 2 72057594037927937 1 2149 2 1224979098644774966 360287970189639680 2133 2 72057594037927936 1224979098644774966 910 3 72057594037927937 1585267068834415098 32776 729 2 1 900 730 2 1 900 925 2 72057594037927937 1 729 2 1 500 730 2 1 1224979098644774923 926 2 72057594037927937 1 2106 2 1224979098644774923 27 2107 2 1224979098644774924 -1 4 0 30 2 1224979098644774966 1224979098644774924 2133 2 1224979098644774967 1224979098644774924 2133 2 1224979098644774968 0 5 0 2133 2 1224979098644774967 1224979098644774966 2121 3 1224979098644774968 1224979098644774924 1224979098644774966 3 0 910 3 72057594037927937 216172782113785780 0 729 2 1 900 730 2 1 900 925 2 72057594037927937 1 729 2 1 25 730 2 1 1224979098644774923 926 2 72057594037927937 1 2121 3 72057594037927936 1224979098644774966 1224979098644774967 910 3 72057594037927937 1585267068834415098 32776 729 2 1 900 730 2 1 900 925 2 72057594037927937 1 729 2 1 500 730 2 1 1224979098644774923 926 2 72057594037927937 1 2106 2 1224979098644774923 27 4 0 32 2 1224979098644774968 0 910 3 72057594037927937 216172782113785781 0 729 2 1 900 730 2 1 900 925 2 72057594037927937 1 729 2 1 25 730 2 1 1224979098644774923 926 2 72057594037927937 1 2133 2 72057594037927936 1224979098644774968 910 3 72057594037927937 1585267068834415098 32776 729 2 1 900 730 2 1 900 925 2 72057594037927937 1 729 2 1 500 730 2 1 1224979098644774923 926 2 72057594037927937 1 2106 2 1224979098644774923 27 2147483679 2 144115188075855902 0 1 3 936748722493063604 2 216172782113784231 3 0 945 1 -1 912 2 144115188075857066 1585267068834415060 729 2 1 225 730 2 1 60 926 2 144115188075857066 1 4 0 31 2 144115188075855902 1 2133 2 144115188075856534 1224979098644774968 4 0 32 2 1224979098644774967 0 1529 2 360287970189639680 1224979098644774967 5 0 2107 2 1224979098644774967 -1 1528 2 360287970189639680 1224979098644774967 3 0 6 3 1224979098644774919 648518346341351445 648518346341351625 541 3 1224979098644774919 7 360287970189639680 501 3 1224979098644774919 47 0 501 3 1224979098644774919 48 0 3 0 2133 2 144115188075855913 0 3 0 
-62.000000  5 2071 1 1224979098644774912 4 0 31 2 1224979098644774912 144115188075857066 902 1 0 3 0 


prsnt_game_before_quit 0 53 2
-60.000000  13 4 0 250 0 2124 1 1000 911 2 72057594037927936 1441151880758559255 729 2 1 -1 730 2 1 -1 926 2 72057594037927936 1 729 2 1 1002 730 2 1 1002 925 2 72057594037927936 1 2133 2 144115188075857067 0 902 1 999999 3 0 
-61.000000  25 2071 1 1224979098644774912 32 2 1224979098644774912 500 4 0 1073741895 1 57 1073741895 1 28 1073741895 1 1 1073741895 1 14 1073741895 1 224 1073741895 1 225 1073741895 1 252 71 1 253 4 0 31 2 144115188075857067 0 2105 2 144115188075857067 1 911 2 72057594037927936 1441151880758559256 729 2 1 -1 730 2 1 -1 926 2 72057594037927936 1 729 2 1 1002 730 2 1 1002 925 2 72057594037927936 1 5 0 902 1 0 3 0 3 0 


prsnt_multiplayer_duel_start_counter 3 0 2
-60.000000  13 2124 1 1000 2133 2 144115188075857068 -1 2133 2 144115188075857069 -1 2319 1 0 910 3 144115188075857068 0 65552 921 2 144115188075857068 16777215 729 2 1 500 730 2 1 600 926 2 144115188075857068 1 729 2 1 2000 730 2 1 2000 925 2 144115188075857068 1 902 1 999999 
-61.000000  14 30 2 144115188075857068 0 2370 1 1224979098644774912 2121 3 1224979098644774913 1224979098644774912 144115188075856489 2121 3 1224979098644774914 3 1224979098644774913 4 0 2147483680 2 1224979098644774914 0 902 1 0 5 0 2147483679 2 144115188075857069 1224979098644774914 2133 2 144115188075857069 1224979098644774914 2133 2 72057594037927936 1224979098644774914 2320 2 0 216172782113787125 920 2 144115188075857068 0 3 0 


prsnt_multiplayer_flag_projection_display_ccoop 3 0 2
-60.000000  7 2124 1 1000 911 2 144115188075856917 1441151880758559267 729 2 1 69 730 2 1 92 925 2 144115188075856917 1 947 2 144115188075856917 0 902 1 999999 
-61.000000  19 4 0 947 2 144115188075856917 0 32 2 144115188075856431 0 1811 3 1224979098644774912 1080863910568920084 0 1811 3 1224979098644774913 1080863910568920083 0 1850 2 1 1224979098644774912 1850 2 2 1224979098644774913 1 1 936748722493063768 722 3 1 50 1 750 2 3 1 726 2 1224979098644774914 3 727 2 1224979098644774915 3 4 0 33 3 1224979098644774914 -100 1100 33 3 1224979098644774915 -100 850 926 2 144115188075856917 3 947 2 144115188075856917 1 3 0 3 0 


prsnt_multiplayer_flag_projection_display_ccoop_wave 3 0 2
-60.000000  36 2124 1 1000 2133 2 1224979098644774912 -1 2133 2 1224979098644774913 -1 520 3 1224979098644774914 360287970189640518 186 6 3 1224979098644774915 0 1224979098644774914 2122 3 1224979098644774916 1224979098644774915 3 2105 2 1224979098644774916 188 520 3 1224979098644774917 360287970189640518 1224979098644774916 2105 2 1224979098644774916 1 520 3 1224979098644774918 360287970189640518 1224979098644774916 32 2 1224979098644774917 0 4 0 2147483679 2 1224979098644774912 -1 2147483679 2 1224979098644774912 1224979098644774918 2133 2 1224979098644774913 1224979098644774918 5 0 2133 2 1224979098644774912 1224979098644774918 3 0 3 0 4 0 32 2 1224979098644774912 0 911 2 144115188075856917 1441151880758559266 729 2 1 250 730 2 1 250 925 2 144115188075856917 1 947 2 144115188075856917 0 3 0 4 0 32 2 1224979098644774913 0 911 2 144115188075856918 1441151880758559266 729 2 1 250 730 2 1 250 925 2 144115188075856918 1 947 2 144115188075856918 0 3 0 902 1 999999 
-61.000000  50 2133 2 1224979098644774912 -1 2133 2 1224979098644774913 -1 520 3 1224979098644774914 360287970189640518 186 6 3 1224979098644774915 0 1224979098644774914 2122 3 1224979098644774916 1224979098644774915 3 2105 2 1224979098644774916 188 520 3 1224979098644774917 360287970189640518 1224979098644774916 2105 2 1224979098644774916 1 520 3 1224979098644774918 360287970189640518 1224979098644774916 32 2 1224979098644774917 0 4 0 2147483679 2 1224979098644774912 -1 2147483679 2 1224979098644774912 1224979098644774918 2133 2 1224979098644774913 1224979098644774918 5 0 2133 2 1224979098644774912 1224979098644774918 3 0 3 0 4 0 1073741856 2 1224979098644774912 0 32 2 1224979098644774913 0 4 0 32 2 1224979098644774912 0 947 2 144115188075856917 0 1780 2 1 1224979098644774912 722 3 1 150 1 750 2 3 1 726 2 1224979098644774919 3 727 2 1224979098644774920 3 33 3 1224979098644774919 -100 1100 33 3 1224979098644774920 -100 850 926 2 144115188075856917 3 947 2 144115188075856917 1 3 0 4 0 32 2 1224979098644774913 0 947 2 144115188075856918 0 1780 2 1 1224979098644774913 722 3 1 50 1 750 2 3 1 726 2 1224979098644774919 3 727 2 1224979098644774920 3 33 3 1224979098644774919 -100 1100 33 3 1224979098644774920 -100 850 926 2 144115188075856918 3 947 2 144115188075856918 1 3 0 5 0 902 1 0 3 0 


prsnt_coop_assign_drop_to_group_member 2 0 3
-60.000000  138 2124 1 1000 2133 2 1224979098644774912 72057594037927936 2133 2 1224979098644774913 72057594037927937 2133 2 1224979098644774914 72057594037927938 600 1 1152921504606847064 911 2 72057594037927936 1441151880758558783 729 2 1 250 730 2 1 80 926 2 72057594037927936 1 729 2 1 1000 730 2 1 1000 925 2 72057594037927936 1 911 2 72057594037927936 1441151880758559268 729 2 1 387 730 2 1 474 926 2 72057594037927936 1 729 2 1 562 730 2 1 374 925 2 72057594037927936 1 944 2 72057594037927936 1224979098644774912 729 2 1 500 730 2 1 450 926 2 72057594037927936 1 730 2 1 528 937 3 72057594037927936 400 1 729 2 1 900 730 2 1 1200 925 2 72057594037927936 1 729 2 1 900 730 2 1 1200 911 2 72057594037927936 1441151880758559269 729 2 1 387 730 2 1 375 926 2 72057594037927936 1 729 2 1 562 730 2 1 250 925 2 72057594037927936 1 2319 1 0 910 3 144115188075857070 0 131072 729 2 1 285 730 2 1 75 926 2 144115188075857070 1 729 2 1 405 730 2 1 550 929 2 144115188075857070 1 945 1 144115188075857070 910 3 72057594037927936 216172782113787281 0 921 2 72057594037927936 16777215 729 2 1 0 730 2 1 500 926 2 72057594037927936 1 945 1 -1 2133 2 1224979098644774915 355 2326 2 0 1224979098644774912 2106 2 1224979098644774915 3 910 3 72057594037927936 0 16 921 2 72057594037927936 16777215 729 2 1 500 730 2 1 1224979098644774915 926 2 72057594037927936 1 2106 2 1224979098644774915 25 2121 3 1224979098644774916 1224979098644774912 288230376151712347 2105 2 1224979098644774916 216172782113787290 4 0 33 3 1224979098644774916 216172782113787290 216172782113787305 2320 2 0 1224979098644774916 5 0 2319 1 0 3 0 910 3 72057594037927936 0 16 921 2 72057594037927936 16777215 729 2 1 750 730 2 1 750 925 2 72057594037927936 1 729 2 1 500 730 2 1 1224979098644774915 926 2 72057594037927936 1 415 1 1224979098644774917 2350 2 0 1224979098644774917 2106 2 1224979098644774915 176 4 0 30 2 1224979098644774913 0 30 2 1224979098644774914 0 2133 2 1224979098644774918 270 5 0 1073741854 2 1224979098644774913 0 30 2 1224979098644774914 0 2133 2 1224979098644774918 331 5 0 2133 2 1224979098644774918 393 3 0 938 4 144115188075857071 -1 1729382256910270518 -1 950 2 144115188075857071 0 921 2 144115188075857071 16777215 729 2 1 1224979098644774918 730 2 1 1224979098644774915 926 2 144115188075857071 1 729 2 1 563 730 2 1 750 925 2 144115188075857071 1 4 0 30 2 1224979098644774913 0 2105 2 1224979098644774918 123 2133 2 144115188075857072 1224979098644774913 1718 2 1224979098644774919 1224979098644774913 2322 2 0 1224979098644774919 938 4 144115188075857073 -1 1729382256910270518 1224979098644774919 950 2 144115188075857073 0 729 2 1 1224979098644774918 730 2 1 1224979098644774915 926 2 144115188075857073 1 729 2 1 563 730 2 1 750 925 2 144115188075857073 1 3 0 4 0 30 2 1224979098644774914 0 2105 2 1224979098644774918 123 2133 2 144115188075857074 1224979098644774914 1718 2 1224979098644774919 1224979098644774914 2322 2 0 1224979098644774919 938 4 144115188075857075 -1 1729382256910270518 1224979098644774919 950 2 144115188075857075 0 729 2 1 1224979098644774918 730 2 1 1224979098644774915 926 2 144115188075857075 1 729 2 1 563 730 2 1 750 925 2 144115188075857075 1 3 0 2106 2 1224979098644774915 40 2106 2 1224979098644774915 2 912 3 144115188075857076 216172782113783814 0 921 2 144115188075857076 16777215 729 2 1 645 730 2 1 1224979098644774915 926 2 144115188075857076 1 902 1 999999 
-62.000000  18 2071 1 1224979098644774912 4 0 31 2 1224979098644774912 144115188075857071 390 3 48 17 0 902 1 0 5 0 31 2 1224979098644774912 144115188075857073 390 3 48 17 144115188075857072 902 1 0 5 0 31 2 1224979098644774912 144115188075857075 390 3 48 17 144115188075857074 902 1 0 5 0 31 2 1224979098644774912 144115188075857076 390 3 48 17 -1 902 1 0 3 0 
-61.000000  9 2071 1 1224979098644774912 971 0 4 0 1073741895 1 1 71 1 248 32 2 1224979098644774912 200 902 1 0 390 3 48 17 -1 3 0 


prsnt_multiplayer_ccoop_next_wave_time_counter 3 0 2
-60.000000  32 2124 1 1000 2133 2 144115188075856921 -1 2133 2 144115188075856922 -1 2133 2 144115188075856923 -1 2319 1 0 910 3 144115188075856921 0 65552 921 2 144115188075856921 16777215 729 2 1 500 730 2 1 600 926 2 144115188075856921 1 729 2 1 2000 730 2 1 2000 925 2 144115188075856921 1 2319 1 0 910 3 144115188075856922 0 65552 921 2 144115188075856922 16777215 729 2 1 500 730 2 1 570 926 2 144115188075856922 1 729 2 1 1400 730 2 1 1400 925 2 144115188075856922 1 2319 1 0 910 3 144115188075857077 0 65552 921 2 144115188075857077 16777215 729 2 1 500 730 2 1 480 926 2 144115188075857077 1 729 2 1 1400 730 2 1 1400 925 2 144115188075857077 1 902 1 999999 
-61.000000  53 30 2 144115188075856921 0 2370 1 1224979098644774912 2121 3 1224979098644774913 144115188075856429 1224979098644774912 4 0 32 2 1224979098644774913 0 32 2 144115188075856415 0 2133 2 72057594037927936 1224979098644774913 2121 3 72057594037927937 144115188075856415 144115188075856422 2320 2 1 216172782113783812 4 0 520 3 1224979098644774914 360287970189640518 187 4 0 1073741857 3 1224979098644774914 360287970189639896 360287970189640016 33 3 1224979098644774914 360287970189640577 360287970189640588 2322 2 0 1224979098644774914 2320 2 1 216172782113787279 5 0 33 3 1224979098644774914 360287970189639890 360287970189639896 2322 2 0 1224979098644774914 2320 2 1 216172782113787280 3 0 2320 2 0 216172782113787258 5 0 30 2 144115188075856412 1 2133 2 72057594037927938 144115188075856412 2320 2 0 216172782113787260 4 0 32 2 72057594037927937 0 2147483678 2 72057594037927937 4 2320 2 1 216172782113787264 3 0 3 0 920 2 144115188075856921 0 920 2 144115188075857077 1 5 0 415 1 1224979098644774915 401 1 1224979098644774915 406 2 1224979098644774916 1224979098644774915 30 2 1224979098644774916 0 1770 2 1224979098644774917 1224979098644774916 2147483678 2 1224979098644774917 2 2147485350 1 1224979098644774916 528 3 1224979098644774918 1224979098644774915 24 4 0 30 2 1224979098644774918 0 2320 2 0 216172782113787265 5 0 2320 2 0 216172782113787266 3 0 920 2 144115188075856921 0 5 0 902 1 0 3 0 


prsnt_multiplayer_ccoop_victory_message 3 0 2
-60.000000  33 2124 1 1000 458 2 1224979098644774912 1 2335 2 0 1224979098644774912 4 0 33 3 1224979098644774912 432345564227567630 432345564227567637 2133 2 72057594037927937 0 5 0 2133 2 72057594037927937 1 3 0 4 0 30 2 144115188075856490 0 2320 2 1 144115188075856490 2320 2 2 216172782113787277 5 0 2320 2 2 216172782113787278 3 0 910 3 144115188075857078 216172782113787276 65552 921 2 144115188075857078 6875982 729 2 1 500 730 2 1 600 926 2 144115188075857078 1 729 2 1 2000 730 2 1 2000 925 2 144115188075857078 1 910 3 144115188075857079 2 65552 921 2 144115188075857079 6875982 729 2 1 500 730 2 1 480 926 2 144115188075857079 1 729 2 1 1400 730 2 1 1400 925 2 144115188075857079 1 902 1 2000 
-61.000000  2 903 1 1513209474796486704 902 1 0 


prsnt_adimi_poll_panel 1 0 2
-60.000000  49 2124 1 1000 415 1 1224979098644774912 1073742372 3 1224979098644774912 57 1 1073742372 3 1224979098644774912 58 1 1073742372 3 1224979098644774912 59 1 430 1 1224979098644774912 911 2 72057594037927936 1441151880758558783 729 2 1 850 730 2 1 310 926 2 72057594037927936 1 729 2 1 510 730 2 1 500 925 2 72057594037927936 1 2133 2 1224979098644774913 520 2105 2 1224979098644774913 40 910 3 72057594037927936 216172782113787323 0 921 2 72057594037927936 16777215 729 2 1 860 730 2 1 1224979098644774913 926 2 72057594037927936 1 2106 2 1224979098644774913 40 910 3 72057594037927936 216172782113787324 0 921 2 72057594037927936 16777215 729 2 1 860 730 2 1 1224979098644774913 926 2 72057594037927936 1 2106 2 1224979098644774913 80 910 3 72057594037927936 216172782113787325 0 921 2 72057594037927936 3858176 729 2 1 860 730 2 1 1224979098644774913 926 2 72057594037927936 1 2106 2 1224979098644774913 40 910 3 72057594037927936 216172782113787326 0 921 2 72057594037927936 16711680 729 2 1 860 730 2 1 1224979098644774913 926 2 72057594037927936 1 2106 2 1224979098644774913 40 910 3 72057594037927936 216172782113787327 0 921 2 72057594037927936 16777215 729 2 1 860 730 2 1 1224979098644774913 926 2 72057594037927936 1 2106 2 1224979098644774913 40 77 1 63 77 1 64 77 1 65 902 1 6000 
-61.000000  22 2071 1 1224979098644774912 4 0 1073741895 1 1 71 1 65 32 2 1224979098644774912 200 78 0 902 1 0 3 0 4 0 71 1 63 32 2 1224979098644774912 200 78 0 390 3 126 9 1 902 1 0 3 0 4 0 71 1 64 32 2 1224979098644774912 200 390 3 126 9 2 78 0 902 1 0 3 0 


prsnt_adimi_chat 2 0 3
-60.000000  21 2124 1 1000 701 1 1 910 3 144115188075857080 216172782113787332 65536 921 2 144115188075857080 6684672 729 2 1 200 730 2 1 530 926 2 144115188075857080 1 2320 2 1 216172782113787332 729 2 1 1000 730 2 1 1000 925 2 144115188075857080 1 919 2 144115188075857081 16 729 2 1 200 730 2 1 500 926 2 144115188075857081 1 729 2 1 600 730 2 1 1000 925 2 144115188075857081 1 902 1 999999 2133 2 144115188075857082 0 2133 2 144115188075857083 0 
-62.000000  13 2071 1 1224979098644774912 4 0 31 2 144115188075857081 1224979098644774912 4 0 31 2 144115188075857082 1 2147485966 1 0 393 2 126 0 389 2 126 10 3 0 902 1 0 2133 2 144115188075857082 -1 2133 2 144115188075857083 -1 3 0 
-61.000000  17 2070 2 1224979098644774912 1 4 0 71 1 1 902 1 0 3 0 4 0 31 2 144115188075857083 0 32 2 1224979098644774912 20 949 1 144115188075857081 2319 1 0 920 2 144115188075857081 0 2133 2 144115188075857083 1 3 0 4 0 71 1 28 2133 2 144115188075857082 1 3 0 


prsnt_adimi_admin_chat 2 0 3
-60.000000  21 2124 1 1000 701 1 1 910 3 144115188075857080 216172782113787333 65536 921 2 144115188075857080 6684672 729 2 1 200 730 2 1 530 926 2 144115188075857080 1 2320 2 1 216172782113787332 729 2 1 1000 730 2 1 1000 925 2 144115188075857080 1 919 2 144115188075857084 16 729 2 1 200 730 2 1 500 926 2 144115188075857084 1 729 2 1 600 730 2 1 1000 925 2 144115188075857084 1 902 1 999999 2133 2 144115188075857082 0 2133 2 144115188075857083 0 
-62.000000  13 2071 1 1224979098644774912 4 0 31 2 144115188075857084 1224979098644774912 4 0 31 2 144115188075857082 1 2147485966 1 0 393 2 126 0 389 2 126 11 3 0 902 1 0 2133 2 144115188075857082 -1 2133 2 144115188075857083 -1 3 0 
-61.000000  17 2070 2 1224979098644774912 1 4 0 71 1 1 902 1 0 3 0 4 0 31 2 144115188075857083 0 32 2 1224979098644774912 20 949 1 144115188075857084 2319 1 0 920 2 144115188075857084 0 2133 2 144115188075857083 1 3 0 4 0 71 1 28 2133 2 144115188075857082 1 3 0 


prsnt_adimi_features 2 0 3
-60.000000  218 2124 1 1000 911 2 72057594037927936 1441151880758558783 729 2 1 245 730 2 1 80 926 2 72057594037927936 1 729 2 1 1000 730 2 1 1000 925 2 72057594037927936 1 2319 1 0 910 3 72057594037927936 0 131072 729 2 1 285 730 2 1 125 926 2 72057594037927936 1 729 2 1 405 730 2 1 500 929 2 72057594037927936 1 945 1 72057594037927936 2133 2 144115188075857085 -1 2133 2 144115188075857086 -1 2133 2 144115188075857087 -1 2133 2 144115188075857088 -1 2133 2 144115188075857089 -1 2133 2 144115188075857090 -1 2133 2 144115188075857091 -1 2133 2 144115188075857092 -1 2133 2 144115188075857093 -1 2133 2 144115188075857094 -1 2133 2 144115188075857095 -1 2133 2 144115188075857096 -1 2133 2 144115188075857097 -1 2133 2 144115188075857098 -1 2133 2 144115188075857099 -1 2133 2 144115188075857100 -1 2133 2 1224979098644774912 860 729 2 1 60 910 3 72057594037927936 216172782113787321 0 921 2 72057594037927936 11797508 730 2 1 1224979098644774912 926 2 72057594037927936 1 2106 2 1224979098644774912 40 415 1 1224979098644774913 4 0 1073742372 3 1224979098644774913 59 1 430 1 1224979098644774913 912 3 144115188075857085 216172782113787366 0 921 2 144115188075857085 16777215 730 2 1 1224979098644774912 926 2 144115188075857085 1 2106 2 1224979098644774912 40 3 0 4 0 1073742372 3 1224979098644774913 59 1 430 1 1224979098644774913 912 3 144115188075857086 216172782113787336 0 921 2 144115188075857086 16777215 730 2 1 1224979098644774912 926 2 144115188075857086 1 2106 2 1224979098644774912 40 3 0 4 0 430 1 1224979098644774913 912 3 144115188075857087 216172782113787398 0 921 2 144115188075857087 16777215 730 2 1 1224979098644774912 926 2 144115188075857087 1 2106 2 1224979098644774912 40 3 0 4 0 1073742372 3 1224979098644774913 57 1 1073742372 3 1224979098644774913 58 1 1073742372 3 1224979098644774913 59 1 430 1 1224979098644774913 912 3 144115188075857088 216172782113787395 0 921 2 144115188075857088 16777215 730 2 1 1224979098644774912 926 2 144115188075857088 1 2106 2 1224979098644774912 40 3 0 4 0 1073742372 3 1224979098644774913 59 1 430 1 1224979098644774913 912 3 144115188075857089 216172782113787337 0 921 2 144115188075857089 16777215 730 2 1 1224979098644774912 926 2 144115188075857089 1 2106 2 1224979098644774912 40 3 0 4 0 1073742372 3 1224979098644774913 58 1 1073742372 3 1224979098644774913 59 1 430 1 1224979098644774913 912 3 144115188075857090 216172782113787338 0 921 2 144115188075857090 16777215 730 2 1 1224979098644774912 926 2 144115188075857090 1 2106 2 1224979098644774912 40 3 0 4 0 1073742372 3 1224979098644774913 57 1 1073742372 3 1224979098644774913 58 1 1073742372 3 1224979098644774913 59 1 430 1 1224979098644774913 912 3 144115188075857091 216172782113787466 0 921 2 144115188075857091 16777215 730 2 1 1224979098644774912 926 2 144115188075857091 1 2106 2 1224979098644774912 40 3 0 4 0 1073742372 3 1224979098644774913 59 1 430 1 1224979098644774913 912 3 144115188075857092 216172782113787405 0 921 2 144115188075857092 16777215 730 2 1 1224979098644774912 926 2 144115188075857092 1 2106 2 1224979098644774912 40 3 0 4 0 1073742372 3 1224979098644774913 59 1 430 1 1224979098644774913 912 3 144115188075857093 216172782113787407 0 921 2 144115188075857093 16777215 730 2 1 1224979098644774912 926 2 144115188075857093 1 2106 2 1224979098644774912 40 3 0 4 0 1073742372 3 1224979098644774913 59 1 430 1 1224979098644774913 912 3 144115188075857094 216172782113787408 0 921 2 144115188075857094 16777215 730 2 1 1224979098644774912 926 2 144115188075857094 1 2106 2 1224979098644774912 40 3 0 4 0 1073742372 3 1224979098644774913 59 1 430 1 1224979098644774913 912 3 144115188075857095 216172782113787413 0 921 2 144115188075857095 16777215 730 2 1 1224979098644774912 926 2 144115188075857095 1 2106 2 1224979098644774912 40 3 0 4 0 1073742372 3 1224979098644774913 59 1 430 1 1224979098644774913 912 3 144115188075857096 216172782113787416 0 921 2 144115188075857096 16777215 730 2 1 1224979098644774912 926 2 144115188075857096 1 2106 2 1224979098644774912 40 3 0 4 0 1073742372 3 1224979098644774913 58 1 1073742372 3 1224979098644774913 59 1 430 1 1224979098644774913 912 3 144115188075857097 216172782113787392 0 921 2 144115188075857097 16777215 730 2 1 1224979098644774912 926 2 144115188075857097 1 2106 2 1224979098644774912 40 3 0 4 0 1073742372 3 1224979098644774913 59 1 430 1 1224979098644774913 912 3 144115188075857101 216172782113787417 0 921 2 144115188075857101 16777215 730 2 1 1224979098644774912 926 2 144115188075857101 1 2106 2 1224979098644774912 40 3 0 4 0 2147483679 2 144115188075856325 0 2147483679 2 144115188075856325 7 1073742372 3 1224979098644774913 58 1 1073742372 3 1224979098644774913 59 1 430 1 1224979098644774913 912 3 144115188075857098 216172782113787570 0 921 2 144115188075857098 16777215 730 2 1 1224979098644774912 926 2 144115188075857098 1 2106 2 1224979098644774912 40 3 0 4 0 31 2 144115188075856325 2 1073742372 3 1224979098644774913 58 1 1073742372 3 1224979098644774913 59 1 430 1 1224979098644774913 912 3 144115188075857099 216172782113787571 0 921 2 144115188075857099 16777215 730 2 1 1224979098644774912 926 2 144115188075857099 1 2106 2 1224979098644774912 40 3 0 4 0 430 1 1224979098644774913 912 3 144115188075857100 216172782113787419 0 921 2 144115188075857100 16777215 730 2 1 1224979098644774912 926 2 144115188075857100 1 2106 2 1224979098644774912 40 3 0 4 0 1073742372 3 1224979098644774913 59 1 430 1 1224979098644774913 912 3 144115188075857102 216172782113787418 0 921 2 144115188075857102 16777215 730 2 1 1224979098644774912 926 2 144115188075857102 1 2106 2 1224979098644774912 40 3 0 4 0 415 1 1224979098644774914 430 1 1224979098644774914 1 1 936748722493063793 3 0 902 1 999999 
-62.000000  104 2071 1 1224979098644774912 2072 1 1224979098644774913 4 0 31 2 1224979098644774912 144115188075857085 902 1 0 2133 2 144115188075856739 11 900 1 1513209474796486678 5 0 31 2 1224979098644774912 144115188075857086 902 1 0 2133 2 144115188075856739 10 900 1 1513209474796486678 5 0 31 2 1224979098644774912 144115188075857087 902 1 0 2133 2 144115188075856739 12 900 1 1513209474796486678 5 0 31 2 1224979098644774912 144115188075857088 902 1 0 2133 2 144115188075856739 7 900 1 1513209474796486678 5 0 31 2 1224979098644774912 144115188075857089 902 1 0 2133 2 144115188075856739 8 900 1 1513209474796486678 5 0 31 2 1224979098644774912 144115188075857090 902 1 0 2133 2 144115188075856739 9 900 1 1513209474796486678 5 0 31 2 1224979098644774912 144115188075857091 902 1 0 2133 2 144115188075856739 13 900 1 1513209474796486678 5 0 31 2 1224979098644774912 144115188075857092 902 1 0 2133 2 144115188075856739 14 900 1 1513209474796486678 5 0 31 2 1224979098644774912 144115188075857097 902 1 0 2133 2 144115188075856739 18 900 1 1513209474796486678 5 0 31 2 1224979098644774912 144115188075857101 902 1 0 2133 2 144115188075856739 19 900 1 1513209474796486678 5 0 31 2 1224979098644774912 144115188075857100 902 1 0 2133 2 144115188075856739 20 900 1 1513209474796486678 5 0 31 2 1224979098644774912 144115188075857093 902 1 0 389 2 87 15 5 0 31 2 1224979098644774912 144115188075857094 902 1 0 389 2 87 16 5 0 31 2 1224979098644774912 144115188075857095 902 1 0 2133 2 144115188075856739 15 900 1 1513209474796486678 5 0 31 2 1224979098644774912 144115188075857096 902 1 0 4 0 2147483681 3 144115188075856702 0 2 2133 2 144115188075856702 0 3 0 2133 2 144115188075856739 16 4 0 31 2 144115188075856702 0 2133 2 144115188075856739 16 5 0 31 2 144115188075856702 1 2133 2 144115188075856739 17 3 0 900 1 1513209474796486678 5 0 31 2 1224979098644774912 144115188075857098 902 1 0 389 2 87 20 5 0 31 2 1224979098644774912 144115188075857099 902 1 0 389 2 87 21 5 0 31 2 1224979098644774912 144115188075857102 902 1 0 389 2 87 23 3 0 4 0 415 1 1224979098644774914 430 1 1224979098644774914 1 3 936748722493063791 1224979098644774912 1224979098644774913 3 0 
-61.000000  11 2071 1 1224979098644774912 4 0 71 1 1 32 2 1224979098644774912 200 902 1 0 3 0 4 0 415 1 1224979098644774913 430 1 1224979098644774913 1 2 936748722493063792 1224979098644774912 3 0 


prsnt_adimi_tool_spawn_items 2 0 4
-60.000000  182 902 1 999999 2124 1 1000 911 2 72057594037927936 1441151880758558773 948 1 144115188075857103 729 2 1 500 730 2 1 675 926 2 144115188075857103 1 931 2 144115188075857103 1585267068834415115 931 2 144115188075857103 1585267068834415116 931 2 144115188075857103 1585267068834415117 927 2 144115188075857103 144115188075856001 940 2 144115188075857104 1585267068834415118 729 2 1 900 730 2 1 25 926 2 144115188075857104 1 4 0 1073741855 2 144115188075856001 0 1073741855 2 144115188075856001 1 31 2 144115188075856001 2 940 2 144115188075857105 216172782113787370 729 2 1 880 730 2 1 675 926 2 144115188075857105 1 3 0 2319 1 0 910 3 144115188075857106 0 8192 729 2 1 50 730 2 1 100 926 2 144115188075857106 1 729 2 1 890 730 2 1 560 929 2 144115188075857106 1 945 1 144115188075857106 2133 2 1224979098644774912 620 2133 2 144115188075856095 0 4 0 31 2 144115188075856001 0 6 3 1224979098644774913 0 1224979098644774912 1570 2 1224979098644774914 1224979098644774913 1073741855 2 1224979098644774914 16 1073741855 2 1224979098644774914 18 1073741855 2 1224979098644774914 10 1073741855 2 1224979098644774914 6 1073741855 2 1224979098644774914 5 1073741855 2 1224979098644774914 9 1073741855 2 1224979098644774914 8 1073741855 2 1224979098644774914 2 1073741855 2 1224979098644774914 3 1073741855 2 1224979098644774914 4 31 2 1224979098644774914 7 2147483679 2 1224979098644774913 288230376151711744 2105 2 144115188075856095 1 3 0 5 0 31 2 144115188075856001 1 6 3 1224979098644774913 0 1224979098644774912 1570 2 1224979098644774914 1224979098644774913 1073741855 2 1224979098644774914 12 1073741855 2 1224979098644774914 13 1073741855 2 1224979098644774914 14 31 2 1224979098644774914 15 2105 2 144115188075856095 1 3 0 5 0 31 2 144115188075856001 2 6 3 1224979098644774913 0 1224979098644774912 1570 2 1224979098644774914 1224979098644774913 31 2 1224979098644774914 1 2105 2 144115188075856095 1 3 0 3 0 2123 3 1224979098644774915 144115188075856095 11 2119 3 1224979098644774916 144115188075856095 11 2110 2 1224979098644774916 1 2105 2 1224979098644774915 1224979098644774916 2122 3 1224979098644774917 1224979098644774915 80 2106 2 1224979098644774917 80 2133 2 1224979098644774918 0 2133 2 1224979098644774919 0 6 3 1224979098644774913 0 1224979098644774912 1570 2 1224979098644774914 1224979098644774913 4 0 31 2 144115188075856001 0 4 0 1073741855 2 1224979098644774914 16 1073741855 2 1224979098644774914 18 1073741855 2 1224979098644774914 10 1073741855 2 1224979098644774914 6 1073741855 2 1224979098644774914 5 1073741855 2 1224979098644774914 9 1073741855 2 1224979098644774914 8 1073741855 2 1224979098644774914 2 1073741855 2 1224979098644774914 3 1073741855 2 1224979098644774914 4 31 2 1224979098644774914 7 2147483679 2 1224979098644774913 288230376151711744 2133 2 1224979098644774920 1 5 0 2133 2 1224979098644774920 0 3 0 5 0 31 2 144115188075856001 1 4 0 1073741855 2 1224979098644774914 12 1073741855 2 1224979098644774914 13 1073741855 2 1224979098644774914 14 31 2 1224979098644774914 15 2133 2 1224979098644774920 1 5 0 2133 2 1224979098644774920 0 3 0 5 0 31 2 144115188075856001 2 4 0 31 2 1224979098644774914 1 2133 2 1224979098644774920 1 5 0 2133 2 1224979098644774920 0 3 0 3 0 31 2 1224979098644774920 1 911 2 72057594037927937 1441151880758558782 729 2 1 800 730 2 1 800 925 2 72057594037927937 1 729 2 1 1224979098644774918 730 2 1 1224979098644774917 926 2 72057594037927937 1 911 2 72057594037927937 1441151880758558786 729 2 1 640 730 2 1 640 925 2 72057594037927937 1 729 2 1 1224979098644774918 730 2 1 1224979098644774917 926 2 72057594037927937 1 913 3 72057594037927937 1441151880758558786 1441151880758558786 729 2 1 640 730 2 1 640 925 2 72057594037927937 1 729 2 1 1224979098644774918 730 2 1 1224979098644774917 926 2 72057594037927937 1 500 3 360287970189640509 1224979098644774919 72057594037927937 944 2 72057594037927937 1224979098644774913 729 2 1 800 730 2 1 800 925 2 72057594037927937 1 2120 3 1224979098644774921 1224979098644774918 40 2120 3 1224979098644774922 1224979098644774917 40 729 2 1 1224979098644774921 730 2 1 1224979098644774922 926 2 72057594037927937 1 500 3 360287970189640510 1224979098644774919 72057594037927937 500 3 360287970189640511 1224979098644774919 1224979098644774913 2105 2 1224979098644774918 80 2105 2 1224979098644774919 1 4 0 30 2 1224979098644774918 880 2133 2 1224979098644774918 0 2106 2 1224979098644774917 80 3 0 3 0 4 0 945 1 -1 31 2 144115188075856001 3 2133 2 144115188075856700 1000 2133 2 1224979098644774923 575 729 2 1 80 942 3 144115188075857107 0 100001 927 2 144115188075857107 144115188075856700 730 2 1 1224979098644774923 926 2 144115188075857107 1 2106 2 1224979098644774923 40 2133 2 1224979098644774923 600 729 2 1 150 912 3 144115188075857086 216172782113787336 0 921 2 144115188075857086 0 730 2 1 1224979098644774923 926 2 144115188075857086 1 2106 2 1224979098644774923 40 3 0 945 1 -1 
-63.000000  21 2071 1 1224979098644774912 2072 1 1224979098644774913 4 0 31 2 1224979098644774913 0 6 3 1224979098644774914 0 144115188075856095 540 3 360287970189640509 1224979098644774914 1224979098644774912 520 3 1224979098644774915 360287970189640511 1224979098644774914 520 3 1224979098644774916 360287970189640510 1224979098644774914 946 2 0 1224979098644774916 970 3 1224979098644774915 0 100 2133 2 144115188075856884 1224979098644774914 3 0 5 0 6 3 1224979098644774914 0 144115188075856095 540 3 360287970189640509 1224979098644774914 1224979098644774912 4 0 31 2 144115188075856884 1224979098644774914 971 0 3 0 3 0 3 0 
-62.000000  96 2071 1 1224979098644774912 2072 1 1224979098644774913 4 0 31 2 1224979098644774912 144115188075857103 2133 2 144115188075856001 1224979098644774913 900 1 1513209474796486710 5 0 31 2 1224979098644774912 144115188075857104 902 1 0 2133 2 144115188075856955 0 5 0 31 2 1224979098644774912 144115188075857105 902 1 0 900 1 1513209474796486678 2133 2 144115188075856739 11 5 0 1073741855 2 144115188075856001 0 31 2 144115188075856001 1 31 2 144115188075856955 2 2147483679 2 1224979098644774912 144115188075857103 2147483679 2 1224979098644774912 144115188075857104 4 0 31 2 144115188075856952 50000 6 3 1224979098644774914 0 144115188075856095 540 3 360287970189640509 1224979098644774914 1224979098644774912 520 3 1224979098644774915 360287970189640511 1224979098644774914 390 3 87 12 1224979098644774915 3 0 5 0 1106 1 216172782113787373 3 0 5 0 31 2 144115188075856001 2 2147483679 2 1224979098644774912 144115188075857103 2147483679 2 1224979098644774912 144115188075857104 31 2 144115188075856955 2 4 0 31 2 144115188075856952 50000 6 3 1224979098644774914 0 144115188075856095 540 3 360287970189640509 1224979098644774914 1224979098644774912 520 3 1224979098644774915 360287970189640511 1224979098644774914 390 3 87 13 1224979098644774915 3 0 5 0 1106 1 216172782113787373 3 0 5 0 1073741855 2 144115188075856001 0 31 2 144115188075856001 1 2147483679 2 1224979098644774912 144115188075857103 2147483679 2 1224979098644774912 144115188075857104 31 2 144115188075856955 1 4 0 2147483679 2 144115188075856952 -1 6 3 1224979098644774914 0 144115188075856095 540 3 360287970189640509 1224979098644774914 1224979098644774912 520 3 1224979098644774915 360287970189640511 1224979098644774914 391 4 126 12 144115188075856952 1224979098644774915 3 0 5 0 1106 1 216172782113787373 3 0 5 0 31 2 144115188075856001 2 2147483679 2 1224979098644774912 144115188075857103 2147483679 2 1224979098644774912 144115188075857104 31 2 144115188075856955 1 4 0 2147483679 2 144115188075856952 -1 6 3 1224979098644774914 0 144115188075856095 540 3 360287970189640509 1224979098644774914 1224979098644774912 520 3 1224979098644774915 360287970189640511 1224979098644774914 391 4 126 13 144115188075856952 1224979098644774915 3 0 5 0 1106 1 216172782113787373 3 0 5 0 31 2 144115188075856001 3 2147483679 2 1224979098644774912 144115188075857103 2147483679 2 1224979098644774912 144115188075857104 4 0 31 2 1224979098644774912 144115188075857107 2133 2 144115188075856700 1224979098644774913 5 0 31 2 1224979098644774912 144115188075857086 31 2 144115188075856955 1 4 0 2147483679 2 144115188075856952 -1 391 4 126 4 144115188075856952 144115188075856700 5 0 31 2 144115188075856952 50000 390 3 87 4 144115188075856700 3 0 3 0 3 0 
-61.000000  23 2071 1 1224979098644774912 4 0 32 2 1224979098644774912 20 1073741855 2 144115188075856001 0 1073741855 2 144115188075856001 1 31 2 144115188075856001 2 4 0 31 2 144115188075856952 50000 920 2 144115188075857105 216172782113787371 5 0 401 1 144115188075856952 2350 2 1 144115188075856952 920 2 144115188075857105 216172782113787372 5 0 920 2 144115188075857105 216172782113787370 2133 2 144115188075856952 -1 3 0 3 0 4 0 71 1 1 32 2 1224979098644774912 200 902 1 0 3 0 


prsnt_admin_level_pin 2 0 3
-60.000000  26 902 1 999999 2124 1 1000 2133 2 144115188075857108 -1 2133 2 144115188075857109 0 911 2 72057594037927936 1441151880758558783 729 2 1 450 730 2 1 550 926 2 72057594037927936 1 729 2 1 230 730 2 1 230 925 2 72057594037927936 1 910 2 72057594037927936 216172782113787561 729 2 1 470 730 2 1 650 926 2 72057594037927936 1 921 2 72057594037927936 16777215 942 3 144115188075857108 0 100000 927 2 144115188075857108 144115188075857109 729 2 1 480 730 2 1 618 926 2 144115188075857108 1 912 2 144115188075857110 216172782113787568 729 2 1 455 730 2 1 565 926 2 144115188075857110 1 921 2 144115188075857110 16711680 
-62.000000  13 2071 1 1224979098644774912 2072 1 1224979098644774913 4 0 31 2 1224979098644774912 144115188075857108 2133 2 144115188075857109 1224979098644774913 5 0 31 2 1224979098644774912 144115188075857110 390 3 127 15 144115188075857109 2133 2 72057594037927936 144115188075857109 1106 2 216172782113787566 6365451 1106 2 216172782113787567 16776960 902 1 0 3 0 
-61.000000  6 2124 1 1000 4 0 1073741895 1 1 71 1 248 902 1 0 3 0 


prsnt_gotha_dev_infos 2 0 2
-60.000000  17 902 1 999999 2124 1 1000 75 1 11 726 2 72057594037927941 11 727 2 72057594037927942 11 910 2 144115188075857111 1585267068834415119 729 2 1 500 730 2 1 700 926 2 144115188075857111 1 910 2 144115188075857112 1585267068834415120 729 2 1 500 730 2 1 680 926 2 144115188075857112 1 947 2 144115188075857112 0 921 2 144115188075857112 16777215 921 2 144115188075857111 16777215 960 1 1 
-61.000000  53 2124 1 1000 75 1 11 726 2 72057594037927937 11 727 2 72057594037927938 11 920 2 144115188075857111 1585267068834415119 2124 1 1000 4 0 1700 1 1224979098644774912 1712 1 1224979098644774912 1702 1 1224979098644774912 1710 2 12 1224979098644774912 726 2 72057594037927940 12 727 2 72057594037927941 12 728 2 72057594037927942 12 920 2 144115188075857112 1585267068834415120 947 2 144115188075857112 1 5 0 947 2 144115188075857112 0 3 0 4 0 71 1 224 75 1 11 726 2 72057594037927937 11 727 2 72057594037927938 11 1106 1 1585267068834415121 911 2 72057594037927937 1441151880758558777 926 2 72057594037927937 11 729 2 1 400 730 2 1 400 925 2 72057594037927937 1 921 2 72057594037927937 66015 5 0 71 1 225 75 1 11 726 2 72057594037927937 11 727 2 72057594037927938 11 1106 1 1585267068834415121 911 2 72057594037927937 1441151880758558777 926 2 72057594037927937 11 729 2 1 400 730 2 1 400 925 2 72057594037927937 1 921 2 72057594037927937 16711680 3 0 4 0 71 1 226 902 1 0 1106 1 1585267068834415122 3 0 4 0 2147483679 2 144115188075856327 2 902 1 0 3 0 


prsnt_adimi_player_stats 3 0 2
-60.000000  121 902 1 999999 2124 1 1000 2133 2 144115188075857113 0 2133 2 144115188075857114 0 2133 2 144115188075857115 0 2133 2 144115188075857116 0 2133 2 144115188075857117 0 2133 2 144115188075857118 0 911 2 72057594037927936 1441151880758558776 729 2 1 850 730 2 1 150 926 2 72057594037927936 1 729 2 1 6500 730 2 1 5600 925 2 72057594037927936 1 921 2 72057594037927936 8684676 922 2 72057594037927936 128 2133 2 1224979098644774912 235 910 3 144115188075857113 216172782113783809 0 921 2 144115188075857113 0 729 2 1 850 730 2 1 1224979098644774912 926 2 144115188075857113 1 729 2 1 800 730 2 1 800 925 2 144115188075857113 1 2106 2 1224979098644774912 20 910 3 144115188075857114 216172782113783809 0 921 2 144115188075857114 0 729 2 1 850 730 2 1 1224979098644774912 926 2 144115188075857114 1 729 2 1 800 730 2 1 800 925 2 144115188075857114 1 2106 2 1224979098644774912 20 910 3 144115188075857115 216172782113783809 0 921 2 144115188075857115 0 729 2 1 850 730 2 1 1224979098644774912 926 2 144115188075857115 1 729 2 1 800 730 2 1 800 925 2 144115188075857115 1 2106 2 1224979098644774912 20 910 3 144115188075857116 216172782113783809 0 921 2 144115188075857116 0 729 2 1 850 730 2 1 1224979098644774912 926 2 144115188075857116 1 729 2 1 800 730 2 1 800 925 2 144115188075857116 1 2106 2 1224979098644774912 20 910 3 144115188075857117 216172782113783809 0 921 2 144115188075857117 0 729 2 1 850 730 2 1 1224979098644774912 926 2 144115188075857117 1 729 2 1 600 730 2 1 600 925 2 144115188075857117 1 910 3 144115188075857118 216172782113783809 0 921 2 144115188075857118 0 729 2 1 900 730 2 1 1224979098644774912 926 2 144115188075857118 1 729 2 1 600 730 2 1 600 925 2 144115188075857118 1 2106 2 1224979098644774912 20 4 0 415 1 1224979098644774913 401 1 1224979098644774913 433 2 72057594037927937 1224979098644774913 435 2 72057594037927938 1224979098644774913 437 2 72057594037927939 1224979098644774913 1700 1 1224979098644774914 4 0 1712 1 1224979098644774914 1702 1 1224979098644774914 1720 3 72057594037927940 1224979098644774914 0 32 2 72057594037927940 0 920 2 144115188075857113 216172782113787616 5 0 402 2 1224979098644774915 1224979098644774913 31 2 1224979098644774915 2 920 2 144115188075857113 216172782113787615 5 0 920 2 144115188075857113 216172782113787614 3 0 4 0 31 2 72057594037927937 72057594037927938 920 2 144115188075857116 216172782113787611 921 2 144115188075857116 16776960 5 0 2147483678 2 72057594037927937 72057594037927938 920 2 144115188075857116 216172782113787613 921 2 144115188075857116 16711680 5 0 920 2 144115188075857116 216172782113787612 921 2 144115188075857116 65280 3 0 4 0 33 3 72057594037927939 85 110 920 2 144115188075857118 216172782113787617 921 2 144115188075857118 16776960 5 0 30 2 72057594037927939 110 920 2 144115188075857118 216172782113787618 921 2 144115188075857118 16711680 5 0 920 2 144115188075857118 216172782113783809 3 0 2320 2 5 216172782113785711 2320 2 6 216172782113785712 2320 2 7 216172782113785713 920 2 144115188075857114 216172782113787608 920 2 144115188075857115 216172782113787609 920 2 144115188075857117 216172782113787610 3 0 
-61.000000  55 2071 1 1224979098644774912 4 0 71 1 62 32 2 1224979098644774912 500 2133 2 144115188075856314 0 902 1 0 5 0 415 1 1224979098644774913 401 1 1224979098644774913 433 2 72057594037927937 1224979098644774913 435 2 72057594037927938 1224979098644774913 437 2 72057594037927939 1224979098644774913 1700 1 1224979098644774914 4 0 1712 1 1224979098644774914 1702 1 1224979098644774914 1720 3 72057594037927940 1224979098644774914 0 920 2 144115188075857113 216172782113787616 5 0 402 2 1224979098644774915 1224979098644774913 31 2 1224979098644774915 2 920 2 144115188075857113 216172782113787615 5 0 920 2 144115188075857113 216172782113787614 3 0 4 0 31 2 72057594037927937 72057594037927938 920 2 144115188075857116 216172782113787611 921 2 144115188075857116 16776960 5 0 2147483678 2 72057594037927937 72057594037927938 920 2 144115188075857116 216172782113787613 921 2 144115188075857116 16711680 5 0 920 2 144115188075857116 216172782113787612 921 2 144115188075857116 65280 3 0 4 0 33 3 72057594037927939 85 110 920 2 144115188075857118 216172782113787617 921 2 144115188075857118 16776960 5 0 30 2 72057594037927939 110 920 2 144115188075857118 216172782113787618 921 2 144115188075857118 16711680 5 0 920 2 144115188075857118 216172782113783809 3 0 2320 2 5 216172782113785711 2320 2 6 216172782113785712 2320 2 7 216172782113785713 920 2 144115188075857114 216172782113787608 920 2 144115188075857115 216172782113787609 920 2 144115188075857117 216172782113787610 3 0 


